-0.29911900087701543,0.007769547325102877,0.007769547325102877,0.007769547325102877,0.007769547325102877,0.007769547325102877,0.007769547325102932,0.007769547325102877,0.007769547325102877,0.007769547325102877,0.007769547325102877,0.007769547325102877,0.007769547325102877,0.007769547325102877,0.007769547325102877,0.007769547325102932,0.007769547325102821,0.007769547325102932,0.007769547325102821,0.007769547325102932,0.007769547325102821,0.007769547325102932,0.007769547325102932,0.007769547325102821,0.007769547325102932,0.007769547325102821,0.007769547325102932,0.007769547325102932,0.007769547325102821,0.007769547325102821,0.007769547325102932,0.005990103544404657,0.005990103544404546,0.005990103544404657,0.005990103544404657,0.005990103544404546,0.005990103544404657,0.005990103544404546,0.005990103544404657,0.005990103544404657,0.005990103544404546,0.005990103544404657,0.005990103544404657,0.005990103544404546,0.005990103544404657,0.005990103544404657,0.005990103544404546,0.005990103544404657,0.005990103544404657,0.005990103544404546,0.005990103544404657,0.005990103544404657,0.005990103544404546,0.005990103544404657,0.005990103544404657,0.005990103544404546,0.005990103544404657,0.005990103544404657,0.005990103544404546,0.005990103544404546,0.005990103544404768,0.005990103544404546,8.260493827160209e-4,8.260493827161319e-4,8.260493827160209e-4,8.260493827160209e-4,8.260493827160209e-4,8.260493827161319e-4,8.260493827160209e-4,8.260493827160209e-4,8.260493827160209e-4,8.260493827161319e-4,8.260493827160209e-4,8.260493827160209e-4,8.260493827160209e-4,8.260493827161319e-4,8.260493827160209e-4,8.260493827160209e-4,8.260493827161319e-4,8.260493827160209e-4,8.260493827160209e-4,8.260493827160209e-4,8.260493827161319e-4,8.260493827160209e-4,8.260493827160209e-4,8.260493827160209e-4,8.260493827161319e-4,8.260493827160209e-4,8.260493827160209e-4,8.260493827160209e-4,8.260493827161319e-4,8.260493827160209e-4,-0.0011457387495021898,-0.0011457387495021898,-0.0011457387495021898,-0.0011457387495021898,-0.0011457387495021898,-0.0011457387495021898,-0.0011457387495021898,-0.0011457387495021898,-0.0011457387495021898,-0.0011457387495021898,-0.0011457387495021898,-0.0011457387495021898,-0.0011457387495021898,-0.0011457387495021898,-0.0011457387495021898,-0.0011457387495021898,-0.0011457387495021898,-0.0011457387495021898,-0.0011457387495021898,-0.0011457387495021898,-0.0011457387495021898,-0.0011457387495021898,-0.0011457387495021898,-0.0011457387495021898,-0.0011457387495021898,-0.0011457387495021898,-0.0011457387495021898,-0.0011457387495021898,-0.0011457387495021898,-0.0011457387495021898,-0.0011457387495021898,-0.003141716447630394,-0.003141716447630505,-0.003141716447630394,-0.003141716447630394,-0.003141716447630505,-0.003141716447630394,-0.003141716447630394,-0.003141716447630505,-0.003141716447630394,-0.003141716447630394,-0.003141716447630505,-0.003141716447630394,-0.003141716447630394,-0.003141716447630394,-0.003141716447630505,-0.003141716447630394,-0.003141716447630394,-0.003141716447630505,-0.003141716447630394,-0.003141716447630394,-0.003141716447630505,-0.003141716447630394,-0.003141716447630394,-0.003141716447630505,-0.003141716447630394,-0.003141716447630394,-0.003141716447630505,-0.003141716447630394,-0.003141716447630394,-0.003141716447630505,-0.003141716447630394,-0.01218469135802469,-0.01218469135802469,-0.01218469135802469,-0.01218469135802469,-0.01218469135802469,-0.01218469135802469,-0.01218469135802469,-0.01218469135802469,-0.01218469135802469,-0.01218469135802469,-0.01218469135802469,-0.01218469135802469,-0.01218469135802469,-0.01218469135802469,-0.01218469135802469,-0.01218469135802469,-0.01218469135802469,-0.01218469135802469,-0.012184691358024635,-0.01218469135802469,-0.01218469135802469,-0.01218469135802469,-0.012184691358024746,-0.012184691358024635,-0.01218469135802469,-0.01218469135802469,-0.01218469135802469,-0.01218469135802469,-0.01218469135802469
-0.17334857653646352,0.007273292181069979,0.007273292181069924,0.007273292181069979,0.007273292181069924,0.007273292181069979,0.007273292181069979,0.007273292181069979,0.007273292181069868,0.007273292181069979,0.007273292181069979,0.007273292181069979,0.007273292181069979,0.007273292181069868,0.007273292181069979,0.007273292181069979,0.007273292181069979,0.007273292181069979,0.007273292181069868,0.007273292181069979,0.007273292181069979,0.007273292181069979,0.007273292181069868,0.00727329218107009,0.007273292181069868,0.007273292181069979,0.007273292181069979,0.007273292181069979,0.007273292181069979,0.007273292181069868,0.007273292181069979,-0.006921365989645545,-0.006921365989645545,-0.006921365989645545,-0.006921365989645656,-0.006921365989645545,-0.006921365989645545,-0.006921365989645545,-0.006921365989645545,-0.006921365989645545,-0.006921365989645545,-0.006921365989645656,-0.006921365989645434,-0.006921365989645656,-0.006921365989645545,-0.006921365989645545,-0.006921365989645545,-0.006921365989645545,-0.006921365989645545,-0.006921365989645545,-0.006921365989645656,-0.006921365989645434,-0.006921365989645656,-0.006921365989645545,-0.006921365989645545,-0.006921365989645545,-0.0069213659896456,-0.006921365989645545,-0.006921365989645545,-0.0069213659896456,-0.006921365989645545,-0.006921365989645545,0.011150802469135801,0.011150802469135801,0.011150802469135801,0.011150802469135801,0.011150802469135801,0.011150802469135801,0.011150802469135801,0.011150802469135801,0.011150802469135801,0.011150802469135801,0.011150802469135801,0.011150802469135801,0.011150802469135801,0.011150802469135801,0.011150802469135801,0.011150802469135801,0.011150802469135801,0.011150802469135801,0.011150802469135801,0.011150802469135801,0.011150802469135801,0.011150802469135801,0.011150802469135801,0.011150802469135801,0.011150802469135801,0.011150802469135801,0.011150802469135801,0.011150802469135801,0.011150802469135801,0.011150802469135801,-0.0010212266029470118,-0.0010212266029470118,-0.0010212266029470118,-0.0010212266029471229,-0.0010212266029470118,-0.0010212266029470118,-0.0010212266029470118,-0.0010212266029470118,-0.0010212266029470118,-0.0010212266029471229,-0.0010212266029470118,-0.0010212266029470118,-0.0010212266029470118,-0.0010212266029470118,-0.0010212266029470118,-0.0010212266029471229,-0.0010212266029470118,-0.0010212266029470118,-0.0010212266029470118,-0.0010212266029470118,-0.0010212266029470118,-0.0010212266029471229,-0.0010212266029470118,-0.0010212266029470118,-0.0010212266029470118,-0.0010212266029470118,-0.0010212266029470118,-0.0010212266029470118,-0.0010212266029471229,-0.0010212266029470118,-0.0010212266029470118,-0.007275268817204306,-0.007275268817204306,-0.007275268817204306,-0.007275268817204306,-0.007275268817204306,-0.007275268817204306,-0.007275268817204306,-0.007275268817204306,-0.007275268817204306,-0.007275268817204306,-0.007275268817204306,-0.007275268817204306,-0.007275268817204306,-0.007275268817204195,-0.007275268817204417,-0.007275268817204195,-0.007275268817204306,-0.007275268817204306,-0.007275268817204417,-0.007275268817204195,-0.007275268817204306,-0.007275268817204306,-0.007275268817204306,-0.007275268817204306,-0.007275268817204306,-0.007275268817204306,-0.007275268817204306,-0.007275268817204306,-0.007275268817204306,-0.007275268817204306,-0.007275268817204306,0.003443065843621418,0.003443065843621418,0.003443065843621418,0.003443065843621307,0.003443065843621418,0.003443065843621418,0.003443065843621418,0.003443065843621418,0.003443065843621307,0.003443065843621418,0.003443065843621418,0.003443065843621418,0.003443065843621418,0.003443065843621418,0.003443065843621418,0.003443065843621307,0.003443065843621418,0.003443065843621418,0.003443065843621418,0.003443065843621418,0.003443065843621307,0.003443065843621418,0.003443065843621418,0.003443065843621418,0.003443065843621418,0.003443065843621418,0.003443065843621418,0.003443065843621307,0.003443065843621418
-0.3216252546717938,0.010823374485596726,0.01082337448559667,0.010823374485596726,0.01082337448559667,0.010823374485596726,0.010823374485596726,0.01082337448559667,0.010823374485596726,0.01082337448559667,0.010823374485596726,0.01082337448559667,0.010823374485596782,0.01082337448559667,0.01082337448559667,0.01082337448559667,0.010823374485596782,0.01082337448559667,0.01082337448559667,0.010823374485596782,0.01082337448559667,0.01082337448559667,0.010823374485596782,0.01082337448559667,0.01082337448559667,0.010823374485596782,0.01082337448559667,0.01082337448559667,0.010823374485596782,0.01082337448559656,0.010823374485596782,0.0030144763042612155,0.0030144763042613265,0.0030144763042612155,0.0030144763042612155,0.0030144763042613265,0.0030144763042612155,0.0030144763042612155,0.0030144763042613265,0.0030144763042612155,0.0030144763042613265,0.0030144763042612155,0.0030144763042612155,0.0030144763042613265,0.0030144763042612155,0.0030144763042612155,0.0030144763042613265,0.0030144763042612155,0.0030144763042612155,0.0030144763042613265,0.0030144763042612155,0.0030144763042612155,0.0030144763042613265,0.0030144763042612155,0.0030144763042612155,0.0030144763042613265,0.0030144763042612155,0.0030144763042613265,0.0030144763042612155,0.0030144763042612155,0.0030144763042613265,0.0030144763042612155,8.504938271605145e-4,8.504938271605145e-4,8.504938271604034e-4,8.504938271605145e-4,8.504938271605145e-4,8.504938271605145e-4,8.504938271605145e-4,8.504938271605145e-4,8.504938271605145e-4,8.504938271604034e-4,8.504938271605145e-4,8.504938271605145e-4,8.504938271605145e-4,8.504938271605145e-4,8.504938271604034e-4,8.504938271605145e-4,8.504938271605145e-4,8.504938271605145e-4,8.504938271605145e-4,8.504938271605145e-4,8.504938271605145e-4,8.504938271604034e-4,8.504938271605145e-4,8.504938271605145e-4,8.504938271605145e-4,8.504938271605145e-4,8.504938271604034e-4,8.504938271605145e-4,8.504938271605145e-4,8.504938271605145e-4,-0.0012080446037435744,-0.0012080446037434633,-0.0012080446037435744,-0.0012080446037435744,-0.0012080446037434633,-0.0012080446037435744,-0.0012080446037435744,-0.0012080446037434633,-0.0012080446037435744,-0.0012080446037434633,-0.0012080446037435744,-0.0012080446037435744,-0.0012080446037434633,-0.0012080446037435744,-0.0012080446037435744,-0.0012080446037434633,-0.0012080446037435744,-0.0012080446037435744,-0.0012080446037434633,-0.0012080446037435744,-0.0012080446037435744,-0.0012080446037434633,-0.0012080446037435744,-0.0012080446037434633,-0.0012080446037435744,-0.0012080446037435744,-0.0012080446037434633,-0.0012080446037435744,-0.0012080446037435744,-0.0012080446037434633,-0.0012080446037435744,-0.006631401831939443,-0.006631401831939443,-0.006631401831939443,-0.006631401831939554,-0.006631401831939443,-0.006631401831939443,-0.006631401831939443,-0.006631401831939443,-0.006631401831939443,-0.006631401831939554,-0.006631401831939443,-0.006631401831939443,-0.006631401831939443,-0.006631401831939443,-0.006631401831939554,-0.006631401831939332,-0.006631401831939554,-0.006631401831939443,-0.006631401831939443,-0.006631401831939443,-0.006631401831939443,-0.006631401831939554,-0.006631401831939443,-0.006631401831939443,-0.006631401831939443,-0.006631401831939443,-0.006631401831939443,-0.006631401831939443,-0.006631401831939554,-0.006631401831939443,-0.006631401831939443,0.002407160493827165,0.002407160493827165,0.002407160493827165,0.002407160493827165,0.002407160493827165,0.002407160493827165,0.002407160493827165,0.002407160493827054,0.002407160493827165,0.002407160493827165,0.002407160493827165,0.002407160493827165,0.002407160493827165,0.002407160493827165,0.002407160493827165,0.002407160493827165,0.002407160493827165,0.002407160493827165,0.002407160493827165,0.002407160493827165,0.002407160493827165,0.002407160493827054,0.002407160493827165,0.002407160493827165,0.002407160493827165,0.002407160493827165,0.002407160493827165,0.002407160493827165,0.002407160493827165
-0.33997625143358295,0.009015555555555554,0.009015555555555554,0.009015555555555554,0.009015555555555554,0.009015555555555554,0.009015555555555554,0.009015555555555554,0.009015555555555554,0.009015555555555554,0.009015555555555554,0.009015555555555554,0.00901555555555561,0.009015555555555554,0.009015555555555554,0.009015555555555554,0.009015555555555554,0.009015555555555554,0.009015555555555554,0.009015555555555554,0.009015555555555554,0.009015555555555554,0.009015555555555554,0.009015555555555554,0.009015555555555554,0.009015555555555554,0.009015555555555554,0.009015555555555554,0.009015555555555554,0.009015555555555554,0.009015555555555554,0.0043924133811230615,0.0043924133811230615,0.0043924133811230615,0.0043924133811230615,0.0043924133811230615,0.0043924133811230615,0.0043924133811230615,0.0043924133811230615,0.0043924133811230615,0.0043924133811230615,0.0043924133811230615,0.0043924133811230615,0.0043924133811230615,0.0043924133811230615,0.0043924133811230615,0.0043924133811230615,0.0043924133811230615,0.0043924133811230615,0.0043924133811230615,0.0043924133811230615,0.0043924133811230615,0.0043924133811230615,0.0043924133811230615,0.0043924133811230615,0.0043924133811230615,0.0043924133811230615,0.0043924133811230615,0.0043924133811230615,0.0043924133811230615,0.0043924133811230615,0.0043924133811230615,0.0016401028806584117,0.0016401028806584117,0.0016401028806585227,0.0016401028806584117,0.0016401028806584117,0.0016401028806584117,0.0016401028806584117,0.0016401028806585227,0.0016401028806584117,0.0016401028806584117,0.0016401028806584117,0.0016401028806584117,0.0016401028806585227,0.0016401028806584117,0.0016401028806584117,0.0016401028806584117,0.0016401028806584117,0.0016401028806585227,0.0016401028806584117,0.0016401028806584117,0.0016401028806584117,0.0016401028806584117,0.0016401028806585227,0.0016401028806584117,0.0016401028806584117,0.0016401028806584117,0.0016401028806584117,0.0016401028806585227,0.0016401028806584117,0.0016401028806584117,-0.0017466746316208148,-0.0017466746316209258,-0.0017466746316208148,-0.0017466746316209258,-0.0017466746316208148,-0.0017466746316209258,-0.0017466746316208148,-0.0017466746316209258,-0.0017466746316208148,-0.0017466746316209258,-0.0017466746316208148,-0.0017466746316209258,-0.0017466746316208148,-0.0017466746316209258,-0.0017466746316208148,-0.0017466746316209258,-0.0017466746316208148,-0.0017466746316209258,-0.0017466746316208148,-0.0017466746316209258,-0.0017466746316208148,-0.0017466746316209258,-0.0017466746316208148,-0.0017466746316209258,-0.0017466746316208148,-0.0017466746316209258,-0.0017466746316208148,-0.0017466746316209258,-0.0017466746316208148,-0.0017466746316208148,-0.0017466746316209258,-0.0017948028673835381,-0.0017948028673835381,-0.001794802867383427,-0.0017948028673835381,-0.0017948028673835381,-0.0017948028673835381,-0.001794802867383427,-0.0017948028673835381,-0.0017948028673835381,-0.0017948028673835381,-0.0017948028673835381,-0.001794802867383427,-0.0017948028673835381,-0.0017948028673835381,-0.0017948028673835381,-0.001794802867383427,-0.0017948028673835381,-0.0017948028673835381,-0.0017948028673835381,-0.001794802867383427,-0.0017948028673835381,-0.0017948028673835381,-0.0017948028673835381,-0.0017948028673835381,-0.001794802867383427,-0.0017948028673835381,-0.0017948028673835381,-0.0017948028673835381,-0.001794802867383427,-0.0017948028673835381,-0.0017948028673835381,-8.351851851852166e-4,-8.351851851851055e-4,-8.351851851852166e-4,-8.351851851852166e-4,-8.351851851852166e-4,-8.351851851851055e-4,-8.351851851852166e-4,-8.351851851852166e-4,-8.351851851851055e-4,-8.351851851852166e-4,-8.351851851852166e-4,-8.351851851851055e-4,-8.351851851852166e-4,-8.351851851852166e-4,-8.351851851851055e-4,-8.351851851852166e-4,-8.351851851852166e-4,-8.351851851852166e-4,-8.351851851851055e-4,-8.351851851852166e-4,-8.351851851852166e-4,-8.351851851851055e-4,-8.351851851852166e-4,-8.351851851852166e-4,-8.351851851852166e-4,-8.351851851851055e-4,-8.351851851852166e-4,-8.351851851852166e-4,-8.351851851851055e-4
-0.28926073837954525,0.010629958847736598,0.010629958847736654,0.010629958847736598,0.010629958847736654,0.010629958847736598,0.010629958847736654,0.010629958847736598,0.010629958847736654,0.010629958847736598,0.010629958847736598,0.010629958847736654,0.010629958847736654,0.010629958847736598,0.010629958847736598,0.010629958847736654,0.010629958847736654,0.010629958847736543,0.010629958847736654,0.010629958847736654,0.010629958847736543,0.010629958847736654,0.010629958847736654,0.010629958847736654,0.010629958847736654,0.010629958847736543,0.010629958847736654,0.010629958847736654,0.010629958847736543,0.010629958847736765,0.010629958847736543,-0.003668598168060533,-0.003668598168060533,-0.003668598168060533,-0.003668598168060533,-0.003668598168060533,-0.003668598168060533,-0.003668598168060533,-0.003668598168060533,-0.003668598168060533,-0.003668598168060533,-0.003668598168060533,-0.003668598168060533,-0.003668598168060533,-0.003668598168060533,-0.003668598168060533,-0.003668598168060533,-0.003668598168060533,-0.003668598168060533,-0.003668598168060533,-0.003668598168060533,-0.003668598168060533,-0.003668598168060533,-0.003668598168060533,-0.003668598168060533,-0.003668598168060533,-0.003668598168060533,-0.003668598168060533,-0.003668598168060533,-0.003668598168060533,-0.003668598168060533,-0.003668598168060533,0.007980699588477358,0.007980699588477358,0.007980699588477358,0.007980699588477358,0.007980699588477358,0.007980699588477358,0.007980699588477358,0.007980699588477469,0.007980699588477358,0.007980699588477358,0.007980699588477358,0.007980699588477358,0.007980699588477358,0.007980699588477358,0.007980699588477358,0.007980699588477358,0.007980699588477358,0.007980699588477358,0.007980699588477358,0.007980699588477358,0.007980699588477358,0.007980699588477358,0.007980699588477469,0.007980699588477358,0.007980699588477358,0.007980699588477358,0.007980699588477358,0.007980699588477358,0.007980699588477358,0.007980699588477358,-5.986658701712111e-4,-5.986658701713221e-4,-5.986658701712111e-4,-5.986658701712111e-4,-5.986658701712111e-4,-5.986658701713221e-4,-5.986658701712111e-4,-5.986658701712111e-4,-5.986658701713221e-4,-5.986658701712111e-4,-5.986658701712111e-4,-5.986658701712111e-4,-5.986658701713221e-4,-5.986658701712111e-4,-5.986658701712111e-4,-5.986658701713221e-4,-5.986658701712111e-4,-5.986658701712111e-4,-5.986658701713221e-4,-5.986658701712111e-4,-5.986658701712111e-4,-5.986658701712111e-4,-5.986658701713221e-4,-5.986658701712111e-4,-5.986658701712111e-4,-5.986658701713221e-4,-5.986658701712111e-4,-5.986658701712111e-4,-5.986658701712111e-4,-5.986658701713221e-4,-5.986658701712111e-4,-0.00591636798088413,-0.00591636798088413,-0.00591636798088413,-0.005916367980884019,-0.00591636798088413,-0.00591636798088413,-0.00591636798088413,-0.00591636798088413,-0.00591636798088413,-0.005916367980884019,-0.00591636798088413,-0.00591636798088413,-0.00591636798088413,-0.00591636798088413,-0.00591636798088413,-0.005916367980884019,-0.00591636798088413,-0.00591636798088413,-0.00591636798088413,-0.00591636798088413,-0.005916367980884019,-0.005916367980884241,-0.005916367980884019,-0.00591636798088413,-0.00591636798088413,-0.00591636798088413,-0.00591636798088413,-0.005916367980884019,-0.00591636798088413,-0.00591636798088413,-0.00591636798088413,-0.001689279835390911,-0.0016892798353910221,-0.001689279835390911,-0.001689279835390911,-0.001689279835390911,-0.0016892798353910221,-0.001689279835390911,-0.001689279835390911,-0.0016892798353910221,-0.001689279835390911,-0.001689279835390911,-0.0016892798353910221,-0.001689279835390911,-0.001689279835390911,-0.0016892798353910221,-0.001689279835390911,-0.001689279835390911,-0.001689279835390911,-0.0016892798353910221,-0.001689279835390911,-0.001689279835390911,-0.0016892798353910221,-0.001689279835390911,-0.001689279835390911,-0.001689279835390911,-0.0016892798353910221,-0.001689279835390911,-0.001689279835390911,-0.0016892798353910221
-0.20643394724414765,0.004341008230452692,0.004341008230452692,0.004341008230452581,0.004341008230452692,0.004341008230452692,0.004341008230452692,0.004341008230452692,0.004341008230452692,0.004341008230452692,0.004341008230452581,0.004341008230452692,0.004341008230452692,0.004341008230452692,0.004341008230452692,0.004341008230452581,0.004341008230452692,0.004341008230452692,0.004341008230452692,0.004341008230452692,0.004341008230452692,0.004341008230452692,0.004341008230452581,0.004341008230452692,0.004341008230452692,0.004341008230452692,0.004341008230452692,0.004341008230452581,0.004341008230452692,0.004341008230452692,0.004341008230452692,0.004849442453205843,0.004849442453205954,0.004849442453205843,0.004849442453205954,0.004849442453205843,0.004849442453205954,0.004849442453205843,0.004849442453205954,0.004849442453205843,0.004849442453205954,0.004849442453205843,0.004849442453205954,0.004849442453205843,0.004849442453205954,0.004849442453205843,0.004849442453205954,0.004849442453205843,0.004849442453205954,0.004849442453205843,0.004849442453205954,0.004849442453205843,0.004849442453205954,0.004849442453205843,0.004849442453205954,0.004849442453205843,0.004849442453205843,0.004849442453205954,0.004849442453205954,0.004849442453205843,0.004849442453205843,0.004849442453205954,6.691769547324533e-4,6.691769547325643e-4,6.691769547325643e-4,6.691769547324533e-4,6.691769547324533e-4,6.691769547325643e-4,6.691769547325643e-4,6.691769547324533e-4,6.691769547324533e-4,6.691769547325643e-4,6.691769547324533e-4,6.691769547325643e-4,6.691769547324533e-4,6.691769547325643e-4,6.691769547325643e-4,6.691769547324533e-4,6.691769547324533e-4,6.691769547325643e-4,6.691769547325643e-4,6.691769547324533e-4,6.691769547324533e-4,6.691769547325643e-4,6.691769547325643e-4,6.691769547324533e-4,6.691769547324533e-4,6.691769547325643e-4,6.691769547325643e-4,6.691769547324533e-4,6.691769547324533e-4,6.691769547325643e-4,-0.001570270808442853,-0.001570270808442853,-0.001570270808442853,-0.001570270808442853,-0.001570270808442853,-0.001570270808442853,-0.001570270808442853,-0.001570270808442853,-0.001570270808442853,-0.001570270808442853,-0.001570270808442853,-0.001570270808442853,-0.001570270808442853,-0.001570270808442853,-0.001570270808442853,-0.001570270808442742,-0.001570270808442853,-0.001570270808442853,-0.001570270808442853,-0.001570270808442853,-0.001570270808442853,-0.001570270808442853,-0.001570270808442853,-0.001570270808442853,-0.001570270808442853,-0.001570270808442853,-0.001570270808442853,-0.001570270808442853,-0.001570270808442853,-0.001570270808442853,-0.001570270808442853,-0.0018200119474313103,-0.0018200119474313103,-0.0018200119474313103,-0.0018200119474313103,-0.0018200119474313103,-0.0018200119474313103,-0.0018200119474313103,-0.0018200119474311993,-0.0018200119474313103,-0.0018200119474313103,-0.0018200119474313103,-0.0018200119474313103,-0.0018200119474313103,-0.0018200119474313103,-0.0018200119474313103,-0.0018200119474313103,-0.0018200119474313103,-0.0018200119474313103,-0.0018200119474313103,-0.0018200119474313103,-0.0018200119474313103,-0.0018200119474313103,-0.0018200119474313103,-0.0018200119474311993,-0.0018200119474313103,-0.0018200119474313103,-0.0018200119474313103,-0.0018200119474313103,-0.0018200119474313103,-0.0018200119474313103,-0.0018200119474313103,-0.0012213374485596784,-0.0012213374485596784,-0.0012213374485596784,-0.0012213374485596784,-0.0012213374485596784,-0.0012213374485596784,-0.0012213374485596784,-0.0012213374485595674,-0.0012213374485596784,-0.0012213374485596784,-0.0012213374485596784,-0.0012213374485596784,-0.0012213374485596784,-0.0012213374485596784,-0.0012213374485596784,-0.0012213374485596784,-0.0012213374485596784,-0.0012213374485596784,-0.0012213374485596784,-0.0012213374485596784,-0.0012213374485596784,-0.0012213374485596784,-0.0012213374485595674,-0.0012213374485596784,-0.0012213374485596784,-0.0012213374485596784,-0.0012213374485596784,-0.0012213374485596784,-0.0012213374485596784
-0.27798662551440334,0.007305226337448567,0.007305226337448567,0.007305226337448567,0.007305226337448512,0.007305226337448567,0.007305226337448567,0.007305226337448567,0.007305226337448567,0.007305226337448567,0.007305226337448512,0.007305226337448567,0.007305226337448567,0.007305226337448567,0.007305226337448567,0.007305226337448567,0.007305226337448567,0.007305226337448567,0.007305226337448567,0.007305226337448567,0.007305226337448512,0.007305226337448567,0.007305226337448567,0.007305226337448623,0.007305226337448456,0.007305226337448678,0.007305226337448456,0.007305226337448567,0.007305226337448567,0.007305226337448567,0.007305226337448567,0.006883791318199939,0.006883791318199939,0.006883791318199828,0.006883791318199939,0.006883791318199939,0.006883791318199939,0.006883791318199939,0.006883791318199939,0.006883791318199939,0.006883791318199828,0.006883791318199939,0.006883791318199939,0.006883791318199939,0.006883791318199939,0.006883791318199939,0.006883791318199828,0.006883791318199939,0.006883791318199939,0.006883791318199939,0.006883791318199939,0.006883791318199939,0.006883791318199828,0.006883791318199939,0.006883791318199939,0.006883791318199939,0.006883791318199939,0.006883791318199939,0.006883791318199939,0.006883791318199828,0.006883791318199939,0.006883791318199939,9.192181069959116e-4,9.192181069958005e-4,9.192181069959116e-4,9.192181069959116e-4,9.192181069959116e-4,9.192181069958005e-4,9.192181069959116e-4,9.192181069959116e-4,9.192181069959116e-4,9.192181069958005e-4,9.192181069959116e-4,9.192181069959116e-4,9.192181069959116e-4,9.192181069958005e-4,9.192181069959116e-4,9.192181069959116e-4,9.192181069958005e-4,9.192181069959116e-4,9.192181069959116e-4,9.192181069959116e-4,9.192181069958005e-4,9.192181069959116e-4,9.192181069959116e-4,9.192181069959116e-4,9.192181069958005e-4,9.192181069959116e-4,9.192181069959116e-4,9.192181069959116e-4,9.192181069958005e-4,9.192181069959116e-4,-0.0027350059737156762,-0.002735005973715565,-0.0027350059737156762,-0.0027350059737156762,-0.0027350059737156762,-0.002735005973715565,-0.0027350059737156762,-0.0027350059737156762,-0.0027350059737156762,-0.002735005973715565,-0.0027350059737156762,-0.0027350059737156762,-0.0027350059737156762,-0.002735005973715565,-0.0027350059737156762,-0.0027350059737156762,-0.0027350059737156762,-0.002735005973715565,-0.0027350059737156762,-0.0027350059737156762,-0.0027350059737156762,-0.002735005973715565,-0.0027350059737156762,-0.0027350059737156762,-0.0027350059737156762,-0.002735005973715565,-0.0027350059737156762,-0.0027350059737156762,-0.002735005973715565,-0.0027350059737156762,-0.0027350059737156762,-0.010678594185583479,-0.010678594185583368,-0.010678594185583479,-0.010678594185583368,-0.010678594185583479,-0.010678594185583479,-0.010678594185583368,-0.010678594185583479,-0.010678594185583368,-0.010678594185583479,-0.010678594185583479,-0.010678594185583368,-0.010678594185583479,-0.010678594185583368,-0.010678594185583479,-0.010678594185583479,-0.010678594185583368,-0.010678594185583479,-0.010678594185583368,-0.010678594185583479,-0.010678594185583423,-0.010678594185583423,-0.010678594185583479,-0.010678594185583423,-0.010678594185583423,-0.010678594185583423,-0.010678594185583423,-0.010678594185583423,-0.010678594185583423,-0.010678594185583479,-0.010678594185583423,0.007656872427983519,0.007656872427983574,0.007656872427983519,0.007656872427983519,0.007656872427983574,0.007656872427983519,0.007656872427983574,0.007656872427983519,0.007656872427983519,0.007656872427983519,0.007656872427983574,0.007656872427983574,0.007656872427983519,0.007656872427983519,0.007656872427983519,0.007656872427983519,0.007656872427983519,0.00765687242798363,0.007656872427983519,0.007656872427983519,0.007656872427983519,0.00765687242798363,0.007656872427983519,0.007656872427983519,0.007656872427983519,0.007656872427983519,0.007656872427983519,0.00765687242798363,0.007656872427983519
-0.14196672063684823,0.003758127572016434,0.0037581275720165452,0.003758127572016434,0.003758127572016434,0.003758127572016434,0.0037581275720165452,0.003758127572016434,0.003758127572016434,0.003758127572016434,0.0037581275720165452,0.003758127572016434,0.003758127572016434,0.0037581275720165452,0.003758127572016434,0.003758127572016434,0.003758127572016434,0.003758127572016434,0.0037581275720165452,0.003758127572016434,0.003758127572016434,0.0037581275720165452,0.003758127572016434,0.003758127572016434,0.003758127572016434,0.0037581275720165452,0.003758127572016434,0.003758127572016434,0.0037581275720165452,0.003758127572016434,0.003758127572016434,-9.663679808841197e-4,-9.663679808841197e-4,-9.663679808841197e-4,-9.663679808841197e-4,-9.663679808841197e-4,-9.663679808840087e-4,-9.663679808841197e-4,-9.663679808841197e-4,-9.663679808841197e-4,-9.663679808841197e-4,-9.663679808841197e-4,-9.663679808841197e-4,-9.663679808841197e-4,-9.663679808841197e-4,-9.663679808841197e-4,-9.663679808840087e-4,-9.663679808841197e-4,-9.663679808841197e-4,-9.663679808841197e-4,-9.663679808841197e-4,-9.663679808841197e-4,-9.663679808841197e-4,-9.663679808841197e-4,-9.663679808841197e-4,-9.663679808841197e-4,-9.663679808841197e-4,-9.663679808840087e-4,-9.663679808841197e-4,-9.663679808841197e-4,-9.663679808841197e-4,-9.663679808841197e-4,0.005962674897119324,0.005962674897119324,0.005962674897119324,0.0059626748971194354,0.005962674897119324,0.005962674897119324,0.005962674897119324,0.005962674897119324,0.005962674897119324,0.005962674897119324,0.005962674897119324,0.0059626748971194354,0.005962674897119324,0.005962674897119324,0.005962674897119324,0.005962674897119324,0.005962674897119324,0.005962674897119324,0.005962674897119324,0.0059626748971194354,0.005962674897119324,0.005962674897119324,0.005962674897119324,0.005962674897119324,0.0059626748971194354,0.005962674897119324,0.005962674897119324,0.005962674897119324,0.005962674897119324,0.005962674897119324,-0.0019914774990044126,-0.0019914774990043016,-0.0019914774990044126,-0.0019914774990044126,-0.0019914774990043016,-0.0019914774990044126,-0.0019914774990044126,-0.0019914774990043016,-0.0019914774990044126,-0.0019914774990044126,-0.0019914774990043016,-0.0019914774990044126,-0.0019914774990044126,-0.0019914774990043016,-0.0019914774990044126,-0.0019914774990044126,-0.0019914774990043016,-0.0019914774990044126,-0.0019914774990044126,-0.0019914774990044126,-0.0019914774990043016,-0.0019914774990044126,-0.0019914774990044126,-0.0019914774990043016,-0.0019914774990044126,-0.0019914774990044126,-0.0019914774990043016,-0.0019914774990044126,-0.0019914774990044126,-0.0019914774990043016,-0.0019914774990044126,-0.002163878932696095,-0.002163878932696206,-0.002163878932696095,-0.002163878932696206,-0.002163878932696095,-0.002163878932696095,-0.002163878932696206,-0.002163878932696095,-0.002163878932696206,-0.002163878932696095,-0.002163878932696095,-0.002163878932696206,-0.002163878932696095,-0.002163878932696095,-0.002163878932696206,-0.002163878932696095,-0.002163878932696206,-0.002163878932696095,-0.002163878932696095,-0.002163878932696206,-0.002163878932696095,-0.002163878932696206,-0.002163878932696095,-0.002163878932696095,-0.002163878932696206,-0.002163878932696095,-0.002163878932696095,-0.002163878932696206,-0.002163878932696095,-0.002163878932696206,-0.002163878932696095,-3.2351851851852853e-4,-3.2351851851852853e-4,-3.2351851851852853e-4,-3.2351851851852853e-4,-3.2351851851852853e-4,-3.2351851851852853e-4,-3.2351851851852853e-4,-3.235185185184175e-4,-3.2351851851852853e-4,-3.2351851851852853e-4,-3.2351851851852853e-4,-3.2351851851852853e-4,-3.2351851851852853e-4,-3.2351851851852853e-4,-3.2351851851852853e-4,-3.2351851851852853e-4,-3.2351851851852853e-4,-3.2351851851852853e-4,-3.2351851851852853e-4,-3.2351851851852853e-4,-3.2351851851852853e-4,-3.2351851851852853e-4,-3.235185185184175e-4,-3.2351851851852853e-4,-3.2351851851852853e-4,-3.2351851851852853e-4,-3.2351851851852853e-4,-3.2351851851852853e-4,-3.2351851851852853e-4
-0.18279537205693852,0.004729979423868325,0.004729979423868325,0.004729979423868325,0.004729979423868325,0.004729979423868325,0.004729979423868214,0.004729979423868325,0.004729979423868325,0.004729979423868325,0.004729979423868325,0.004729979423868325,0.004729979423868325,0.004729979423868325,0.004729979423868325,0.004729979423868214,0.004729979423868325,0.004729979423868325,0.004729979423868325,0.004729979423868325,0.004729979423868325,0.004729979423868325,0.004729979423868325,0.004729979423868325,0.004729979423868325,0.004729979423868325,0.004729979423868214,0.004729979423868325,0.004729979423868325,0.004729979423868325,0.004729979423868325,0.0019755475906013675,0.0019755475906013675,0.0019755475906013675,0.0019755475906012565,0.0019755475906013675,0.0019755475906013675,0.0019755475906013675,0.0019755475906013675,0.0019755475906013675,0.0019755475906013675,0.0019755475906013675,0.0019755475906012565,0.0019755475906013675,0.0019755475906013675,0.0019755475906013675,0.0019755475906013675,0.0019755475906013675,0.0019755475906013675,0.0019755475906013675,0.0019755475906012565,0.0019755475906013675,0.0019755475906013675,0.0019755475906013675,0.0019755475906013675,0.0019755475906013675,0.0019755475906013675,0.0019755475906012565,0.0019755475906013675,0.0019755475906013675,0.0019755475906013675,0.0019755475906013675,0.0029637654320987528,0.0029637654320987528,0.0029637654320987528,0.0029637654320988638,0.0029637654320987528,0.0029637654320987528,0.0029637654320987528,0.0029637654320987528,0.0029637654320987528,0.0029637654320987528,0.0029637654320987528,0.0029637654320988638,0.0029637654320987528,0.0029637654320987528,0.0029637654320987528,0.0029637654320987528,0.0029637654320987528,0.0029637654320987528,0.0029637654320988638,0.0029637654320987528,0.0029637654320987528,0.0029637654320987528,0.0029637654320987528,0.0029637654320987528,0.0029637654320987528,0.0029637654320988638,0.0029637654320987528,0.0029637654320987528,0.0029637654320987528,0.0029637654320987528,-9.31600955794476e-4,-9.31600955794587e-4,-9.31600955794476e-4,-9.31600955794476e-4,-9.31600955794476e-4,-9.31600955794587e-4,-9.31600955794476e-4,-9.31600955794476e-4,-9.31600955794476e-4,-9.31600955794587e-4,-9.31600955794476e-4,-9.31600955794476e-4,-9.31600955794476e-4,-9.31600955794587e-4,-9.31600955794476e-4,-9.31600955794476e-4,-9.31600955794476e-4,-9.31600955794587e-4,-9.31600955794476e-4,-9.31600955794476e-4,-9.31600955794476e-4,-9.31600955794587e-4,-9.31600955794476e-4,-9.31600955794476e-4,-9.31600955794476e-4,-9.31600955794587e-4,-9.31600955794476e-4,-9.31600955794476e-4,-9.31600955794476e-4,-9.31600955794587e-4,-9.31600955794476e-4,-0.00391571087216247,-0.00391571087216247,-0.00391571087216247,-0.003915710872162581,-0.00391571087216247,-0.00391571087216247,-0.00391571087216247,-0.00391571087216247,-0.00391571087216247,-0.003915710872162581,-0.00391571087216247,-0.00391571087216247,-0.00391571087216247,-0.00391571087216247,-0.00391571087216247,-0.003915710872162581,-0.00391571087216247,-0.00391571087216247,-0.00391571087216247,-0.00391571087216247,-0.00391571087216247,-0.003915710872162581,-0.00391571087216247,-0.00391571087216247,-0.00391571087216247,-0.00391571087216247,-0.00391571087216247,-0.00391571087216247,-0.003915710872162581,-0.00391571087216247,-0.00391571087216247,-0.001192427983539135,-0.001192427983539024,-0.001192427983539135,-0.001192427983539135,-0.001192427983539024,-0.001192427983539135,-0.001192427983539024,-0.001192427983539135,-0.001192427983539135,-0.001192427983539024,-0.001192427983539135,-0.001192427983539135,-0.001192427983539024,-0.001192427983539135,-0.001192427983539024,-0.001192427983539135,-0.001192427983539135,-0.001192427983539024,-0.001192427983539135,-0.001192427983539135,-0.001192427983539024,-0.001192427983539135,-0.001192427983539135,-0.001192427983539024,-0.001192427983539135,-0.001192427983539024,-0.001192427983539135,-0.001192427983539135,-0.001192427983539024
-0.324376922687715,0.009593806584362152,0.009593806584362152,0.009593806584362097,0.009593806584362152,0.009593806584362152,0.009593806584362152,0.009593806584362097,0.009593806584362152,0.009593806584362152,0.009593806584362152,0.009593806584362152,0.009593806584362152,0.009593806584362152,0.009593806584362097,0.009593806584362152,0.009593806584362097,0.009593806584362152,0.009593806584362152,0.009593806584362152,0.009593806584362152,0.009593806584362152,0.009593806584362152,0.009593806584362152,0.009593806584362152,0.009593806584362152,0.009593806584362152,0.009593806584362152,0.009593806584362041,0.009593806584362152,0.009593806584362152,0.0044807048984468745,0.0044807048984467635,0.0044807048984468745,0.0044807048984467635,0.0044807048984468745,0.0044807048984468745,0.0044807048984467635,0.0044807048984468745,0.0044807048984468745,0.0044807048984467635,0.0044807048984468745,0.0044807048984467635,0.0044807048984468745,0.0044807048984468745,0.0044807048984467635,0.0044807048984468745,0.0044807048984467635,0.0044807048984468745,0.0044807048984468745,0.0044807048984467635,0.0044807048984468745,0.0044807048984467635,0.0044807048984468745,0.0044807048984468745,0.0044807048984467635,0.0044807048984468745,0.0044807048984468745,0.0044807048984467635,0.0044807048984468745,0.0044807048984468745,0.0044807048984467635,-1.1409465020573162e-4,-1.1409465020584264e-4,-1.1409465020573162e-4,-1.1409465020573162e-4,-1.1409465020573162e-4,-1.1409465020584264e-4,-1.1409465020573162e-4,-1.1409465020573162e-4,-1.1409465020573162e-4,-1.1409465020584264e-4,-1.1409465020573162e-4,-1.1409465020573162e-4,-1.1409465020573162e-4,-1.1409465020584264e-4,-1.1409465020573162e-4,-1.1409465020573162e-4,-1.1409465020584264e-4,-1.1409465020573162e-4,-1.1409465020573162e-4,-1.1409465020573162e-4,-1.1409465020584264e-4,-1.1409465020573162e-4,-1.1409465020573162e-4,-1.1409465020573162e-4,-1.1409465020584264e-4,-1.1409465020573162e-4,-1.1409465020573162e-4,-1.1409465020573162e-4,-1.1409465020584264e-4,-1.1409465020573162e-4,-6.51393866985317e-4,-6.51393866985206e-4,-6.51393866985317e-4,-6.51393866985206e-4,-6.51393866985317e-4,-6.51393866985206e-4,-6.51393866985317e-4,-6.51393866985206e-4,-6.51393866985317e-4,-6.51393866985206e-4,-6.51393866985317e-4,-6.51393866985206e-4,-6.51393866985317e-4,-6.51393866985206e-4,-6.51393866985317e-4,-6.51393866985206e-4,-6.51393866985317e-4,-6.51393866985206e-4,-6.51393866985317e-4,-6.51393866985206e-4,-6.51393866985317e-4,-6.51393866985206e-4,-6.51393866985317e-4,-6.51393866985206e-4,-6.51393866985317e-4,-6.51393866985206e-4,-6.51393866985317e-4,-6.51393866985206e-4,-6.51393866985317e-4,-6.51393866985317e-4,-6.51393866985206e-4,-0.0023286140979689174,-0.0023286140979689174,-0.0023286140979689174,-0.0023286140979690284,-0.0023286140979689174,-0.0023286140979689174,-0.0023286140979689174,-0.0023286140979689174,-0.0023286140979689174,-0.0023286140979690284,-0.0023286140979689174,-0.0023286140979689174,-0.0023286140979689174,-0.0023286140979689174,-0.0023286140979689174,-0.0023286140979690284,-0.0023286140979689174,-0.0023286140979689174,-0.0023286140979689174,-0.0023286140979689174,-0.0023286140979689174,-0.0023286140979690284,-0.0023286140979689174,-0.0023286140979689174,-0.0023286140979689174,-0.0023286140979689174,-0.0023286140979689174,-0.0023286140979689174,-0.0023286140979690284,-0.0023286140979689174,-0.0023286140979689174,-0.006275452674897153,-0.006275452674897042,-0.006275452674897153,-0.006275452674897153,-0.006275452674897153,-0.006275452674897042,-0.006275452674897153,-0.006275452674897153,-0.006275452674897042,-0.006275452674897153,-0.006275452674897153,-0.006275452674897153,-0.006275452674897042,-0.006275452674897153,-0.006275452674897153,-0.006275452674897153,-0.006275452674897042,-0.006275452674897153,-0.006275452674897153,-0.006275452674897042,-0.006275452674897153,-0.006275452674897153,-0.006275452674897153,-0.006275452674897042,-0.006275452674897153,-0.006275452674897153,-0.006275452674897042,-0.006275452674897153,-0.006275452674897153
-0.25527496626863666,0.008107860082304519,0.008107860082304519,0.008107860082304574,0.008107860082304519,0.008107860082304519,0.008107860082304519,0.008107860082304519,0.008107860082304574,0.008107860082304463,0.008107860082304574,0.008107860082304574,0.008107860082304463,0.008107860082304574,0.008107860082304463,0.008107860082304574,0.008107860082304574,0.008107860082304463,0.008107860082304574,0.008107860082304463,0.008107860082304574,0.008107860082304574,0.008107860082304463,0.008107860082304574,0.008107860082304463,0.008107860082304574,0.008107860082304574,0.008107860082304463,0.008107860082304574,0.008107860082304463,0.008107860082304574,0.0018488251692553304,0.0018488251692552193,0.0018488251692553304,0.0018488251692552193,0.0018488251692553304,0.0018488251692552193,0.0018488251692553304,0.0018488251692552193,0.0018488251692553304,0.0018488251692552193,0.0018488251692553304,0.0018488251692552193,0.0018488251692553304,0.0018488251692552193,0.0018488251692553304,0.0018488251692552193,0.0018488251692553304,0.0018488251692552193,0.0018488251692553304,0.0018488251692552193,0.0018488251692553304,0.0018488251692552193,0.0018488251692553304,0.0018488251692552193,0.0018488251692553304,0.0018488251692552193,0.0018488251692553304,0.0018488251692552193,0.0018488251692553304,0.0018488251692553304,0.0018488251692552193,8.860905349794557e-4,8.860905349793446e-4,8.860905349794557e-4,8.860905349794557e-4,8.860905349793446e-4,8.860905349794557e-4,8.860905349794557e-4,8.860905349793446e-4,8.860905349794557e-4,8.860905349794557e-4,8.860905349793446e-4,8.860905349794557e-4,8.860905349794557e-4,8.860905349793446e-4,8.860905349794557e-4,8.860905349794557e-4,8.860905349793446e-4,8.860905349794557e-4,8.860905349794557e-4,8.860905349793446e-4,8.860905349794557e-4,8.860905349794557e-4,8.860905349793446e-4,8.860905349794557e-4,8.860905349794557e-4,8.860905349793446e-4,8.860905349794557e-4,8.860905349794557e-4,8.860905349793446e-4,8.860905349794557e-4,-3.756670649143201e-4,-3.7566706491443114e-4,-3.756670649143201e-4,-3.7566706491443114e-4,-3.756670649143201e-4,-3.7566706491443114e-4,-3.756670649143201e-4,-3.7566706491443114e-4,-3.756670649143201e-4,-3.7566706491443114e-4,-3.756670649143201e-4,-3.7566706491443114e-4,-3.756670649143201e-4,-3.7566706491443114e-4,-3.756670649143201e-4,-3.7566706491443114e-4,-3.756670649143201e-4,-3.7566706491443114e-4,-3.756670649143201e-4,-3.7566706491443114e-4,-3.756670649143201e-4,-3.7566706491443114e-4,-3.756670649143201e-4,-3.7566706491443114e-4,-3.756670649143201e-4,-3.7566706491443114e-4,-3.756670649143201e-4,-3.7566706491443114e-4,-3.756670649143201e-4,-3.7566706491443114e-4,-3.756670649143201e-4,-0.002208602150537642,-0.002208602150537642,-0.002208602150537642,-0.002208602150537642,-0.002208602150537642,-0.002208602150537642,-0.002208602150537642,-0.002208602150537531,-0.002208602150537642,-0.002208602150537642,-0.002208602150537642,-0.002208602150537642,-0.002208602150537642,-0.002208602150537642,-0.002208602150537642,-0.002208602150537642,-0.002208602150537642,-0.002208602150537642,-0.002208602150537642,-0.002208602150537642,-0.002208602150537642,-0.002208602150537642,-0.002208602150537531,-0.002208602150537642,-0.002208602150537642,-0.002208602150537642,-0.002208602150537642,-0.002208602150537642,-0.002208602150537642,-0.002208602150537642,-0.002208602150537642,-0.0017094855967078049,-0.0017094855967078049,-0.0017094855967078049,-0.0017094855967079159,-0.0017094855967078049,-0.0017094855967078049,-0.0017094855967078049,-0.0017094855967078049,-0.0017094855967078049,-0.0017094855967078049,-0.0017094855967078049,-0.0017094855967079159,-0.0017094855967078049,-0.0017094855967078049,-0.0017094855967078049,-0.0017094855967078049,-0.0017094855967078049,-0.0017094855967078049,-0.0017094855967079159,-0.0017094855967078049,-0.0017094855967078049,-0.0017094855967078049,-0.0017094855967078049,-0.0017094855967078049,-0.0017094855967078049,-0.0017094855967079159,-0.0017094855967078049,-0.0017094855967078049,-0.0017094855967078049
-0.23188651588747217,0.006201172839506164,0.006201172839506219,0.006201172839506164,0.006201172839506164,0.006201172839506164,0.006201172839506164,0.006201172839506164,0.006201172839506164,0.006201172839506275,0.006201172839506164,0.006201172839506164,0.006201172839506164,0.006201172839506164,0.006201172839506164,0.006201172839506164,0.006201172839506164,0.006201172839506164,0.006201172839506275,0.006201172839506164,0.006201172839506164,0.006201172839506164,0.006201172839506164,0.006201172839506164,0.006201172839506164,0.006201172839506275,0.006201172839506164,0.006201172839506164,0.006201172839506164,0.006201172839506164,0.006201172839506164,0.00336045400238949,0.00336045400238949,0.00336045400238949,0.00336045400238949,0.00336045400238949,0.00336045400238949,0.00336045400238949,0.003360454002389379,0.00336045400238949,0.00336045400238949,0.00336045400238949,0.00336045400238949,0.00336045400238949,0.00336045400238949,0.00336045400238949,0.00336045400238949,0.00336045400238949,0.00336045400238949,0.00336045400238949,0.00336045400238949,0.00336045400238949,0.00336045400238949,0.003360454002389379,0.00336045400238949,0.00336045400238949,0.00336045400238949,0.00336045400238949,0.00336045400238949,0.00336045400238949,0.00336045400238949,0.00336045400238949,6.135390946502284e-4,6.135390946502284e-4,6.135390946501174e-4,6.135390946502284e-4,6.135390946502284e-4,6.135390946502284e-4,6.135390946502284e-4,6.135390946501174e-4,6.135390946502284e-4,6.135390946502284e-4,6.135390946502284e-4,6.135390946502284e-4,6.135390946501174e-4,6.135390946502284e-4,6.135390946502284e-4,6.135390946502284e-4,6.135390946502284e-4,6.135390946501174e-4,6.135390946502284e-4,6.135390946502284e-4,6.135390946502284e-4,6.135390946502284e-4,6.135390946501174e-4,6.135390946502284e-4,6.135390946502284e-4,6.135390946502284e-4,6.135390946502284e-4,6.135390946501174e-4,6.135390946502284e-4,6.135390946502284e-4,-7.21405814416598e-4,-7.21405814416487e-4,-7.21405814416598e-4,-7.21405814416598e-4,-7.21405814416598e-4,-7.21405814416487e-4,-7.21405814416598e-4,-7.21405814416598e-4,-7.21405814416487e-4,-7.21405814416598e-4,-7.21405814416598e-4,-7.21405814416598e-4,-7.21405814416487e-4,-7.21405814416598e-4,-7.21405814416598e-4,-7.21405814416487e-4,-7.21405814416598e-4,-7.21405814416598e-4,-7.21405814416487e-4,-7.21405814416598e-4,-7.21405814416598e-4,-7.21405814416598e-4,-7.21405814416487e-4,-7.21405814416598e-4,-7.21405814416598e-4,-7.21405814416487e-4,-7.21405814416598e-4,-7.21405814416598e-4,-7.21405814416598e-4,-7.21405814416487e-4,-7.21405814416598e-4,-0.0015024093986459874,-0.0015024093986458764,-0.0015024093986459874,-0.0015024093986459874,-0.0015024093986459874,-0.0015024093986458764,-0.0015024093986459874,-0.0015024093986459874,-0.0015024093986459874,-0.0015024093986458764,-0.0015024093986459874,-0.0015024093986459874,-0.0015024093986459874,-0.0015024093986458764,-0.0015024093986459874,-0.0015024093986459874,-0.0015024093986459874,-0.0015024093986458764,-0.0015024093986459874,-0.0015024093986459874,-0.0015024093986459874,-0.0015024093986458764,-0.0015024093986459874,-0.0015024093986459874,-0.0015024093986459874,-0.0015024093986458764,-0.0015024093986459874,-0.0015024093986459874,-0.0015024093986458764,-0.0015024093986459874,-0.0015024093986459874,-0.002671893004115189,-0.0026718930041153,-0.002671893004115189,-0.002671893004115189,-0.0026718930041153,-0.002671893004115189,-0.0026718930041153,-0.002671893004115189,-0.002671893004115189,-0.0026718930041153,-0.002671893004115189,-0.002671893004115189,-0.0026718930041153,-0.002671893004115189,-0.0026718930041153,-0.002671893004115189,-0.002671893004115189,-0.0026718930041153,-0.002671893004115189,-0.002671893004115189,-0.0026718930041153,-0.002671893004115189,-0.002671893004115189,-0.0026718930041153,-0.002671893004115189,-0.0026718930041153,-0.002671893004115189,-0.002671893004115189,-0.0026718930041153
-0.29201632935303246,0.01085440329218107,0.01085440329218107,0.01085440329218107,0.01085440329218107,0.01085440329218107,0.01085440329218107,0.01085440329218107,0.01085440329218107,0.01085440329218107,0.01085440329218107,0.010854403292181014,0.010854403292181125,0.010854403292181014,0.010854403292181125,0.010854403292181125,0.010854403292181014,0.010854403292181014,0.010854403292181125,0.010854403292181125,0.010854403292181014,0.010854403292181014,0.010854403292181125,0.010854403292181125,0.010854403292181014,0.010854403292181014,0.010854403292181125,0.010854403292181125,0.010854403292181014,0.010854403292181014,0.010854403292181125,0.0016880326563122328,0.0016880326563122328,0.0016880326563122328,0.0016880326563122328,0.0016880326563122328,0.0016880326563122328,0.0016880326563122328,0.0016880326563121217,0.0016880326563122328,0.0016880326563122328,0.0016880326563122328,0.0016880326563122328,0.0016880326563122328,0.0016880326563122328,0.0016880326563122328,0.0016880326563122328,0.0016880326563122328,0.0016880326563122328,0.0016880326563122328,0.0016880326563122328,0.0016880326563122328,0.0016880326563122328,0.0016880326563121217,0.0016880326563122328,0.0016880326563122328,0.0016880326563122328,0.0016880326563122328,0.0016880326563122328,0.0016880326563122328,0.0016880326563122328,0.0016880326563122328,-0.0023584567901234754,-0.0023584567901234754,-0.0023584567901233644,-0.0023584567901234754,-0.0023584567901234754,-0.0023584567901234754,-0.0023584567901234754,-0.0023584567901234754,-0.0023584567901234754,-0.0023584567901233644,-0.0023584567901234754,-0.0023584567901234754,-0.0023584567901234754,-0.0023584567901234754,-0.0023584567901233644,-0.0023584567901234754,-0.0023584567901234754,-0.0023584567901234754,-0.0023584567901234754,-0.0023584567901234754,-0.0023584567901234754,-0.0023584567901233644,-0.0023584567901234754,-0.0023584567901234754,-0.0023584567901234754,-0.0023584567901234754,-0.0023584567901233644,-0.0023584567901234754,-0.0023584567901234754,-0.0023584567901234754,0.001897988849064114,0.001897988849064114,0.001897988849064114,0.001897988849064114,0.001897988849064114,0.001897988849064114,0.001897988849064114,0.001897988849064114,0.001897988849064114,0.001897988849064114,0.001897988849064114,0.001897988849064114,0.001897988849064114,0.001897988849064114,0.001897988849064114,0.001897988849064225,0.001897988849064003,0.001897988849064225,0.001897988849064114,0.001897988849064114,0.001897988849064114,0.001897988849064114,0.001897988849064114,0.001897988849064114,0.001897988849064114,0.001897988849064114,0.001897988849064114,0.001897988849064114,0.001897988849064114,0.001897988849064114,0.001897988849064114,-0.004301991238550351,-0.004301991238550351,-0.004301991238550462,-0.004301991238550351,-0.004301991238550351,-0.004301991238550351,-0.004301991238550462,-0.004301991238550351,-0.004301991238550351,-0.004301991238550351,-0.004301991238550351,-0.004301991238550462,-0.004301991238550351,-0.004301991238550351,-0.004301991238550351,-0.004301991238550462,-0.004301991238550351,-0.004301991238550351,-0.004301991238550351,-0.004301991238550462,-0.004301991238550351,-0.004301991238550351,-0.004301991238550351,-0.004301991238550351,-0.004301991238550462,-0.004301991238550351,-0.004301991238550351,-0.004301991238550351,-0.004301991238550351,-0.004301991238550462,-0.004301991238550351,0.001819362139917735,0.001819362139917624,0.001819362139917735,0.001819362139917735,0.001819362139917624,0.001819362139917735,0.001819362139917624,0.001819362139917735,0.001819362139917735,0.001819362139917624,0.001819362139917735,0.001819362139917735,0.001819362139917624,0.001819362139917735,0.001819362139917624,0.001819362139917735,0.001819362139917735,0.001819362139917624,0.001819362139917735,0.001819362139917735,0.001819362139917624,0.001819362139917735,0.001819362139917735,0.001819362139917624,0.001819362139917735,0.001819362139917735,0.001819362139917624,0.001819362139917735,0.001819362139917624
-0.3594656412332186,0.012811831275720165,0.012811831275720165,0.012811831275720165,0.012811831275720165,0.012811831275720165,0.012811831275720165,0.012811831275720165,0.012811831275720165,0.012811831275720165,0.012811831275720165,0.012811831275720165,0.01281183127572022,0.012811831275720165,0.012811831275720165,0.012811831275720165,0.012811831275720165,0.012811831275720165,0.012811831275720165,0.012811831275720165,0.012811831275720165,0.012811831275720165,0.012811831275720165,0.012811831275720165,0.012811831275720165,0.012811831275720165,0.012811831275720165,0.012811831275720165,0.012811831275720165,0.012811831275720165,0.012811831275720165,-2.0123456790122063e-4,-2.0123456790122063e-4,-2.0123456790122063e-4,-2.0123456790133165e-4,-2.0123456790122063e-4,-2.0123456790122063e-4,-2.0123456790122063e-4,-2.0123456790122063e-4,-2.0123456790122063e-4,-2.0123456790122063e-4,-2.0123456790122063e-4,-2.0123456790133165e-4,-2.0123456790122063e-4,-2.0123456790122063e-4,-2.0123456790122063e-4,-2.0123456790122063e-4,-2.0123456790122063e-4,-2.0123456790122063e-4,-2.0123456790122063e-4,-2.0123456790133165e-4,-2.0123456790122063e-4,-2.0123456790122063e-4,-2.0123456790122063e-4,-2.0123456790122063e-4,-2.0123456790122063e-4,-2.0123456790122063e-4,-2.0123456790122063e-4,-2.0123456790133165e-4,-2.0123456790122063e-4,-2.0123456790122063e-4,-2.0123456790122063e-4,0.0029676131687242924,0.0029676131687242924,0.0029676131687242924,0.0029676131687241813,0.0029676131687242924,0.0029676131687242924,0.0029676131687242924,0.0029676131687242924,0.0029676131687242924,0.0029676131687242924,0.0029676131687242924,0.0029676131687241813,0.0029676131687242924,0.0029676131687242924,0.0029676131687242924,0.0029676131687242924,0.0029676131687242924,0.0029676131687242924,0.0029676131687241813,0.0029676131687242924,0.0029676131687242924,0.0029676131687242924,0.0029676131687242924,0.0029676131687242924,0.0029676131687242924,0.0029676131687241813,0.0029676131687242924,0.0029676131687242924,0.0029676131687242924,0.0029676131687242924,-0.0024988649940262952,-0.0024988649940262952,-0.0024988649940262952,-0.0024988649940261842,-0.0024988649940262952,-0.0024988649940262952,-0.0024988649940262952,-0.0024988649940262952,-0.0024988649940262952,-0.0024988649940262952,-0.0024988649940262952,-0.0024988649940261842,-0.0024988649940262952,-0.0024988649940262952,-0.0024988649940262952,-0.0024988649940262952,-0.0024988649940262952,-0.0024988649940262952,-0.0024988649940262952,-0.0024988649940261842,-0.0024988649940262952,-0.0024988649940262952,-0.0024988649940262952,-0.0024988649940262952,-0.0024988649940262952,-0.0024988649940262952,-0.0024988649940261842,-0.0024988649940262952,-0.0024988649940262952,-0.0024988649940262952,-0.0024988649940262952,-3.1668657905215003e-4,-3.1668657905215003e-4,-3.1668657905226105e-4,-3.1668657905215003e-4,-3.1668657905215003e-4,-3.1668657905215003e-4,-3.1668657905226105e-4,-3.1668657905215003e-4,-3.1668657905215003e-4,-3.1668657905215003e-4,-3.1668657905215003e-4,-3.1668657905226105e-4,-3.1668657905215003e-4,-3.1668657905215003e-4,-3.1668657905215003e-4,-3.1668657905226105e-4,-3.1668657905215003e-4,-3.1668657905215003e-4,-3.1668657905215003e-4,-3.1668657905226105e-4,-3.1668657905215003e-4,-3.1668657905215003e-4,-3.1668657905215003e-4,-3.1668657905215003e-4,-3.1668657905226105e-4,-3.1668657905215003e-4,-3.1668657905215003e-4,-3.1668657905215003e-4,-3.1668657905226105e-4,-3.1668657905215003e-4,-3.1668657905215003e-4,-0.002057510288065889,-0.002057510288065778,-0.002057510288065889,-0.002057510288065778,-0.002057510288065889,-0.002057510288065889,-0.002057510288065778,-0.002057510288065889,-0.002057510288065778,-0.002057510288065889,-0.002057510288065889,-0.002057510288065778,-0.002057510288065889,-0.002057510288065778,-0.002057510288065889,-0.002057510288065889,-0.002057510288065778,-0.002057510288065889,-0.002057510288065778,-0.002057510288065889,-0.002057510288065889,-0.002057510288065778,-0.002057510288065889,-0.002057510288065778,-0.002057510288065889,-0.002057510288065889,-0.002057510288065778,-0.002057510288065889,-0.002057510288065778
-0.13871093233488507,0.0023363374485596555,0.0023363374485596555,0.0023363374485597665,0.0023363374485596555,0.0023363374485596555,0.0023363374485596555,0.0023363374485596555,0.0023363374485596555,0.0023363374485596555,0.0023363374485597665,0.0023363374485596555,0.0023363374485596555,0.0023363374485596555,0.0023363374485596555,0.0023363374485597665,0.0023363374485596555,0.0023363374485596555,0.0023363374485596555,0.0023363374485596555,0.0023363374485596555,0.0023363374485596555,0.0023363374485597665,0.0023363374485596555,0.0023363374485596555,0.0023363374485596555,0.0023363374485596555,0.0023363374485597665,0.0023363374485596555,0.0023363374485596555,0.0023363374485596555,0.005060434090004007,0.005060434090003896,0.005060434090004007,0.005060434090004007,0.005060434090004007,0.005060434090003896,0.005060434090004007,0.005060434090004007,0.005060434090004007,0.005060434090003896,0.005060434090004007,0.005060434090004007,0.005060434090004007,0.005060434090003896,0.005060434090004007,0.005060434090004007,0.005060434090004007,0.005060434090003896,0.005060434090004007,0.005060434090004007,0.005060434090003896,0.005060434090004007,0.005060434090004007,0.005060434090004007,0.005060434090004007,0.005060434090003896,0.005060434090004007,0.005060434090004007,0.005060434090003896,0.005060434090004007,0.005060434090004007,-5.93518518518521e-4,-5.93518518518521e-4,-5.93518518518521e-4,-5.93518518518521e-4,-5.93518518518521e-4,-5.93518518518521e-4,-5.93518518518521e-4,-5.9351851851841e-4,-5.93518518518521e-4,-5.93518518518521e-4,-5.93518518518521e-4,-5.93518518518521e-4,-5.93518518518521e-4,-5.93518518518521e-4,-5.93518518518521e-4,-5.93518518518521e-4,-5.93518518518521e-4,-5.93518518518521e-4,-5.93518518518521e-4,-5.93518518518521e-4,-5.93518518518521e-4,-5.93518518518521e-4,-5.9351851851841e-4,-5.93518518518521e-4,-5.93518518518521e-4,-5.93518518518521e-4,-5.93518518518521e-4,-5.93518518518521e-4,-5.93518518518521e-4,-5.93518518518521e-4,-5.937275985663515e-4,-5.937275985662405e-4,-5.937275985663515e-4,-5.937275985662405e-4,-5.937275985663515e-4,-5.937275985663515e-4,-5.937275985662405e-4,-5.937275985663515e-4,-5.937275985663515e-4,-5.937275985662405e-4,-5.937275985663515e-4,-5.937275985662405e-4,-5.937275985663515e-4,-5.937275985663515e-4,-5.937275985662405e-4,-5.937275985663515e-4,-5.937275985662405e-4,-5.937275985663515e-4,-5.937275985663515e-4,-5.937275985662405e-4,-5.937275985663515e-4,-5.937275985662405e-4,-5.937275985663515e-4,-5.937275985663515e-4,-5.937275985662405e-4,-5.937275985663515e-4,-5.937275985663515e-4,-5.937275985662405e-4,-5.937275985663515e-4,-5.937275985662405e-4,-5.937275985663515e-4,-0.0021258462763839026,-0.0021258462763839026,-0.0021258462763839026,-0.0021258462763839026,-0.0021258462763839026,-0.0021258462763840136,-0.0021258462763839026,-0.0021258462763839026,-0.0021258462763839026,-0.0021258462763839026,-0.0021258462763839026,-0.0021258462763839026,-0.0021258462763839026,-0.0021258462763839026,-0.0021258462763839026,-0.0021258462763840136,-0.0021258462763839026,-0.0021258462763839026,-0.0021258462763839026,-0.0021258462763839026,-0.0021258462763839026,-0.0021258462763839026,-0.0021258462763839026,-0.0021258462763839026,-0.0021258462763839026,-0.0021258462763840136,-0.0021258462763839026,-0.0021258462763839026,-0.0021258462763839026,-0.0021258462763839026,-0.0021258462763839026,-0.003648251028806615,-0.003648251028806504,-0.003648251028806615,-0.003648251028806615,-0.003648251028806615,-0.003648251028806504,-0.003648251028806615,-0.003648251028806615,-0.003648251028806615,-0.003648251028806504,-0.003648251028806615,-0.003648251028806615,-0.003648251028806615,-0.003648251028806504,-0.003648251028806615,-0.003648251028806615,-0.003648251028806504,-0.003648251028806615,-0.003648251028806615,-0.003648251028806615,-0.003648251028806504,-0.003648251028806615,-0.003648251028806615,-0.003648251028806615,-0.003648251028806504,-0.003648251028806615,-0.003648251028806615,-0.003648251028806504,-0.003648251028806615
-0.22682425285030017,0.00672767489711934,0.00672767489711934,0.00672767489711934,0.00672767489711934,0.00672767489711934,0.00672767489711934,0.00672767489711934,0.00672767489711934,0.00672767489711934,0.00672767489711934,0.00672767489711934,0.006727674897119451,0.006727674897119229,0.006727674897119451,0.006727674897119229,0.006727674897119451,0.006727674897119229,0.006727674897119451,0.006727674897119229,0.006727674897119451,0.006727674897119229,0.006727674897119451,0.00672767489711934,0.00672767489711934,0.00672767489711934,0.00672767489711934,0.00672767489711934,0.00672767489711934,0.00672767489711934,0.00672767489711934,9.435882118677963e-4,9.435882118677963e-4,9.435882118677963e-4,9.435882118676853e-4,9.435882118677963e-4,9.435882118677963e-4,9.435882118677963e-4,9.435882118677963e-4,9.435882118677963e-4,9.435882118676853e-4,9.435882118677963e-4,9.435882118677963e-4,9.435882118677963e-4,9.435882118677963e-4,9.435882118677963e-4,9.435882118676853e-4,9.435882118677963e-4,9.435882118677963e-4,9.435882118677963e-4,9.435882118677963e-4,9.435882118677963e-4,9.435882118676853e-4,9.435882118677963e-4,9.435882118677963e-4,9.435882118677963e-4,9.435882118677963e-4,9.435882118677963e-4,9.435882118676853e-4,9.435882118677963e-4,9.435882118677963e-4,9.435882118677963e-4,0.0020871810699588655,0.0020871810699588655,0.0020871810699588655,0.0020871810699587545,0.0020871810699588655,0.0020871810699588655,0.0020871810699588655,0.0020871810699588655,0.0020871810699587545,0.0020871810699588655,0.0020871810699588655,0.0020871810699588655,0.0020871810699588655,0.0020871810699588655,0.0020871810699588655,0.0020871810699587545,0.0020871810699588655,0.0020871810699588655,0.0020871810699588655,0.0020871810699588655,0.0020871810699587545,0.0020871810699588655,0.0020871810699588655,0.0020871810699588655,0.0020871810699588655,0.0020871810699588655,0.0020871810699588655,0.0020871810699587545,0.0020871810699588655,0.0020871810699588655,-5.425925925925945e-4,-5.425925925925945e-4,-5.425925925925945e-4,-5.425925925925945e-4,-5.425925925925945e-4,-5.425925925925945e-4,-5.425925925925945e-4,-5.425925925925945e-4,-5.425925925925945e-4,-5.425925925925945e-4,-5.425925925925945e-4,-5.425925925925945e-4,-5.425925925925945e-4,-5.425925925925945e-4,-5.425925925925945e-4,-5.425925925924835e-4,-5.425925925925945e-4,-5.425925925925945e-4,-5.425925925925945e-4,-5.425925925925945e-4,-5.425925925925945e-4,-5.425925925925945e-4,-5.425925925925945e-4,-5.425925925925945e-4,-5.425925925925945e-4,-5.425925925925945e-4,-5.425925925925945e-4,-5.425925925925945e-4,-5.425925925925945e-4,-5.425925925925945e-4,-5.425925925925945e-4,-0.001166985264834719,-0.001166985264834719,-0.001166985264834719,-0.001166985264834719,-0.001166985264834719,-0.001166985264834719,-0.001166985264834719,-0.00116698526483483,-0.001166985264834719,-0.001166985264834719,-0.001166985264834719,-0.001166985264834719,-0.001166985264834719,-0.001166985264834719,-0.001166985264834719,-0.001166985264834719,-0.001166985264834719,-0.001166985264834719,-0.001166985264834719,-0.001166985264834719,-0.001166985264834719,-0.001166985264834719,-0.00116698526483483,-0.001166985264834719,-0.001166985264834719,-0.001166985264834719,-0.001166985264834719,-0.001166985264834719,-0.001166985264834719,-0.001166985264834719,-0.001166985264834719,-1.549382716049541e-4,-1.549382716049541e-4,-1.549382716049541e-4,-1.5493827160484308e-4,-1.549382716049541e-4,-1.549382716049541e-4,-1.549382716049541e-4,-1.549382716049541e-4,-1.549382716049541e-4,-1.549382716049541e-4,-1.549382716049541e-4,-1.5493827160484308e-4,-1.549382716049541e-4,-1.549382716049541e-4,-1.549382716049541e-4,-1.549382716049541e-4,-1.549382716049541e-4,-1.549382716049541e-4,-1.5493827160484308e-4,-1.549382716049541e-4,-1.549382716049541e-4,-1.549382716049541e-4,-1.549382716049541e-4,-1.549382716049541e-4,-1.549382716049541e-4,-1.549382716049541e-4,-1.5493827160484308e-4,-1.549382716049541e-4,-1.549382716049541e-4
-0.14178245631788433,0.005641646090534969,0.005641646090534969,0.005641646090534969,0.005641646090534969,0.00564164609053508,0.005641646090534969,0.005641646090534969,0.005641646090534969,0.005641646090534969,0.005641646090534969,0.005641646090534969,0.005641646090534969,0.005641646090534969,0.005641646090534969,0.005641646090534969,0.00564164609053508,0.005641646090534969,0.005641646090534969,0.005641646090534969,0.005641646090534969,0.005641646090534969,0.005641646090534969,0.00564164609053508,0.0056416460905348575,0.00564164609053508,0.005641646090534969,0.005641646090534969,0.005641646090534969,0.005641646090534969,0.005641646090534969,0.0016383711668658263,0.0016383711668657153,0.0016383711668658263,0.0016383711668658263,0.0016383711668657153,0.0016383711668658263,0.0016383711668658263,0.0016383711668657153,0.0016383711668658263,0.0016383711668658263,0.0016383711668657153,0.0016383711668658263,0.0016383711668658263,0.0016383711668657153,0.0016383711668658263,0.0016383711668658263,0.0016383711668657153,0.0016383711668658263,0.0016383711668658263,0.0016383711668658263,0.0016383711668657153,0.0016383711668658263,0.0016383711668658263,0.0016383711668657153,0.0016383711668658263,0.0016383711668658263,0.0016383711668657153,0.0016383711668658263,0.0016383711668658263,0.0016383711668657153,0.0016383711668658263,2.3598765432097935e-4,2.3598765432097935e-4,2.3598765432097935e-4,2.3598765432097935e-4,2.3598765432097935e-4,2.3598765432097935e-4,2.3598765432097935e-4,2.3598765432109037e-4,2.3598765432097935e-4,2.3598765432097935e-4,2.3598765432097935e-4,2.3598765432097935e-4,2.3598765432097935e-4,2.3598765432097935e-4,2.3598765432097935e-4,2.3598765432097935e-4,2.3598765432097935e-4,2.3598765432097935e-4,2.3598765432097935e-4,2.3598765432097935e-4,2.3598765432097935e-4,2.3598765432097935e-4,2.3598765432109037e-4,2.3598765432097935e-4,2.3598765432097935e-4,2.3598765432097935e-4,2.3598765432097935e-4,2.3598765432097935e-4,2.3598765432097935e-4,2.3598765432097935e-4,-4.2046993229793994e-4,-4.204699322978289e-4,-4.2046993229793994e-4,-4.204699322978289e-4,-4.2046993229793994e-4,-4.204699322978289e-4,-4.2046993229793994e-4,-4.204699322978289e-4,-4.2046993229793994e-4,-4.204699322978289e-4,-4.2046993229793994e-4,-4.2046993229793994e-4,-4.204699322978289e-4,-4.2046993229793994e-4,-4.204699322978289e-4,-4.2046993229793994e-4,-4.204699322978289e-4,-4.2046993229793994e-4,-4.204699322978289e-4,-4.2046993229793994e-4,-4.2046993229793994e-4,-4.204699322978289e-4,-4.2046993229793994e-4,-4.204699322978289e-4,-4.2046993229793994e-4,-4.204699322978289e-4,-4.2046993229793994e-4,-4.204699322978289e-4,-4.2046993229793994e-4,-4.204699322978289e-4,-4.2046993229793994e-4,-0.0018797889287136549,-0.0018797889287136549,-0.0018797889287136549,-0.0018797889287136549,-0.0018797889287136549,-0.0018797889287136549,-0.0018797889287136549,-0.0018797889287136549,-0.0018797889287136549,-0.0018797889287136549,-0.0018797889287136549,-0.0018797889287136549,-0.0018797889287136549,-0.0018797889287136549,-0.001879788928713766,-0.0018797889287136549,-0.0018797889287136549,-0.0018797889287136549,-0.0018797889287136549,-0.0018797889287136549,-0.0018797889287136549,-0.0018797889287136549,-0.0018797889287136549,-0.0018797889287136549,-0.0018797889287136549,-0.0018797889287136549,-0.0018797889287136549,-0.0018797889287136549,-0.0018797889287136549,-0.0018797889287136549,-0.0018797889287136549,-0.01494779835390947,-0.01494779835390947,-0.01494779835390947,-0.01494779835390947,-0.01494779835390947,-0.01494779835390947,-0.01494779835390947,-0.01494779835390947,-0.01494779835390947,-0.01494779835390947,-0.01494779835390947,-0.01494779835390947,-0.01494779835390947,-0.01494779835390947,-0.01494779835390947,-0.014947798353909414,-0.01494779835390947,-0.01494779835390947,-0.014947798353909414,-0.01494779835390947,-0.01494779835390947,-0.01494779835390947,-0.014947798353909525,-0.01494779835390947,-0.01494779835390947,-0.01494779835390947,-0.014947798353909414,-0.01494779835390947,-0.01494779835390947
-0.2104561391081427,0.0073660905349794414,0.007366090534979386,0.0073660905349794414,0.0073660905349794414,0.007366090534979386,0.0073660905349794414,0.0073660905349794414,0.0073660905349794414,0.007366090534979386,0.0073660905349794414,0.007366090534979386,0.007366090534979497,0.007366090534979386,0.007366090534979386,0.007366090534979497,0.007366090534979386,0.007366090534979386,0.007366090534979497,0.007366090534979386,0.007366090534979386,0.007366090534979497,0.007366090534979386,0.007366090534979497,0.007366090534979386,0.007366090534979386,0.007366090534979497,0.007366090534979386,0.007366090534979386,0.007366090534979497,0.007366090534979386,0.00428044603743527,0.00428044603743527,0.00428044603743527,0.00428044603743527,0.0042804460374353814,0.00428044603743527,0.00428044603743527,0.00428044603743527,0.00428044603743527,0.00428044603743527,0.00428044603743527,0.0042804460374353814,0.00428044603743527,0.00428044603743527,0.00428044603743527,0.00428044603743527,0.00428044603743527,0.00428044603743527,0.00428044603743527,0.00428044603743527,0.0042804460374353814,0.00428044603743527,0.00428044603743527,0.00428044603743527,0.00428044603743527,0.00428044603743527,0.0042804460374353814,0.00428044603743527,0.00428044603743527,0.00428044603743527,0.00428044603743527,-8.278806584361975e-4,-8.278806584361975e-4,-8.278806584361975e-4,-8.278806584363085e-4,-8.278806584361975e-4,-8.278806584361975e-4,-8.278806584361975e-4,-8.278806584361975e-4,-8.278806584361975e-4,-8.278806584361975e-4,-8.278806584361975e-4,-8.278806584363085e-4,-8.278806584361975e-4,-8.278806584361975e-4,-8.278806584361975e-4,-8.278806584361975e-4,-8.278806584361975e-4,-8.278806584361975e-4,-8.278806584363085e-4,-8.278806584361975e-4,-8.278806584361975e-4,-8.278806584361975e-4,-8.278806584361975e-4,-8.278806584361975e-4,-8.278806584361975e-4,-8.278806584361975e-4,-8.278806584363085e-4,-8.278806584361975e-4,-8.278806584361975e-4,-8.278806584361975e-4,9.275985663081965e-4,9.275985663083075e-4,9.275985663081965e-4,9.275985663083075e-4,9.275985663081965e-4,9.275985663081965e-4,9.275985663083075e-4,9.275985663081965e-4,9.275985663081965e-4,9.275985663083075e-4,9.275985663081965e-4,9.275985663083075e-4,9.275985663081965e-4,9.275985663081965e-4,9.275985663083075e-4,9.275985663081965e-4,9.275985663083075e-4,9.275985663081965e-4,9.275985663081965e-4,9.275985663083075e-4,9.275985663081965e-4,9.275985663083075e-4,9.275985663081965e-4,9.275985663081965e-4,9.275985663083075e-4,9.275985663081965e-4,9.275985663081965e-4,9.275985663083075e-4,9.275985663081965e-4,9.275985663083075e-4,9.275985663081965e-4,-0.01124056152927122,-0.01124056152927122,-0.01124056152927122,-0.01124056152927122,-0.01124056152927111,-0.01124056152927122,-0.01124056152927122,-0.01124056152927122,-0.01124056152927122,-0.01124056152927122,-0.01124056152927122,-0.01124056152927111,-0.01124056152927122,-0.01124056152927122,-0.01124056152927122,-0.01124056152927122,-0.01124056152927122,-0.01124056152927122,-0.01124056152927122,-0.01124056152927111,-0.01124056152927122,-0.01124056152927122,-0.01124056152927122,-0.01124056152927122,-0.01124056152927111,-0.011240561529271276,-0.01124056152927122,-0.01124056152927122,-0.011240561529271165,-0.01124056152927122,-0.01124056152927122,-0.001241255144032949,-0.0012412551440328934,-0.0012412551440328934,-0.001241255144032949,-0.001241255144032949,-0.0012412551440328934,-0.0012412551440328934,-0.001241255144032949,-0.001241255144032949,-0.0012412551440328934,-0.0012412551440328934,-0.001241255144032949,-0.001241255144032949,-0.0012412551440328934,-0.0012412551440328934,-0.001241255144032949,-0.001241255144032949,-0.0012412551440328934,-0.0012412551440328934,-0.001241255144032949,-0.001241255144032949,-0.0012412551440328934,-0.001241255144032949,-0.0012412551440328934,-0.001241255144032949,-0.0012412551440328934,-0.0012412551440328934,-0.001241255144032949,-0.001241255144032949
-0.3486542990622681,0.011512037037037015,0.01151203703703707,0.011512037037037015,0.011512037037037015,0.01151203703703707,0.011512037037037015,0.011512037037037015,0.01151203703703707,0.011512037037037015,0.011512037037037015,0.011512037037037015,0.01151203703703707,0.01151203703703707,0.01151203703703696,0.01151203703703707,0.01151203703703707,0.01151203703703696,0.01151203703703707,0.01151203703703707,0.01151203703703696,0.01151203703703707,0.01151203703703707,0.01151203703703696,0.01151203703703707,0.01151203703703707,0.01151203703703696,0.01151203703703707,0.01151203703703707,0.01151203703703696,0.01151203703703707,0.0021444643568299115,0.0021444643568300226,0.0021444643568299115,0.0021444643568299115,0.0021444643568300226,0.0021444643568299115,0.0021444643568299115,0.0021444643568300226,0.0021444643568299115,0.0021444643568299115,0.0021444643568300226,0.0021444643568299115,0.0021444643568299115,0.0021444643568300226,0.0021444643568299115,0.0021444643568299115,0.0021444643568299115,0.0021444643568300226,0.0021444643568299115,0.0021444643568299115,0.0021444643568300226,0.0021444643568299115,0.0021444643568299115,0.0021444643568300226,0.0021444643568299115,0.0021444643568299115,0.0021444643568300226,0.0021444643568299115,0.0021444643568299115,0.0021444643568300226,0.0021444643568299115,2.2504115226340549e-4,2.2504115226329446e-4,2.2504115226340549e-4,2.2504115226340549e-4,2.2504115226340549e-4,2.2504115226329446e-4,2.2504115226340549e-4,2.2504115226340549e-4,2.2504115226340549e-4,2.2504115226329446e-4,2.2504115226340549e-4,2.2504115226340549e-4,2.2504115226340549e-4,2.2504115226329446e-4,2.2504115226340549e-4,2.2504115226340549e-4,2.2504115226329446e-4,2.2504115226340549e-4,2.2504115226340549e-4,2.2504115226340549e-4,2.2504115226329446e-4,2.2504115226340549e-4,2.2504115226340549e-4,2.2504115226340549e-4,2.2504115226329446e-4,2.2504115226340549e-4,2.2504115226340549e-4,2.2504115226340549e-4,2.2504115226329446e-4,2.2504115226340549e-4,-0.0010026881720429648,-0.0010026881720430758,-0.0010026881720429648,-0.0010026881720430758,-0.0010026881720429648,-0.0010026881720430758,-0.0010026881720429648,-0.0010026881720429648,-0.0010026881720430758,-0.0010026881720429648,-0.0010026881720430758,-0.0010026881720429648,-0.0010026881720429648,-0.0010026881720430758,-0.0010026881720429648,-0.0010026881720430758,-0.0010026881720429648,-0.0010026881720430758,-0.0010026881720429648,-0.0010026881720429648,-0.0010026881720430758,-0.0010026881720429648,-0.0010026881720430758,-0.0010026881720429648,-0.0010026881720429648,-0.0010026881720430758,-0.0010026881720429648,-0.0010026881720430758,-0.0010026881720429648,-0.0010026881720430758,-0.0010026881720429648,-9.12903225806394e-4,-9.129032258065051e-4,-9.12903225806394e-4,-9.129032258065051e-4,-9.12903225806394e-4,-9.129032258065051e-4,-9.12903225806394e-4,-9.129032258065051e-4,-9.12903225806394e-4,-9.129032258065051e-4,-9.12903225806394e-4,-9.129032258065051e-4,-9.12903225806394e-4,-9.129032258065051e-4,-9.12903225806394e-4,-9.129032258065051e-4,-9.12903225806394e-4,-9.129032258065051e-4,-9.12903225806394e-4,-9.129032258065051e-4,-9.12903225806394e-4,-9.129032258065051e-4,-9.12903225806394e-4,-9.129032258065051e-4,-9.12903225806394e-4,-9.129032258065051e-4,-9.12903225806394e-4,-9.129032258065051e-4,-9.12903225806394e-4,-9.129032258065051e-4,-9.12903225806394e-4,-5.401440329217966e-4,-5.401440329217966e-4,-5.401440329217966e-4,-5.401440329219076e-4,-5.401440329217966e-4,-5.401440329217966e-4,-5.401440329217966e-4,-5.401440329217966e-4,-5.401440329217966e-4,-5.401440329217966e-4,-5.401440329217966e-4,-5.401440329219076e-4,-5.401440329217966e-4,-5.401440329217966e-4,-5.401440329217966e-4,-5.401440329217966e-4,-5.401440329217966e-4,-5.401440329217966e-4,-5.401440329219076e-4,-5.401440329217966e-4,-5.401440329217966e-4,-5.401440329217966e-4,-5.401440329217966e-4,-5.401440329217966e-4,-5.401440329217966e-4,-5.401440329217966e-4,-5.401440329219076e-4,-5.401440329217966e-4,-5.401440329217966e-4
-0.33735650340686774,0.010700473251028797,0.010700473251028797,0.010700473251028852,0.010700473251028797,0.010700473251028797,0.010700473251028797,0.010700473251028797,0.010700473251028852,0.010700473251028797,0.010700473251028797,0.010700473251028797,0.010700473251028797,0.010700473251028852,0.010700473251028741,0.010700473251028852,0.010700473251028852,0.010700473251028741,0.010700473251028852,0.010700473251028741,0.010700473251028852,0.010700473251028741,0.010700473251028852,0.010700473251028852,0.010700473251028741,0.010700473251028852,0.010700473251028852,0.010700473251028741,0.010700473251028852,0.010700473251028852,0.010700473251028741,0.00401686579052174,0.004016865790521629,0.00401686579052174,0.00401686579052174,0.004016865790521629,0.00401686579052174,0.00401686579052174,0.004016865790521629,0.00401686579052174,0.00401686579052174,0.004016865790521629,0.00401686579052174,0.00401686579052174,0.00401686579052174,0.004016865790521629,0.00401686579052174,0.004016865790521629,0.00401686579052174,0.00401686579052174,0.00401686579052174,0.004016865790521629,0.00401686579052174,0.00401686579052174,0.004016865790521629,0.00401686579052174,0.00401686579052174,0.004016865790521629,0.00401686579052174,0.00401686579052174,0.004016865790521629,0.00401686579052174,-7.186831275720618e-4,-7.186831275719507e-4,-7.186831275720618e-4,-7.186831275719507e-4,-7.186831275720618e-4,-7.186831275719507e-4,-7.186831275720618e-4,-7.186831275720618e-4,-7.186831275719507e-4,-7.186831275720618e-4,-7.186831275719507e-4,-7.186831275720618e-4,-7.186831275719507e-4,-7.186831275720618e-4,-7.186831275720618e-4,-7.186831275719507e-4,-7.186831275720618e-4,-7.186831275719507e-4,-7.186831275720618e-4,-7.186831275719507e-4,-7.186831275720618e-4,-7.186831275719507e-4,-7.186831275720618e-4,-7.186831275720618e-4,-7.186831275719507e-4,-7.186831275720618e-4,-7.186831275719507e-4,-7.186831275720618e-4,-7.186831275719507e-4,-7.186831275720618e-4,-7.483870967741613e-4,-7.483870967742723e-4,-7.483870967741613e-4,-7.483870967741613e-4,-7.483870967741613e-4,-7.483870967742723e-4,-7.483870967741613e-4,-7.483870967741613e-4,-7.483870967742723e-4,-7.483870967741613e-4,-7.483870967741613e-4,-7.483870967741613e-4,-7.483870967742723e-4,-7.483870967741613e-4,-7.483870967741613e-4,-7.483870967742723e-4,-7.483870967741613e-4,-7.483870967741613e-4,-7.483870967742723e-4,-7.483870967741613e-4,-7.483870967741613e-4,-7.483870967741613e-4,-7.483870967742723e-4,-7.483870967741613e-4,-7.483870967741613e-4,-7.483870967742723e-4,-7.483870967741613e-4,-7.483870967741613e-4,-7.483870967741613e-4,-7.483870967742723e-4,-7.483870967741613e-4,-0.00399183592194341,-0.003991835921943521,-0.00399183592194341,-0.003991835921943521,-0.00399183592194341,-0.00399183592194341,-0.003991835921943521,-0.00399183592194341,-0.00399183592194341,-0.003991835921943521,-0.00399183592194341,-0.003991835921943521,-0.00399183592194341,-0.00399183592194341,-0.003991835921943521,-0.00399183592194341,-0.003991835921943521,-0.00399183592194341,-0.00399183592194341,-0.003991835921943521,-0.00399183592194341,-0.00399183592194341,-0.003991835921943521,-0.00399183592194341,-0.003991835921943521,-0.00399183592194341,-0.003991835921943521,-0.00399183592194341,-0.00399183592194341,-0.003991835921943521,-0.00399183592194341,0.0012292798353908951,0.0012292798353910062,0.0012292798353910062,0.0012292798353908951,0.0012292798353908951,0.0012292798353910062,0.0012292798353910062,0.0012292798353908951,0.0012292798353908951,0.0012292798353910062,0.0012292798353908951,0.0012292798353910062,0.0012292798353908951,0.0012292798353910062,0.0012292798353910062,0.0012292798353908951,0.0012292798353908951,0.0012292798353910062,0.0012292798353910062,0.0012292798353908951,0.0012292798353908951,0.0012292798353910062,0.0012292798353910062,0.0012292798353908951,0.0012292798353908951,0.0012292798353910062,0.0012292798353910062,0.0012292798353908951,0.0012292798353908951
-0.1501475511030156,0.0024312757201646606,0.0024312757201645496,0.0024312757201646606,0.0024312757201645496,0.0024312757201646606,0.0024312757201645496,0.0024312757201646606,0.0024312757201645496,0.0024312757201646606,0.0024312757201645496,0.0024312757201646606,0.0024312757201645496,0.0024312757201646606,0.0024312757201646606,0.0024312757201645496,0.0024312757201645496,0.0024312757201646606,0.0024312757201646606,0.0024312757201645496,0.0024312757201646606,0.0024312757201645496,0.0024312757201646606,0.0024312757201645496,0.0024312757201646606,0.0024312757201645496,0.0024312757201646606,0.0024312757201645496,0.0024312757201646606,0.0024312757201646606,0.0024312757201645496,0.0050639784946237,0.005063978494623589,0.0050639784946237,0.005063978494623589,0.0050639784946237,0.0050639784946237,0.005063978494623589,0.0050639784946237,0.0050639784946237,0.005063978494623589,0.0050639784946237,0.005063978494623589,0.0050639784946237,0.0050639784946237,0.005063978494623589,0.0050639784946237,0.005063978494623589,0.0050639784946237,0.0050639784946237,0.005063978494623589,0.0050639784946237,0.0050639784946237,0.005063978494623589,0.0050639784946237,0.005063978494623589,0.0050639784946237,0.005063978494623589,0.0050639784946237,0.0050639784946237,0.005063978494623589,0.0050639784946237,8.219753086419201e-4,8.219753086420312e-4,8.219753086420312e-4,8.219753086419201e-4,8.219753086419201e-4,8.219753086420312e-4,8.219753086420312e-4,8.219753086419201e-4,8.219753086419201e-4,8.219753086420312e-4,8.219753086420312e-4,8.219753086419201e-4,8.219753086419201e-4,8.219753086420312e-4,8.219753086420312e-4,8.219753086419201e-4,8.219753086419201e-4,8.219753086420312e-4,8.219753086420312e-4,8.219753086419201e-4,8.219753086419201e-4,8.219753086420312e-4,8.219753086420312e-4,8.219753086419201e-4,8.219753086419201e-4,8.219753086420312e-4,8.219753086420312e-4,8.219753086419201e-4,8.219753086419201e-4,8.219753086420312e-4,2.772401433691618e-4,2.772401433691618e-4,2.772401433691618e-4,2.7724014336927283e-4,2.772401433691618e-4,2.772401433691618e-4,2.772401433691618e-4,2.772401433691618e-4,2.772401433691618e-4,2.772401433691618e-4,2.772401433691618e-4,2.7724014336927283e-4,2.772401433691618e-4,2.772401433691618e-4,2.772401433691618e-4,2.772401433691618e-4,2.772401433691618e-4,2.772401433691618e-4,2.772401433691618e-4,2.7724014336927283e-4,2.772401433691618e-4,2.772401433691618e-4,2.772401433691618e-4,2.772401433691618e-4,2.772401433691618e-4,2.772401433691618e-4,2.772401433691618e-4,2.7724014336927283e-4,2.772401433691618e-4,2.772401433691618e-4,2.772401433691618e-4,-0.005772600557546803,-0.005772600557546803,-0.005772600557546803,-0.005772600557546803,-0.005772600557546803,-0.005772600557546803,-0.005772600557546803,-0.005772600557546692,-0.005772600557546803,-0.005772600557546803,-0.005772600557546803,-0.005772600557546803,-0.005772600557546803,-0.005772600557546803,-0.005772600557546803,-0.005772600557546803,-0.005772600557546803,-0.005772600557546803,-0.005772600557546803,-0.005772600557546803,-0.005772600557546803,-0.005772600557546803,-0.005772600557546692,-0.005772600557546914,-0.005772600557546692,-0.005772600557546803,-0.005772600557546803,-0.005772600557546803,-0.005772600557546803,-0.005772600557546803,-0.005772600557546803,-0.003387325102880645,-0.003387325102880645,-0.003387325102880645,-0.003387325102880756,-0.003387325102880645,-0.003387325102880645,-0.003387325102880645,-0.003387325102880645,-0.003387325102880645,-0.003387325102880645,-0.003387325102880645,-0.003387325102880756,-0.003387325102880645,-0.003387325102880645,-0.003387325102880645,-0.003387325102880645,-0.003387325102880645,-0.003387325102880645,-0.003387325102880645,-0.003387325102880756,-0.003387325102880645,-0.003387325102880645,-0.003387325102880645,-0.003387325102880645,-0.003387325102880645,-0.003387325102880756,-0.003387325102880645,-0.003387325102880645,-0.003387325102880645
-0.33195617115293796,0.009798703703703726,0.00979870370370367,0.009798703703703726,0.00979870370370367,0.009798703703703726,0.009798703703703726,0.00979870370370367,0.009798703703703726,0.00979870370370367,0.009798703703703726,0.009798703703703726,0.00979870370370367,0.009798703703703782,0.009798703703703615,0.009798703703703726,0.009798703703703726,0.009798703703703615,0.009798703703703726,0.009798703703703726,0.009798703703703726,0.009798703703703726,0.009798703703703726,0.009798703703703726,0.009798703703703615,0.009798703703703726,0.009798703703703726,0.009798703703703615,0.009798703703703726,0.009798703703703726,0.009798703703703726,0.0040058940661090725,0.0040058940661091835,0.0040058940661090725,0.0040058940661091835,0.0040058940661090725,0.0040058940661090725,0.0040058940661091835,0.0040058940661090725,0.0040058940661091835,0.0040058940661090725,0.0040058940661091835,0.0040058940661090725,0.0040058940661090725,0.0040058940661091835,0.0040058940661090725,0.0040058940661091835,0.0040058940661090725,0.0040058940661091835,0.0040058940661090725,0.0040058940661090725,0.0040058940661091835,0.0040058940661090725,0.0040058940661091835,0.0040058940661090725,0.0040058940661090725,0.0040058940661091835,0.0040058940661090725,0.0040058940661091835,0.0040058940661090725,0.0040058940661091835,0.0040058940661090725,-9.754732510287578e-4,-9.754732510288688e-4,-9.754732510287578e-4,-9.754732510288688e-4,-9.754732510287578e-4,-9.754732510288688e-4,-9.754732510287578e-4,-9.754732510288688e-4,-9.754732510287578e-4,-9.754732510288688e-4,-9.754732510287578e-4,-9.754732510288688e-4,-9.754732510287578e-4,-9.754732510288688e-4,-9.754732510287578e-4,-9.754732510287578e-4,-9.754732510288688e-4,-9.754732510287578e-4,-9.754732510288688e-4,-9.754732510287578e-4,-9.754732510288688e-4,-9.754732510287578e-4,-9.754732510288688e-4,-9.754732510287578e-4,-9.754732510288688e-4,-9.754732510287578e-4,-9.754732510288688e-4,-9.754732510287578e-4,-9.754732510288688e-4,-9.754732510287578e-4,0.0015109318996415766,0.0015109318996415766,0.0015109318996415766,0.0015109318996415766,0.0015109318996415766,0.0015109318996415766,0.0015109318996415766,0.0015109318996415766,0.0015109318996415766,0.0015109318996415766,0.0015109318996415766,0.0015109318996415766,0.0015109318996415766,0.0015109318996415766,0.0015109318996415766,0.0015109318996415766,0.0015109318996416876,0.0015109318996415766,0.0015109318996415766,0.0015109318996415766,0.0015109318996415766,0.0015109318996415766,0.0015109318996415766,0.0015109318996415766,0.0015109318996415766,0.0015109318996415766,0.0015109318996415766,0.0015109318996415766,0.0015109318996415766,0.0015109318996415766,0.0015109318996415766,-0.004278813221823996,-0.004278813221823996,-0.004278813221823885,-0.004278813221823996,-0.004278813221823996,-0.004278813221823996,-0.004278813221823996,-0.004278813221823885,-0.004278813221823996,-0.004278813221823996,-0.004278813221823996,-0.004278813221823996,-0.004278813221823996,-0.004278813221823885,-0.004278813221823996,-0.004278813221823996,-0.004278813221823996,-0.004278813221823996,-0.004278813221823885,-0.004278813221823996,-0.004278813221823996,-0.004278813221823996,-0.004278813221823996,-0.004278813221823885,-0.004278813221823996,-0.004278813221823996,-0.004278813221823996,-0.004278813221823996,-0.004278813221823885,-0.004278813221823996,-0.004278813221823996,5.123456790123715e-5,5.123456790123715e-5,5.123456790123715e-5,5.123456790123715e-5,5.123456790123715e-5,5.123456790123715e-5,5.123456790123715e-5,5.123456790123715e-5,5.123456790123715e-5,5.123456790123715e-5,5.123456790123715e-5,5.123456790123715e-5,5.123456790123715e-5,5.123456790123715e-5,5.123456790112613e-5,5.123456790123715e-5,5.123456790123715e-5,5.123456790123715e-5,5.123456790123715e-5,5.123456790123715e-5,5.123456790123715e-5,5.123456790123715e-5,5.123456790123715e-5,5.123456790123715e-5,5.123456790123715e-5,5.123456790123715e-5,5.123456790123715e-5,5.123456790123715e-5,5.123456790123715e-5
-0.377185883424408,0.011787551440329225,0.011787551440329225,0.011787551440329225,0.011787551440329225,0.011787551440329225,0.01178755144032917,0.011787551440329225,0.011787551440329225,0.011787551440329225,0.011787551440329225,0.01178755144032917,0.01178755144032928,0.011787551440329225,0.011787551440329225,0.01178755144032917,0.01178755144032928,0.01178755144032917,0.01178755144032928,0.01178755144032917,0.01178755144032917,0.01178755144032928,0.01178755144032917,0.01178755144032928,0.01178755144032917,0.01178755144032928,0.01178755144032928,0.01178755144032917,0.01178755144032917,0.01178755144032917,0.01178755144032928,0.0038796694544006582,0.0038796694544006582,0.0038796694544005472,0.0038796694544006582,0.0038796694544006582,0.0038796694544006582,0.0038796694544006582,0.0038796694544005472,0.0038796694544006582,0.0038796694544006582,0.0038796694544006582,0.0038796694544006582,0.0038796694544006582,0.0038796694544005472,0.0038796694544006582,0.0038796694544006582,0.0038796694544006582,0.0038796694544006582,0.0038796694544005472,0.0038796694544006582,0.0038796694544006582,0.0038796694544006582,0.0038796694544006582,0.0038796694544005472,0.0038796694544006582,0.0038796694544006582,0.0038796694544006582,0.0038796694544006582,0.0038796694544005472,0.0038796694544006582,0.0038796694544006582,-2.553086419753159e-4,-2.553086419753159e-4,-2.553086419753159e-4,-2.553086419753159e-4,-2.553086419753159e-4,-2.553086419753159e-4,-2.553086419753159e-4,-2.5530864197520486e-4,-2.553086419753159e-4,-2.553086419753159e-4,-2.553086419753159e-4,-2.553086419753159e-4,-2.553086419753159e-4,-2.553086419753159e-4,-2.553086419753159e-4,-2.553086419753159e-4,-2.553086419753159e-4,-2.553086419753159e-4,-2.553086419753159e-4,-2.553086419753159e-4,-2.553086419753159e-4,-2.553086419753159e-4,-2.5530864197520486e-4,-2.553086419753159e-4,-2.553086419753159e-4,-2.553086419753159e-4,-2.553086419753159e-4,-2.553086419753159e-4,-2.553086419753159e-4,-2.553086419753159e-4,-7.868578255675329e-4,-7.868578255674219e-4,-7.868578255675329e-4,-7.868578255675329e-4,-7.868578255675329e-4,-7.868578255674219e-4,-7.868578255675329e-4,-7.868578255675329e-4,-7.868578255675329e-4,-7.868578255674219e-4,-7.868578255675329e-4,-7.868578255675329e-4,-7.868578255675329e-4,-7.868578255674219e-4,-7.868578255675329e-4,-7.868578255675329e-4,-7.868578255675329e-4,-7.868578255674219e-4,-7.868578255675329e-4,-7.868578255675329e-4,-7.868578255675329e-4,-7.868578255674219e-4,-7.868578255675329e-4,-7.868578255675329e-4,-7.868578255675329e-4,-7.868578255674219e-4,-7.868578255675329e-4,-7.868578255675329e-4,-7.868578255675329e-4,-7.868578255674219e-4,-7.868578255675329e-4,-0.0024353843090402227,-0.0024353843090402227,-0.0024353843090402227,-0.0024353843090402227,-0.0024353843090402227,-0.0024353843090402227,-0.0024353843090402227,-0.0024353843090402227,-0.0024353843090402227,-0.0024353843090402227,-0.0024353843090402227,-0.0024353843090402227,-0.0024353843090402227,-0.0024353843090402227,-0.0024353843090402227,-0.0024353843090402227,-0.0024353843090402227,-0.0024353843090402227,-0.0024353843090402227,-0.0024353843090402227,-0.0024353843090402227,-0.0024353843090402227,-0.0024353843090402227,-0.0024353843090402227,-0.0024353843090402227,-0.0024353843090402227,-0.0024353843090402227,-0.0024353843090402227,-0.0024353843090402227,-0.0024353843090402227,-0.0024353843090402227,-0.0014194855967077924,-0.0014194855967077924,-0.0014194855967079034,-0.0014194855967077924,-0.0014194855967077924,-0.0014194855967077924,-0.0014194855967079034,-0.0014194855967077924,-0.0014194855967077924,-0.0014194855967077924,-0.0014194855967079034,-0.0014194855967077924,-0.0014194855967077924,-0.0014194855967077924,-0.0014194855967079034,-0.0014194855967077924,-0.0014194855967077924,-0.0014194855967077924,-0.0014194855967077924,-0.0014194855967079034,-0.0014194855967077924,-0.0014194855967077924,-0.0014194855967077924,-0.0014194855967079034,-0.0014194855967077924,-0.0014194855967077924,-0.0014194855967077924,-0.0014194855967079034,-0.0014194855967077924
