0.010818589354381736,0.0010544650205761563,0.0010544650205761563,0.0010544650205760453,0.0010544650205761563,0.0010544650205761563,0.0010544650205761563,0.0010544650205760453,0.0010544650205761563,0.0010544650205761563,0.0010544650205761563,0.0010544650205760453,0.0010544650205761563,0.0010544650205761563,0.0010544650205761563,0.0010544650205761563,0.0010544650205760453,0.0010544650205761563,0.0010544650205761563,0.0010544650205761563,0.0010544650205760453,0.0010544650205761563,0.0010544650205761563,0.0010544650205761563,0.0010544650205760453,0.0010544650205761563,0.0010544650205761563,0.0010544650205761563,0.0010544650205760453,0.0010544650205761563,0.0010544650205761563,-0.0011469534050179142,-0.0011469534050179142,-0.0011469534050179142,-0.0011469534050179142,-0.0011469534050179142,-0.0011469534050179142,-0.0011469534050179142,-0.0011469534050180252,-0.0011469534050179142,-0.0011469534050179142,-0.0011469534050179142,-0.0011469534050179142,-0.0011469534050179142,-0.0011469534050179142,-0.0011469534050179142,-0.0011469534050179142,-0.0011469534050179142,-0.0011469534050179142,-0.0011469534050179142,-0.0011469534050179142,-0.0011469534050179142,-0.0011469534050179142,-0.0011469534050180252,-0.0011469534050179142,-0.0011469534050179142,-0.0011469534050179142,-0.0011469534050179142,-0.0011469534050179142,-0.0011469534050179142,-0.0011469534050179142,-0.0011469534050179142,-0.0037141152263374666,-0.0037141152263374666,-0.0037141152263373556,-0.0037141152263374666,-0.0037141152263374666,-0.0037141152263374666,-0.0037141152263374666,-0.0037141152263374666,-0.0037141152263374666,-0.0037141152263373556,-0.0037141152263374666,-0.0037141152263374666,-0.0037141152263374666,-0.0037141152263374666,-0.0037141152263373556,-0.0037141152263374666,-0.0037141152263374666,-0.0037141152263374666,-0.0037141152263374666,-0.0037141152263374666,-0.0037141152263374666,-0.0037141152263373556,-0.0037141152263374666,-0.0037141152263374666,-0.0037141152263374666,-0.0037141152263374666,-0.003714115226337411,-0.0037141152263374666,-0.003714115226337411,-0.0037141152263374666,0.0034091198725607064,0.003409119872560762,0.0034091198725607064,0.003409119872560762,0.0034091198725607064,0.003409119872560762,0.0034091198725607064,0.003409119872560762,0.003409119872560762,0.003409119872560651,0.003409119872560762,0.003409119872560762,0.003409119872560762,0.003409119872560651,0.003409119872560762,0.003409119872560762,0.003409119872560762,0.003409119872560651,0.003409119872560762,0.003409119872560762,0.003409119872560762,0.003409119872560651,0.003409119872560762,0.003409119872560762,0.003409119872560651,0.003409119872560762,0.003409119872560762,0.003409119872560762,0.003409119872560762,0.003409119872560651,0.003409119872560762,7.93946634806808e-4,7.939466348069191e-4,7.93946634806808e-4,7.93946634806808e-4,7.939466348069191e-4,7.93946634806808e-4,7.93946634806808e-4,7.939466348069191e-4,7.93946634806808e-4,7.939466348069191e-4,7.93946634806808e-4,7.93946634806808e-4,7.939466348069191e-4,7.93946634806808e-4,7.93946634806808e-4,7.939466348069191e-4,7.93946634806808e-4,7.93946634806808e-4,7.939466348069191e-4,7.93946634806808e-4,7.93946634806808e-4,7.939466348069191e-4,7.93946634806808e-4,7.939466348069191e-4,7.93946634806808e-4,7.93946634806808e-4,7.939466348069191e-4,7.93946634806808e-4,7.93946634806808e-4,7.939466348069191e-4,7.93946634806808e-4,7.351234567901654e-4,7.351234567900544e-4,7.351234567901654e-4,7.351234567901654e-4,7.351234567900544e-4,7.351234567901654e-4,7.351234567900544e-4,7.351234567901654e-4,7.351234567901654e-4,7.351234567900544e-4,7.351234567901654e-4,7.351234567901654e-4,7.351234567900544e-4,7.351234567901654e-4,7.351234567901654e-4,7.351234567900544e-4,7.351234567901654e-4,7.351234567900544e-4,7.351234567901654e-4,7.351234567901654e-4,7.351234567900544e-4,7.351234567901654e-4,7.351234567901654e-4,7.351234567900544e-4,7.351234567901654e-4,7.351234567900544e-4,7.351234567901654e-4,7.351234567901654e-4,7.351234567900544e-4
0.006752467449234301,0.003453045267489685,0.003453045267489685,0.003453045267489796,0.003453045267489685,0.003453045267489685,0.003453045267489685,0.003453045267489796,0.003453045267489685,0.003453045267489685,0.003453045267489685,0.003453045267489796,0.003453045267489685,0.003453045267489685,0.003453045267489685,0.003453045267489685,0.003453045267489796,0.003453045267489685,0.003453045267489685,0.003453045267489685,0.003453045267489796,0.003453045267489685,0.003453045267489685,0.003453045267489685,0.003453045267489796,0.003453045267489685,0.003453045267489685,0.003453045267489685,0.003453045267489796,0.003453045267489685,0.003453045267489685,-3.2716049382719437e-4,-3.2716049382708334e-4,-3.2716049382719437e-4,-3.2716049382719437e-4,-3.2716049382719437e-4,-3.2716049382708334e-4,-3.2716049382719437e-4,-3.2716049382719437e-4,-3.2716049382708334e-4,-3.2716049382719437e-4,-3.2716049382719437e-4,-3.2716049382719437e-4,-3.2716049382708334e-4,-3.2716049382719437e-4,-3.2716049382719437e-4,-3.2716049382708334e-4,-3.2716049382719437e-4,-3.2716049382719437e-4,-3.2716049382708334e-4,-3.2716049382719437e-4,-3.2716049382719437e-4,-3.2716049382719437e-4,-3.2716049382708334e-4,-3.2716049382719437e-4,-3.2716049382719437e-4,-3.2716049382708334e-4,-3.2716049382719437e-4,-3.2716049382719437e-4,-3.2716049382719437e-4,-3.2716049382708334e-4,-3.2716049382719437e-4,-0.0064050823045267435,-0.0064050823045267435,-0.0064050823045267435,-0.0064050823045267435,-0.0064050823045267435,-0.0064050823045267435,-0.0064050823045267435,-0.0064050823045267435,-0.0064050823045267435,-0.0064050823045267435,-0.0064050823045267435,-0.0064050823045267435,-0.0064050823045267435,-0.0064050823045267435,-0.0064050823045267435,-0.0064050823045267435,-0.0064050823045267435,-0.0064050823045267435,-0.0064050823045268546,-0.0064050823045266325,-0.0064050823045267435,-0.0064050823045268546,-0.0064050823045267435,-0.0064050823045267435,-0.0064050823045267435,-0.0064050823045267435,-0.0064050823045267435,-0.0064050823045267435,-0.0064050823045267435,-0.0064050823045267435,0.0010839107925129654,0.00108391079251291,0.0010839107925129654,0.00108391079251291,0.0010839107925129654,0.0010839107925129654,0.00108391079251291,0.00108391079251291,0.001083910792513021,0.00108391079251291,0.00108391079251291,0.00108391079251291,0.001083910792513021,0.00108391079251291,0.00108391079251291,0.001083910792513021,0.00108391079251291,0.00108391079251291,0.001083910792513021,0.00108391079251291,0.00108391079251291,0.00108391079251291,0.001083910792513021,0.00108391079251291,0.00108391079251291,0.001083910792513021,0.00108391079251291,0.00108391079251291,0.00108391079251291,0.001083910792513021,0.00108391079251291,-3.213859020310128e-4,-3.213859020311238e-4,-3.213859020310128e-4,-3.213859020311238e-4,-3.213859020310128e-4,-3.213859020311238e-4,-3.213859020310128e-4,-3.213859020311238e-4,-3.213859020310128e-4,-3.213859020311238e-4,-3.213859020310128e-4,-3.213859020310128e-4,-3.213859020311238e-4,-3.213859020310128e-4,-3.213859020311238e-4,-3.213859020310128e-4,-3.213859020311238e-4,-3.213859020310128e-4,-3.213859020311238e-4,-3.213859020310128e-4,-3.213859020310128e-4,-3.213859020311238e-4,-3.213859020310128e-4,-3.213859020311238e-4,-3.213859020310128e-4,-3.213859020311238e-4,-3.213859020310128e-4,-3.213859020311238e-4,-3.213859020310128e-4,-3.213859020311238e-4,-3.213859020310128e-4,0.0026691358024690803,0.0026691358024691914,0.0026691358024691914,0.0026691358024690803,0.0026691358024690803,0.0026691358024691914,0.0026691358024691914,0.0026691358024690803,0.0026691358024690803,0.0026691358024691914,0.0026691358024690803,0.0026691358024691914,0.0026691358024690803,0.0026691358024691914,0.0026691358024691914,0.0026691358024690803,0.0026691358024690803,0.0026691358024691914,0.0026691358024691914,0.0026691358024690803,0.0026691358024690803,0.0026691358024691914,0.0026691358024691914,0.0026691358024690803,0.0026691358024690803,0.0026691358024691914,0.0026691358024691914,0.0026691358024690803,0.0026691358024690803
0.15447511468663566,8.532921810699978e-5,8.532921810699978e-5,8.532921810699978e-5,8.532921810699978e-5,8.532921810699978e-5,8.532921810699978e-5,8.532921810699978e-5,8.532921810699978e-5,8.532921810699978e-5,8.532921810699978e-5,8.532921810699978e-5,8.532921810699978e-5,8.532921810699978e-5,8.532921810699978e-5,8.532921810688876e-5,8.532921810699978e-5,8.532921810699978e-5,8.532921810699978e-5,8.532921810699978e-5,8.532921810699978e-5,8.532921810699978e-5,8.532921810699978e-5,8.532921810699978e-5,8.532921810699978e-5,8.532921810699978e-5,8.532921810699978e-5,8.532921810699978e-5,8.532921810699978e-5,8.532921810699978e-5,8.532921810699978e-5,-0.0026741338112306057,-0.0026741338112306057,-0.0026741338112306057,-0.0026741338112304947,-0.0026741338112306057,-0.0026741338112306057,-0.0026741338112306057,-0.0026741338112306057,-0.0026741338112306057,-0.0026741338112304947,-0.0026741338112306057,-0.0026741338112306057,-0.0026741338112306057,-0.0026741338112306057,-0.0026741338112306057,-0.0026741338112304947,-0.0026741338112306057,-0.0026741338112306057,-0.0026741338112306057,-0.0026741338112306057,-0.0026741338112306057,-0.0026741338112306057,-0.0026741338112304947,-0.0026741338112306057,-0.0026741338112306057,-0.0026741338112306057,-0.0026741338112306057,-0.0026741338112304947,-0.0026741338112306057,-0.0026741338112306057,-0.0026741338112306057,-0.00646502057613163,-0.006465020576131741,-0.006465020576131741,-0.00646502057613163,-0.00646502057613163,-0.006465020576131741,-0.006465020576131741,-0.00646502057613163,-0.00646502057613163,-0.006465020576131741,-0.006465020576131741,-0.00646502057613163,-0.00646502057613163,-0.006465020576131741,-0.006465020576131741,-0.00646502057613163,-0.00646502057613163,-0.006465020576131741,-0.006465020576131686,-0.006465020576131686,-0.006465020576131686,-0.006465020576131686,-0.006465020576131686,-0.006465020576131686,-0.006465020576131686,-0.006465020576131686,-0.006465020576131686,-0.006465020576131686,-0.006465020576131686,-0.006465020576131686,0.0038897052966945234,0.003889705296694579,0.0038897052966945234,0.003889705296694579,0.0038897052966945234,0.0038897052966945234,0.003889705296694579,0.0038897052966945234,0.003889705296694579,0.0038897052966945234,0.0038897052966945234,0.003889705296694579,0.0038897052966945234,0.0038897052966945234,0.003889705296694579,0.0038897052966945234,0.0038897052966945234,0.003889705296694579,0.003889705296694579,0.0038897052966945234,0.0038897052966945234,0.0038897052966945234,0.0038897052966945234,0.0038897052966946344,0.0038897052966945234,0.0038897052966945234,0.0038897052966945234,0.0038897052966945234,0.0038897052966946344,0.0038897052966945234,0.0038897052966945234,-0.002742134607725988,-0.002742134607725988,-0.002742134607725988,-0.002742134607726099,-0.002742134607725988,-0.002742134607725988,-0.002742134607725988,-0.002742134607725988,-0.002742134607725988,-0.002742134607726099,-0.002742134607725988,-0.002742134607725988,-0.002742134607725988,-0.002742134607725988,-0.002742134607725988,-0.002742134607726099,-0.002742134607725988,-0.002742134607725988,-0.002742134607725988,-0.002742134607725988,-0.0027421346077260433,-0.002742134607725988,-0.0027421346077260433,-0.002742134607725988,-0.002742134607725988,-0.002742134607725988,-0.0027421346077260433,-0.002742134607725988,-0.002742134607725988,-0.0027421346077260433,-0.002742134607725988,-0.004652427983539098,-0.004652427983539098,-0.004652427983539098,-0.004652427983539098,-0.004652427983539098,-0.004652427983539098,-0.004652427983539098,-0.004652427983539098,-0.004652427983539098,-0.004652427983539098,-0.004652427983539098,-0.004652427983539098,-0.004652427983539098,-0.004652427983539098,-0.0046524279835390425,-0.0046524279835391535,-0.0046524279835390425,-0.004652427983539098,-0.004652427983539098,-0.004652427983539098,-0.004652427983539098,-0.004652427983539098,-0.004652427983539098,-0.004652427983539098,-0.004652427983539098,-0.004652427983539098,-0.004652427983539098,-0.004652427983539098,-0.004652427983539098
-0.039363119813802805,0.004760246913580235,0.004760246913580235,0.004760246913580235,0.004760246913580235,0.004760246913580235,0.004760246913580346,0.004760246913580235,0.004760246913580235,0.004760246913580235,0.004760246913580235,0.004760246913580235,0.004760246913580235,0.004760246913580235,0.004760246913580235,0.004760246913580346,0.004760246913580235,0.004760246913580235,0.004760246913580235,0.004760246913580235,0.004760246913580235,0.004760246913580235,0.004760246913580235,0.004760246913580235,0.004760246913580346,0.004760246913580124,0.004760246913580346,0.004760246913580235,0.004760246913580235,0.004760246913580235,0.004760246913580235,-0.0024303265631222537,-0.0024303265631222537,-0.0024303265631222537,-0.0024303265631222537,-0.0024303265631222537,-0.0024303265631223647,-0.0024303265631222537,-0.0024303265631222537,-0.0024303265631222537,-0.0024303265631222537,-0.0024303265631222537,-0.0024303265631222537,-0.0024303265631222537,-0.0024303265631222537,-0.0024303265631222537,-0.0024303265631223647,-0.0024303265631222537,-0.0024303265631222537,-0.0024303265631222537,-0.0024303265631222537,-0.0024303265631222537,-0.0024303265631222537,-0.0024303265631222537,-0.0024303265631222537,-0.0024303265631222537,-0.0024303265631222537,-0.0024303265631223647,-0.0024303265631222537,-0.0024303265631222537,-0.0024303265631222537,-0.0024303265631222537,-0.0020471810699588255,-0.0020471810699588255,-0.0020471810699589366,-0.0020471810699588255,-0.0020471810699588255,-0.0020471810699588255,-0.0020471810699588255,-0.0020471810699589366,-0.0020471810699588255,-0.0020471810699588255,-0.0020471810699588255,-0.0020471810699588255,-0.0020471810699589366,-0.0020471810699588255,-0.0020471810699588255,-0.0020471810699588255,-0.0020471810699588255,-0.0020471810699589366,-0.0020471810699588255,-0.0020471810699588255,-0.0020471810699588255,-0.0020471810699588255,-0.0020471810699589366,-0.0020471810699588255,-0.0020471810699588255,-0.0020471810699588255,-0.002047181069958881,-0.0020471810699588255,-0.002047181069958881,-0.0020471810699588255,-0.0011460971724412405,-0.001146097172441296,-0.0011460971724412405,-0.0011460971724412405,-0.0011460971724412405,-0.001146097172441296,-0.0011460971724412405,-0.0011460971724412405,-0.001146097172441296,-0.0011460971724412405,-0.0011460971724412405,-0.0011460971724412405,-0.001146097172441296,-0.0011460971724412405,-0.0011460971724412405,-0.001146097172441296,-0.0011460971724412405,-0.0011460971724412405,-0.0011460971724412405,-0.001146097172441296,-0.0011460971724412405,-0.0011460971724412405,-0.001146097172441296,-0.0011460971724412405,-0.0011460971724412405,-0.001146097172441296,-0.0011460971724412405,-0.0011460971724412405,-0.0011460971724412405,-0.001146097172441296,-0.0011460971724412405,0.0015607925129430544,0.0015607925129430544,0.0015607925129430544,0.0015607925129430544,0.0015607925129430544,0.0015607925129430544,0.0015607925129430544,0.001560792512942999,0.0015607925129430544,0.0015607925129430544,0.0015607925129430544,0.0015607925129430544,0.0015607925129430544,0.0015607925129430544,0.0015607925129430544,0.0015607925129430544,0.0015607925129430544,0.0015607925129430544,0.0015607925129430544,0.0015607925129430544,0.0015607925129430544,0.0015607925129430544,0.001560792512942999,0.0015607925129430544,0.0015607925129430544,0.0015607925129430544,0.0015607925129430544,0.0015607925129430544,0.0015607925129430544,0.0015607925129430544,0.0015607925129430544,0.0015366666666666307,0.0015366666666667417,0.0015366666666666307,0.0015366666666666307,0.0015366666666667417,0.0015366666666666307,0.0015366666666666307,0.0015366666666667417,0.0015366666666666307,0.0015366666666666307,0.0015366666666667417,0.0015366666666666307,0.0015366666666666307,0.0015366666666667417,0.0015366666666666307,0.0015366666666666307,0.0015366666666667417,0.0015366666666666307,0.0015366666666666307,0.0015366666666667417,0.0015366666666666307,0.0015366666666666307,0.0015366666666667417,0.0015366666666666307,0.0015366666666666307,0.0015366666666667417,0.0015366666666666307,0.0015366666666666307,0.0015366666666667417
0.05250201544896449,0.002639917695473226,0.002639917695473226,0.002639917695473337,0.002639917695473226,0.002639917695473226,0.002639917695473226,0.002639917695473226,0.002639917695473337,0.002639917695473226,0.002639917695473226,0.002639917695473226,0.002639917695473226,0.002639917695473337,0.002639917695473226,0.002639917695473226,0.002639917695473226,0.002639917695473226,0.002639917695473337,0.002639917695473226,0.002639917695473226,0.002639917695473226,0.002639917695473226,0.002639917695473337,0.002639917695473226,0.002639917695473226,0.002639917695473226,0.002639917695473226,0.002639917695473337,0.002639917695473226,0.002639917695473226,-0.0026039625647152898,-0.0026039625647151787,-0.0026039625647152898,-0.0026039625647152898,-0.0026039625647151787,-0.0026039625647152898,-0.0026039625647151787,-0.0026039625647152898,-0.0026039625647152898,-0.0026039625647151787,-0.0026039625647152898,-0.0026039625647152898,-0.0026039625647151787,-0.0026039625647152898,-0.0026039625647152898,-0.0026039625647151787,-0.0026039625647152898,-0.0026039625647152898,-0.0026039625647151787,-0.0026039625647152898,-0.0026039625647152898,-0.0026039625647151787,-0.0026039625647152898,-0.0026039625647151787,-0.0026039625647152898,-0.0026039625647152898,-0.0026039625647151787,-0.0026039625647152898,-0.0026039625647152898,-0.0026039625647151787,-0.0026039625647152898,-0.0039258847736625135,-0.0039258847736626246,-0.0039258847736625135,-0.0039258847736625135,-0.0039258847736626246,-0.0039258847736625135,-0.0039258847736626246,-0.0039258847736625135,-0.0039258847736625135,-0.0039258847736626246,-0.0039258847736625135,-0.0039258847736625135,-0.0039258847736626246,-0.0039258847736625135,-0.0039258847736626246,-0.0039258847736625135,-0.0039258847736625135,-0.0039258847736626246,-0.0039258847736625135,-0.0039258847736625135,-0.0039258847736626246,-0.0039258847736625135,-0.0039258847736625135,-0.0039258847736626246,-0.0039258847736625135,-0.0039258847736626246,-0.0039258847736625135,-0.0039258847736625135,-0.0039258847736626246,-0.0039258847736625135,-9.00039824769383e-6,-9.00039824769383e-6,-9.00039824769383e-6,-9.000398247804853e-6,-9.00039824769383e-6,-9.00039824769383e-6,-9.00039824769383e-6,-9.00039824769383e-6,-9.00039824769383e-6,-9.00039824769383e-6,-9.00039824769383e-6,-9.000398247804853e-6,-9.00039824769383e-6,-9.00039824769383e-6,-9.00039824769383e-6,-9.00039824769383e-6,-9.00039824769383e-6,-9.00039824769383e-6,-9.00039824769383e-6,-9.000398247804853e-6,-9.00039824769383e-6,-9.00039824769383e-6,-9.00039824769383e-6,-9.00039824769383e-6,-9.00039824769383e-6,-9.00039824769383e-6,-9.00039824769383e-6,-9.000398247804853e-6,-9.00039824769383e-6,-9.00039824769383e-6,-9.00039824769383e-6,9.593389088012882e-4,9.593389088012882e-4,9.593389088012882e-4,9.593389088011772e-4,9.593389088012882e-4,9.593389088012882e-4,9.593389088012882e-4,9.593389088012882e-4,9.593389088012882e-4,9.593389088012882e-4,9.593389088012882e-4,9.593389088011772e-4,9.593389088012882e-4,9.593389088012882e-4,9.593389088012882e-4,9.593389088012882e-4,9.593389088012882e-4,9.593389088012882e-4,9.593389088012882e-4,9.593389088011772e-4,9.593389088012882e-4,9.593389088012882e-4,9.593389088012882e-4,9.593389088012882e-4,9.593389088012882e-4,9.593389088012882e-4,9.593389088012882e-4,9.593389088011772e-4,9.593389088012882e-4,9.593389088012882e-4,9.593389088012882e-4,-0.0013524074074073855,-0.0013524074074073855,-0.0013524074074074965,-0.0013524074074073855,-0.0013524074074073855,-0.0013524074074073855,-0.0013524074074073855,-0.0013524074074074965,-0.0013524074074073855,-0.0013524074074073855,-0.0013524074074073855,-0.0013524074074073855,-0.0013524074074074965,-0.0013524074074073855,-0.0013524074074073855,-0.0013524074074073855,-0.0013524074074073855,-0.0013524074074074965,-0.0013524074074073855,-0.0013524074074073855,-0.0013524074074073855,-0.0013524074074073855,-0.0013524074074074965,-0.0013524074074073855,-0.0013524074074073855,-0.0013524074074073855,-0.0013524074074073855,-0.0013524074074074965,-0.0013524074074073855
-0.03173486305066442,0.004642983539094647,0.004642983539094647,0.004642983539094647,0.004642983539094647,0.004642983539094647,0.004642983539094647,0.004642983539094647,0.004642983539094647,0.004642983539094647,0.004642983539094647,0.004642983539094647,0.004642983539094647,0.004642983539094647,0.004642983539094647,0.004642983539094647,0.004642983539094647,0.004642983539094647,0.004642983539094647,0.004642983539094647,0.004642983539094647,0.004642983539094647,0.004642983539094647,0.004642983539094647,0.004642983539094647,0.004642983539094647,0.004642983539094647,0.004642983539094647,0.004642983539094647,0.004642983539094647,0.004642983539094647,-8.539426523297422e-4,-8.539426523297422e-4,-8.539426523297422e-4,-8.539426523297422e-4,-8.539426523297422e-4,-8.539426523297422e-4,-8.539426523297422e-4,-8.539426523298532e-4,-8.539426523297422e-4,-8.539426523297422e-4,-8.539426523297422e-4,-8.539426523297422e-4,-8.539426523297422e-4,-8.539426523297422e-4,-8.539426523297422e-4,-8.539426523297422e-4,-8.539426523297422e-4,-8.539426523297422e-4,-8.539426523297422e-4,-8.539426523297422e-4,-8.539426523297422e-4,-8.539426523297422e-4,-8.539426523298532e-4,-8.539426523297422e-4,-8.539426523297422e-4,-8.539426523297422e-4,-8.539426523297422e-4,-8.539426523297422e-4,-8.539426523297422e-4,-8.539426523297422e-4,-8.539426523297422e-4,-0.005490082304526744,-0.005490082304526744,-0.005490082304526744,-0.005490082304526744,-0.005490082304526744,-0.005490082304526744,-0.005490082304526744,-0.005490082304526744,-0.005490082304526855,-0.005490082304526744,-0.005490082304526744,-0.005490082304526744,-0.005490082304526744,-0.005490082304526744,-0.005490082304526744,-0.005490082304526744,-0.005490082304526744,-0.005490082304526744,-0.005490082304526744,-0.005490082304526744,-0.005490082304526744,-0.005490082304526744,-0.005490082304526855,-0.005490082304526744,-0.005490082304526744,-0.005490082304526744,-0.005490082304526744,-0.005490082304526744,-0.005490082304526744,-0.005490082304526744,6.716049382715639e-4,6.716049382716749e-4,6.716049382715639e-4,6.716049382716749e-4,6.716049382715639e-4,6.716049382715639e-4,6.716049382716749e-4,6.716049382715639e-4,6.716049382715639e-4,6.716049382716749e-4,6.716049382715639e-4,6.716049382716749e-4,6.716049382715639e-4,6.716049382715639e-4,6.716049382716749e-4,6.716049382715639e-4,6.716049382716749e-4,6.716049382715639e-4,6.716049382715639e-4,6.716049382716749e-4,6.716049382715639e-4,6.716049382716749e-4,6.716049382715639e-4,6.716049382715639e-4,6.716049382716749e-4,6.716049382715639e-4,6.716049382715639e-4,6.716049382716749e-4,6.716049382715639e-4,6.716049382716749e-4,6.716049382715639e-4,9.543409000398739e-4,9.543409000397629e-4,9.543409000398739e-4,9.543409000397629e-4,9.543409000398739e-4,9.543409000397629e-4,9.543409000398739e-4,9.543409000397629e-4,9.543409000398739e-4,9.543409000397629e-4,9.543409000398739e-4,9.543409000398739e-4,9.543409000397629e-4,9.543409000398739e-4,9.543409000397629e-4,9.543409000398739e-4,9.543409000397629e-4,9.543409000398739e-4,9.543409000397629e-4,9.543409000398739e-4,9.543409000397629e-4,9.543409000398739e-4,9.543409000398739e-4,9.543409000397629e-4,9.543409000398739e-4,9.543409000397629e-4,9.543409000398739e-4,9.543409000397629e-4,9.543409000398739e-4,9.543409000397629e-4,9.543409000398739e-4,0.0016790534979423954,0.0016790534979423954,0.0016790534979423954,0.0016790534979423954,0.0016790534979423954,0.0016790534979423954,0.0016790534979423954,0.0016790534979423954,0.0016790534979423954,0.0016790534979423954,0.0016790534979423954,0.0016790534979423954,0.0016790534979423954,0.0016790534979423954,0.0016790534979422844,0.0016790534979423954,0.0016790534979423954,0.0016790534979423954,0.0016790534979423954,0.0016790534979423954,0.0016790534979423954,0.0016790534979423954,0.0016790534979423954,0.0016790534979423954,0.0016790534979423954,0.0016790534979423954,0.0016790534979423954,0.0016790534979423954,0.0016790534979423954
-0.03872137387843222,0.004115164609053479,0.004115164609053479,0.00411516460905359,0.004115164609053479,0.004115164609053479,0.004115164609053479,0.004115164609053479,0.00411516460905359,0.004115164609053479,0.004115164609053479,0.004115164609053479,0.004115164609053479,0.00411516460905359,0.004115164609053479,0.004115164609053479,0.004115164609053479,0.004115164609053479,0.00411516460905359,0.004115164609053479,0.004115164609053479,0.004115164609053479,0.004115164609053479,0.00411516460905359,0.004115164609053479,0.004115164609053479,0.004115164609053479,0.004115164609053479,0.00411516460905359,0.004115164609053479,0.004115164609053479,-6.553763440860783e-4,-6.553763440859672e-4,-6.553763440860783e-4,-6.553763440859672e-4,-6.553763440860783e-4,-6.553763440859672e-4,-6.553763440860783e-4,-6.553763440859672e-4,-6.553763440860783e-4,-6.553763440859672e-4,-6.553763440860783e-4,-6.553763440859672e-4,-6.553763440860783e-4,-6.553763440859672e-4,-6.553763440860783e-4,-6.553763440859672e-4,-6.553763440860783e-4,-6.553763440859672e-4,-6.553763440860783e-4,-6.553763440859672e-4,-6.553763440860783e-4,-6.553763440859672e-4,-6.553763440860783e-4,-6.553763440859672e-4,-6.553763440860783e-4,-6.553763440859672e-4,-6.553763440860783e-4,-6.553763440859672e-4,-6.553763440860783e-4,-6.553763440860783e-4,-6.553763440859672e-4,-0.00557567901234568,-0.00557567901234568,-0.00557567901234568,-0.00557567901234568,-0.00557567901234568,-0.00557567901234568,-0.00557567901234568,-0.00557567901234568,-0.00557567901234568,-0.00557567901234568,-0.00557567901234568,-0.00557567901234568,-0.00557567901234568,-0.00557567901234568,-0.005575679012345569,-0.005575679012345791,-0.005575679012345569,-0.00557567901234568,-0.00557567901234568,-0.00557567901234568,-0.00557567901234568,-0.00557567901234568,-0.00557567901234568,-0.00557567901234568,-0.00557567901234568,-0.00557567901234568,-0.00557567901234568,-0.00557567901234568,-0.00557567901234568,-0.00557567901234568,0.0019469534050179371,0.0019469534050178816,0.0019469534050179371,0.0019469534050178816,0.0019469534050179371,0.0019469534050179371,0.0019469534050179371,0.0019469534050179371,0.0019469534050179371,0.0019469534050179371,0.0019469534050179371,0.001946953405017826,0.0019469534050179371,0.0019469534050179371,0.0019469534050179371,0.0019469534050179371,0.0019469534050179371,0.0019469534050179371,0.0019469534050179371,0.001946953405017826,0.0019469534050179371,0.0019469534050179371,0.0019469534050179371,0.0019469534050179371,0.0019469534050179371,0.0019469534050179371,0.001946953405017826,0.0019469534050179371,0.0019469534050179371,0.0019469534050179371,0.0019469534050179371,0.00157608522500996,0.00157608522500996,0.00157608522500996,0.00157608522500996,0.00157608522500996,0.00157608522500996,0.00157608522500996,0.001576085225009849,0.00157608522500996,0.00157608522500996,0.00157608522500996,0.00157608522500996,0.00157608522500996,0.00157608522500996,0.00157608522500996,0.00157608522500996,0.00157608522500996,0.00157608522500996,0.00157608522500996,0.00157608522500996,0.00157608522500996,0.00157608522500996,0.001576085225009849,0.00157608522500996,0.00157608522500996,0.00157608522500996,0.00157608522500996,0.00157608522500996,0.00157608522500996,0.00157608522500996,0.00157608522500996,5.0419753086417e-4,5.04197530864281e-4,5.0419753086417e-4,5.0419753086417e-4,5.0419753086417e-4,5.04197530864281e-4,5.0419753086417e-4,5.0419753086417e-4,5.0419753086417e-4,5.04197530864281e-4,5.0419753086417e-4,5.0419753086417e-4,5.0419753086417e-4,5.04197530864281e-4,5.0419753086417e-4,5.0419753086417e-4,5.04197530864281e-4,5.0419753086417e-4,5.0419753086417e-4,5.0419753086417e-4,5.04197530864281e-4,5.0419753086417e-4,5.0419753086417e-4,5.0419753086417e-4,5.04197530864281e-4,5.0419753086417e-4,5.0419753086417e-4,5.0419753086417e-4,5.04197530864281e-4
-0.022502614180665126,0.003569609053497902,0.003569609053498013,0.003569609053497902,0.003569609053497902,0.003569609053498013,0.003569609053497902,0.003569609053498013,0.003569609053497902,0.003569609053497902,0.003569609053498013,0.003569609053497902,0.003569609053497902,0.003569609053498013,0.003569609053497902,0.003569609053498013,0.003569609053497902,0.003569609053497902,0.003569609053498013,0.003569609053497902,0.003569609053497902,0.003569609053498013,0.003569609053497902,0.003569609053497902,0.003569609053498013,0.003569609053497902,0.003569609053497902,0.003569609053498013,0.003569609053497902,0.003569609053498013,0.003569609053497902,-5.012943050577423e-4,-5.012943050577423e-4,-5.012943050577423e-4,-5.012943050577423e-4,-5.012943050577423e-4,-5.012943050577423e-4,-5.012943050577423e-4,-5.012943050577423e-4,-5.012943050577423e-4,-5.012943050577423e-4,-5.012943050577423e-4,-5.012943050577423e-4,-5.012943050577423e-4,-5.012943050577423e-4,-5.012943050577423e-4,-5.012943050578533e-4,-5.012943050577423e-4,-5.012943050577423e-4,-5.012943050577423e-4,-5.012943050577423e-4,-5.012943050577423e-4,-5.012943050577423e-4,-5.012943050577423e-4,-5.012943050577423e-4,-5.012943050577423e-4,-5.012943050577423e-4,-5.012943050577423e-4,-5.012943050577423e-4,-5.012943050577423e-4,-5.012943050577423e-4,-5.012943050577423e-4,-0.002198333333333302,-0.002198333333333413,-0.002198333333333302,-0.002198333333333302,-0.002198333333333302,-0.002198333333333413,-0.002198333333333302,-0.002198333333333302,-0.002198333333333413,-0.002198333333333302,-0.002198333333333302,-0.002198333333333413,-0.002198333333333302,-0.002198333333333302,-0.002198333333333413,-0.002198333333333302,-0.002198333333333302,-0.002198333333333302,-0.002198333333333413,-0.002198333333333302,-0.002198333333333302,-0.002198333333333413,-0.002198333333333302,-0.002198333333333302,-0.002198333333333302,-0.002198333333333413,-0.002198333333333302,-0.002198333333333302,-0.002198333333333413,-0.002198333333333302,-0.003426403823178048,-0.003426403823177937,-0.003426403823178048,-0.003426403823178048,-0.003426403823178048,-0.003426403823177937,-0.003426403823178048,-0.003426403823178048,-0.003426403823177937,-0.003426403823178048,-0.003426403823178048,-0.003426403823177937,-0.003426403823178048,-0.003426403823178048,-0.003426403823178048,-0.003426403823177937,-0.003426403823178048,-0.003426403823178048,-0.003426403823178048,-0.003426403823177937,-0.003426403823178048,-0.003426403823178048,-0.003426403823177937,-0.003426403823178048,-0.003426403823178048,-0.003426403823177937,-0.003426403823178048,-0.003426403823178048,-0.003426403823177937,-0.003426403823178048,-0.003426403823178048,0.0020910394265233334,0.0020910394265232224,0.0020910394265233334,0.0020910394265233334,0.0020910394265232224,0.0020910394265233334,0.0020910394265233334,0.0020910394265232224,0.0020910394265233334,0.0020910394265233334,0.0020910394265232224,0.0020910394265233334,0.0020910394265233334,0.0020910394265232224,0.0020910394265233334,0.0020910394265233334,0.0020910394265233334,0.0020910394265232224,0.0020910394265233334,0.0020910394265233334,0.0020910394265232224,0.0020910394265233334,0.0020910394265233334,0.0020910394265232224,0.0020910394265233334,0.0020910394265233334,0.0020910394265232224,0.0020910394265233334,0.0020910394265233334,0.0020910394265232224,0.0020910394265233334,0.0011240740740741106,0.0011240740740739996,0.0011240740740741106,0.0011240740740741106,0.0011240740740739996,0.0011240740740741106,0.0011240740740741106,0.0011240740740739996,0.0011240740740741106,0.0011240740740741106,0.0011240740740739996,0.0011240740740741106,0.0011240740740741106,0.0011240740740739996,0.0011240740740741106,0.0011240740740741106,0.0011240740740739996,0.0011240740740741106,0.0011240740740741106,0.0011240740740739996,0.0011240740740741106,0.0011240740740741106,0.0011240740740739996,0.0011240740740741106,0.0011240740740741106,0.0011240740740739996,0.0011240740740741106,0.0011240740740741106,0.0011240740740739996
-0.006451791135397733,0.0032845061728394853,0.0032845061728394853,0.0032845061728395963,0.0032845061728394853,0.0032845061728394853,0.0032845061728394853,0.0032845061728394853,0.0032845061728395963,0.0032845061728394853,0.0032845061728394853,0.0032845061728394853,0.0032845061728394853,0.0032845061728395963,0.0032845061728394853,0.0032845061728394853,0.0032845061728394853,0.0032845061728394853,0.0032845061728395963,0.0032845061728394853,0.0032845061728394853,0.0032845061728394853,0.0032845061728394853,0.0032845061728395963,0.0032845061728394853,0.0032845061728394853,0.0032845061728394853,0.0032845061728394853,0.0032845061728395963,0.0032845061728394853,0.0032845061728394853,-0.0036104340900039444,-0.0036104340900040555,-0.0036104340900039444,-0.0036104340900039444,-0.0036104340900040555,-0.0036104340900039444,-0.0036104340900039444,-0.0036104340900040555,-0.0036104340900039444,-0.0036104340900040555,-0.0036104340900039444,-0.0036104340900039444,-0.0036104340900040555,-0.0036104340900039444,-0.0036104340900039444,-0.0036104340900040555,-0.0036104340900039444,-0.0036104340900039444,-0.0036104340900040555,-0.0036104340900039444,-0.0036104340900039444,-0.0036104340900040555,-0.0036104340900039444,-0.0036104340900039444,-0.0036104340900040555,-0.0036104340900039444,-0.0036104340900040555,-0.0036104340900039444,-0.0036104340900039444,-0.0036104340900040555,-0.0036104340900039444,9.21419753086461e-4,9.214197530863499e-4,9.21419753086461e-4,9.21419753086461e-4,9.214197530863499e-4,9.21419753086461e-4,9.214197530863499e-4,9.21419753086461e-4,9.21419753086461e-4,9.214197530863499e-4,9.21419753086461e-4,9.21419753086461e-4,9.214197530863499e-4,9.21419753086461e-4,9.214197530863499e-4,9.21419753086461e-4,9.21419753086461e-4,9.214197530863499e-4,9.21419753086461e-4,9.21419753086461e-4,9.214197530863499e-4,9.21419753086461e-4,9.21419753086461e-4,9.214197530863499e-4,9.21419753086461e-4,9.214197530863499e-4,9.21419753086461e-4,9.21419753086461e-4,9.214197530863499e-4,9.21419753086461e-4,-0.001333870967741957,-0.001333870967741957,-0.0013338709677418459,-0.001333870967741957,-0.001333870967741957,-0.001333870967741957,-0.001333870967741957,-0.0013338709677418459,-0.001333870967741957,-0.001333870967741957,-0.001333870967741957,-0.001333870967741957,-0.0013338709677418459,-0.001333870967741957,-0.001333870967741957,-0.001333870967741957,-0.001333870967741957,-0.001333870967741957,-0.0013338709677418459,-0.001333870967741957,-0.001333870967741957,-0.001333870967741957,-0.001333870967741957,-0.0013338709677418459,-0.001333870967741957,-0.001333870967741957,-0.001333870967741957,-0.001333870967741957,-0.0013338709677418459,-0.001333870967741957,-0.001333870967741957,-5.499800876140881e-5,-5.4998008761519834e-5,-5.499800876140881e-5,-5.4998008761519834e-5,-5.499800876140881e-5,-5.499800876140881e-5,-5.4998008761519834e-5,-5.499800876140881e-5,-5.499800876140881e-5,-5.4998008761519834e-5,-5.499800876140881e-5,-5.4998008761519834e-5,-5.499800876140881e-5,-5.499800876140881e-5,-5.4998008761519834e-5,-5.499800876140881e-5,-5.4998008761519834e-5,-5.499800876140881e-5,-5.499800876140881e-5,-5.4998008761519834e-5,-5.499800876140881e-5,-5.4998008761519834e-5,-5.499800876140881e-5,-5.499800876140881e-5,-5.4998008761519834e-5,-5.499800876140881e-5,-5.499800876140881e-5,-5.4998008761519834e-5,-5.499800876140881e-5,-5.4998008761519834e-5,-5.499800876140881e-5,6.550205761316485e-4,6.550205761317596e-4,6.550205761316485e-4,6.550205761316485e-4,6.550205761317596e-4,6.550205761316485e-4,6.550205761317596e-4,6.550205761316485e-4,6.550205761316485e-4,6.550205761317596e-4,6.550205761316485e-4,6.550205761316485e-4,6.550205761317596e-4,6.550205761316485e-4,6.550205761317596e-4,6.550205761316485e-4,6.550205761316485e-4,6.550205761317596e-4,6.550205761316485e-4,6.550205761316485e-4,6.550205761317596e-4,6.550205761316485e-4,6.550205761316485e-4,6.550205761317596e-4,6.550205761316485e-4,6.550205761317596e-4,6.550205761316485e-4,6.550205761316485e-4,6.550205761317596e-4
-0.021875404776361074,0.004650205761316917,0.004650205761316806,0.004650205761316917,0.004650205761316806,0.004650205761316917,0.004650205761316917,0.004650205761316806,0.004650205761316917,0.004650205761316806,0.004650205761316917,0.004650205761316917,0.004650205761316806,0.004650205761316917,0.004650205761316806,0.004650205761316917,0.004650205761316917,0.004650205761316806,0.004650205761316917,0.004650205761316806,0.004650205761316917,0.004650205761316917,0.004650205761316806,0.004650205761316917,0.004650205761316806,0.004650205761316917,0.004650205761316917,0.004650205761316806,0.004650205761316917,0.004650205761316806,0.004650205761316917,-0.00304418558343289,-0.00304418558343289,-0.00304418558343289,-0.00304418558343289,-0.00304418558343289,-0.00304418558343289,-0.00304418558343289,-0.00304418558343289,-0.003044185583433001,-0.00304418558343289,-0.00304418558343289,-0.00304418558343289,-0.00304418558343289,-0.00304418558343289,-0.00304418558343289,-0.00304418558343289,-0.00304418558343289,-0.00304418558343289,-0.00304418558343289,-0.00304418558343289,-0.00304418558343289,-0.003044185583433001,-0.00304418558343289,-0.00304418558343289,-0.00304418558343289,-0.00304418558343289,-0.00304418558343289,-0.00304418558343289,-0.00304418558343289,-0.00304418558343289,-0.00304418558343289,-0.0020888683127572305,-0.0020888683127571195,-0.0020888683127572305,-0.0020888683127572305,-0.0020888683127572305,-0.0020888683127571195,-0.0020888683127572305,-0.0020888683127572305,-0.0020888683127572305,-0.0020888683127571195,-0.0020888683127572305,-0.0020888683127572305,-0.0020888683127572305,-0.0020888683127571195,-0.0020888683127572305,-0.0020888683127572305,-0.0020888683127571195,-0.0020888683127572305,-0.0020888683127572305,-0.0020888683127572305,-0.0020888683127571195,-0.0020888683127572305,-0.0020888683127572305,-0.0020888683127572305,-0.0020888683127571195,-0.0020888683127572305,-0.0020888683127572305,-0.0020888683127572305,-0.0020888683127571195,-0.0020888683127572305,-2.384508164078314e-4,-2.3845081640772037e-4,-2.384508164078314e-4,-2.384508164078314e-4,-2.384508164078314e-4,-2.3845081640772037e-4,-2.384508164078314e-4,-2.384508164078314e-4,-2.384508164078314e-4,-2.3845081640772037e-4,-2.384508164078314e-4,-2.384508164078314e-4,-2.384508164078314e-4,-2.3845081640772037e-4,-2.384508164078314e-4,-2.384508164078314e-4,-2.384508164078314e-4,-2.3845081640772037e-4,-2.384508164078314e-4,-2.384508164078314e-4,-2.384508164078314e-4,-2.3845081640772037e-4,-2.384508164078314e-4,-2.384508164078314e-4,-2.384508164078314e-4,-2.3845081640772037e-4,-2.384508164078314e-4,-2.384508164078314e-4,-2.384508164078314e-4,-2.3845081640772037e-4,-2.384508164078314e-4,2.757068896853676e-4,2.757068896853676e-4,2.757068896853676e-4,2.7570688968547863e-4,2.757068896853676e-4,2.757068896853676e-4,2.757068896853676e-4,2.757068896853676e-4,2.757068896853676e-4,2.757068896853676e-4,2.757068896853676e-4,2.7570688968547863e-4,2.757068896853676e-4,2.757068896853676e-4,2.757068896853676e-4,2.757068896853676e-4,2.757068896853676e-4,2.757068896853676e-4,2.757068896853676e-4,2.7570688968547863e-4,2.757068896853676e-4,2.757068896853676e-4,2.757068896853676e-4,2.757068896853676e-4,2.757068896853676e-4,2.757068896853676e-4,2.757068896853676e-4,2.7570688968547863e-4,2.757068896853676e-4,2.757068896853676e-4,2.757068896853676e-4,9.555967078189731e-4,9.555967078188621e-4,9.555967078189731e-4,9.555967078189731e-4,9.555967078188621e-4,9.555967078189731e-4,9.555967078188621e-4,9.555967078189731e-4,9.555967078189731e-4,9.555967078188621e-4,9.555967078189731e-4,9.555967078189731e-4,9.555967078188621e-4,9.555967078189731e-4,9.555967078188621e-4,9.555967078189731e-4,9.555967078189731e-4,9.555967078188621e-4,9.555967078189731e-4,9.555967078189731e-4,9.555967078188621e-4,9.555967078189731e-4,9.555967078189731e-4,9.555967078188621e-4,9.555967078189731e-4,9.555967078188621e-4,9.555967078189731e-4,9.555967078189731e-4,9.555967078188621e-4
-0.09082309417796663,0.004674074074074053,0.004674074074074053,0.004674074074074164,0.004674074074074053,0.004674074074074053,0.004674074074074053,0.004674074074074053,0.004674074074074053,0.004674074074074053,0.004674074074074164,0.004674074074074053,0.004674074074074053,0.004674074074074053,0.004674074074074053,0.004674074074074164,0.004674074074074053,0.004674074074074053,0.004674074074074053,0.004674074074074053,0.004674074074074053,0.004674074074074053,0.004674074074074164,0.004674074074074053,0.004674074074074053,0.004674074074074053,0.004674074074074053,0.004674074074074164,0.004674074074074053,0.004674074074074053,0.004674074074074053,0.0017303863002787745,0.0017303863002787745,0.0017303863002787745,0.0017303863002787745,0.0017303863002787745,0.0017303863002787745,0.0017303863002787745,0.0017303863002787745,0.0017303863002787745,0.0017303863002787745,0.0017303863002787745,0.0017303863002787745,0.0017303863002787745,0.0017303863002787745,0.0017303863002788855,0.0017303863002786635,0.0017303863002788855,0.0017303863002787745,0.0017303863002787745,0.0017303863002787745,0.0017303863002787745,0.0017303863002787745,0.0017303863002787745,0.0017303863002787745,0.0017303863002787745,0.0017303863002787745,0.0017303863002787745,0.0017303863002787745,0.0017303863002787745,0.0017303863002787745,0.0017303863002787745,-0.006315967078189266,-0.006315967078189377,-0.006315967078189266,-0.006315967078189266,-0.006315967078189377,-0.006315967078189266,-0.006315967078189266,-0.006315967078189377,-0.006315967078189266,-0.006315967078189266,-0.006315967078189377,-0.006315967078189266,-0.006315967078189266,-0.006315967078189377,-0.006315967078189266,-0.006315967078189266,-0.006315967078189377,-0.006315967078189266,-0.006315967078189266,-0.006315967078189266,-0.006315967078189377,-0.006315967078189266,-0.006315967078189377,-0.006315967078189266,-0.006315967078189377,-0.006315967078189266,-0.006315967078189266,-0.006315967078189266,-0.006315967078189377,-0.006315967078189266,0.00220977698128233,0.002209776981282441,0.00220977698128233,0.00220977698128233,0.00220977698128233,0.002209776981282441,0.00220977698128233,0.00220977698128233,0.00220977698128233,0.002209776981282441,0.00220977698128233,0.00220977698128233,0.00220977698128233,0.002209776981282441,0.00220977698128233,0.00220977698128233,0.00220977698128233,0.002209776981282441,0.00220977698128233,0.00220977698128233,0.00220977698128233,0.002209776981282441,0.00220977698128233,0.00220977698128233,0.00220977698128233,0.002209776981282441,0.00220977698128233,0.00220977698128233,0.002209776981282441,0.00220977698128233,0.00220977698128233,5.089605734767133e-4,5.089605734767133e-4,5.089605734767133e-4,5.089605734767133e-4,5.089605734767133e-4,5.089605734766023e-4,5.089605734767133e-4,5.089605734767133e-4,5.089605734767133e-4,5.089605734767133e-4,5.089605734767133e-4,5.089605734767133e-4,5.089605734767133e-4,5.089605734767133e-4,5.089605734767133e-4,5.089605734766023e-4,5.089605734767133e-4,5.089605734767133e-4,5.089605734767133e-4,5.089605734767133e-4,5.089605734767133e-4,5.089605734767133e-4,5.089605734767133e-4,5.089605734767133e-4,5.089605734767133e-4,5.089605734766023e-4,5.089605734767133e-4,5.089605734767133e-4,5.089605734767133e-4,5.089605734767133e-4,5.089605734767133e-4,1.0973251028811859e-4,1.0973251028800757e-4,1.0973251028811859e-4,1.0973251028800757e-4,1.0973251028811859e-4,1.0973251028800757e-4,1.0973251028811859e-4,1.0973251028800757e-4,1.0973251028811859e-4,1.0973251028800757e-4,1.0973251028811859e-4,1.0973251028800757e-4,1.0973251028811859e-4,1.0973251028800757e-4,1.0973251028811859e-4,1.0973251028811859e-4,1.0973251028800757e-4,1.0973251028811859e-4,1.0973251028800757e-4,1.0973251028811859e-4,1.0973251028800757e-4,1.0973251028811859e-4,1.0973251028800757e-4,1.0973251028811859e-4,1.0973251028800757e-4,1.0973251028811859e-4,1.0973251028800757e-4,1.0973251028811859e-4,1.0973251028800757e-4
-0.08528541624502461,0.002068518518518525,0.002068518518518525,0.002068518518518525,0.002068518518518525,0.002068518518518525,0.002068518518518525,0.002068518518518525,0.002068518518518414,0.002068518518518525,0.002068518518518525,0.002068518518518525,0.002068518518518525,0.002068518518518525,0.002068518518518525,0.002068518518518525,0.002068518518518525,0.002068518518518525,0.002068518518518525,0.002068518518518525,0.002068518518518525,0.002068518518518525,0.002068518518518414,0.002068518518518525,0.002068518518518525,0.002068518518518525,0.002068518518518525,0.002068518518518525,0.002068518518518525,0.002068518518518525,0.002068518518518525,0.001905575467941012,0.001905575467941123,0.001905575467941012,0.001905575467941123,0.001905575467941012,0.001905575467941123,0.001905575467941012,0.001905575467941012,0.001905575467941123,0.001905575467941012,0.001905575467941123,0.001905575467941012,0.001905575467941012,0.001905575467941123,0.001905575467941012,0.001905575467941123,0.001905575467941012,0.001905575467941123,0.001905575467941012,0.001905575467941012,0.001905575467941123,0.001905575467941012,0.001905575467941123,0.001905575467941012,0.001905575467941012,0.001905575467941123,0.001905575467941012,0.001905575467941123,0.001905575467941012,0.001905575467941123,0.001905575467941012,2.815432098765003e-4,2.815432098766113e-4,2.815432098765003e-4,2.815432098766113e-4,2.815432098765003e-4,2.815432098765003e-4,2.815432098766113e-4,2.815432098765003e-4,2.815432098766113e-4,2.815432098765003e-4,2.815432098765003e-4,2.815432098766113e-4,2.815432098765003e-4,2.815432098766113e-4,2.815432098765003e-4,2.815432098765003e-4,2.815432098766113e-4,2.815432098765003e-4,2.815432098766113e-4,2.815432098765003e-4,2.815432098765003e-4,2.815432098766113e-4,2.815432098765003e-4,2.815432098766113e-4,2.815432098765003e-4,2.815432098765003e-4,2.815432098766113e-4,2.815432098765003e-4,2.815432098766113e-4,2.815432098765003e-4,-0.0011514536041418166,-0.0011514536041417056,-0.0011514536041418166,-0.0011514536041418166,-0.0011514536041417056,-0.0011514536041418166,-0.0011514536041418166,-0.0011514536041417056,-0.0011514536041418166,-0.0011514536041417056,-0.0011514536041418166,-0.0011514536041418166,-0.0011514536041417056,-0.0011514536041418166,-0.0011514536041418166,-0.0011514536041417056,-0.0011514536041418166,-0.0011514536041418166,-0.0011514536041417056,-0.0011514536041418166,-0.0011514536041418166,-0.0011514536041417056,-0.0011514536041418166,-0.0011514536041417056,-0.0011514536041418166,-0.0011514536041418166,-0.0011514536041417056,-0.0011514536041418166,-0.0011514536041418166,-0.0011514536041417056,-0.0011514536041418166,-2.093787335722963e-4,-2.093787335722963e-4,-2.093787335722963e-4,-2.0937873357218528e-4,-2.093787335722963e-4,-2.093787335722963e-4,-2.093787335722963e-4,-2.093787335722963e-4,-2.093787335722963e-4,-2.093787335722963e-4,-2.093787335722963e-4,-2.0937873357218528e-4,-2.093787335722963e-4,-2.093787335722963e-4,-2.093787335722963e-4,-2.093787335722963e-4,-2.093787335722963e-4,-2.093787335722963e-4,-2.093787335722963e-4,-2.0937873357218528e-4,-2.093787335722963e-4,-2.093787335722963e-4,-2.093787335722963e-4,-2.093787335722963e-4,-2.093787335722963e-4,-2.093787335722963e-4,-2.093787335722963e-4,-2.0937873357218528e-4,-2.093787335722963e-4,-2.093787335722963e-4,-2.093787335722963e-4,-0.0017808641975308737,-0.0017808641975308737,-0.0017808641975308737,-0.0017808641975308737,-0.0017808641975308737,-0.0017808641975307626,-0.0017808641975308737,-0.0017808641975308737,-0.0017808641975308737,-0.0017808641975308737,-0.0017808641975308737,-0.0017808641975308737,-0.0017808641975308737,-0.0017808641975308737,-0.0017808641975307626,-0.0017808641975308737,-0.0017808641975308737,-0.0017808641975308737,-0.0017808641975308737,-0.0017808641975308737,-0.0017808641975308737,-0.0017808641975308737,-0.0017808641975308737,-0.0017808641975308737,-0.0017808641975308737,-0.0017808641975307626,-0.0017808641975308737,-0.0017808641975308737,-0.0017808641975308737
-0.05252949976388044,0.0029993415637860066,0.0029993415637860066,0.0029993415637860066,0.0029993415637860066,0.0029993415637860066,0.0029993415637860066,0.0029993415637860066,0.0029993415637860066,0.0029993415637860066,0.0029993415637860066,0.0029993415637860066,0.0029993415637860066,0.0029993415637860066,0.0029993415637860066,0.0029993415637860066,0.0029993415637860066,0.0029993415637860066,0.0029993415637860066,0.0029993415637860066,0.0029993415637860066,0.0029993415637860066,0.0029993415637860066,0.0029993415637860066,0.0029993415637860066,0.0029993415637860066,0.0029993415637860066,0.0029993415637860066,0.0029993415637860066,0.0029993415637860066,0.0029993415637860066,-0.001469593787335688,-0.001469593787335799,-0.001469593787335688,-0.001469593787335688,-0.001469593787335799,-0.001469593787335688,-0.001469593787335688,-0.001469593787335799,-0.001469593787335688,-0.001469593787335688,-0.001469593787335799,-0.001469593787335688,-0.001469593787335688,-0.001469593787335688,-0.001469593787335799,-0.001469593787335688,-0.001469593787335688,-0.001469593787335799,-0.001469593787335688,-0.001469593787335688,-0.001469593787335799,-0.001469593787335688,-0.001469593787335688,-0.001469593787335799,-0.001469593787335688,-0.001469593787335688,-0.001469593787335799,-0.001469593787335688,-0.001469593787335688,-0.001469593787335799,-0.001469593787335688,0.0010099588477365806,0.0010099588477366916,0.0010099588477365806,0.0010099588477366916,0.0010099588477365806,0.0010099588477365806,0.0010099588477366916,0.0010099588477365806,0.0010099588477366916,0.0010099588477365806,0.0010099588477365806,0.0010099588477366916,0.0010099588477365806,0.0010099588477366916,0.0010099588477365806,0.0010099588477365806,0.0010099588477366916,0.0010099588477365806,0.0010099588477366916,0.0010099588477365806,0.0010099588477365806,0.0010099588477366916,0.0010099588477365806,0.0010099588477366916,0.0010099588477365806,0.0010099588477365806,0.0010099588477366916,0.0010099588477365806,0.0010099588477366916,0.0010099588477365806,-0.0018515332536838125,-0.0018515332536838125,-0.0018515332536837015,-0.0018515332536838125,-0.0018515332536838125,-0.0018515332536838125,-0.0018515332536837015,-0.0018515332536838125,-0.0018515332536838125,-0.0018515332536838125,-0.0018515332536838125,-0.0018515332536837015,-0.0018515332536838125,-0.0018515332536838125,-0.0018515332536838125,-0.0018515332536837015,-0.0018515332536838125,-0.0018515332536838125,-0.0018515332536838125,-0.0018515332536838125,-0.0018515332536837015,-0.0018515332536838125,-0.0018515332536838125,-0.0018515332536838125,-0.0018515332536837015,-0.0018515332536838125,-0.0018515332536838125,-0.0018515332536838125,-0.0018515332536837015,-0.0018515332536838125,-0.0018515332536838125,0.0015277777777777946,0.0015277777777777946,0.0015277777777776835,0.0015277777777777946,0.0015277777777777946,0.0015277777777777946,0.0015277777777777946,0.0015277777777776835,0.0015277777777777946,0.0015277777777777946,0.0015277777777777946,0.0015277777777777946,0.0015277777777777946,0.0015277777777776835,0.0015277777777777946,0.0015277777777777946,0.0015277777777777946,0.0015277777777777946,0.0015277777777776835,0.0015277777777777946,0.0015277777777777946,0.0015277777777777946,0.0015277777777777946,0.0015277777777776835,0.0015277777777777946,0.0015277777777777946,0.0015277777777777946,0.0015277777777777946,0.0015277777777776835,0.0015277777777777946,0.0015277777777777946,-4.903086419753011e-4,-4.903086419753011e-4,-4.903086419753011e-4,-4.903086419753011e-4,-4.903086419753011e-4,-4.903086419753011e-4,-4.903086419753011e-4,-4.903086419753011e-4,-4.903086419753011e-4,-4.903086419753011e-4,-4.903086419753011e-4,-4.903086419753011e-4,-4.903086419753011e-4,-4.903086419753011e-4,-4.903086419754121e-4,-4.903086419753011e-4,-4.903086419753011e-4,-4.903086419753011e-4,-4.903086419753011e-4,-4.903086419753011e-4,-4.903086419753011e-4,-4.903086419753011e-4,-4.903086419753011e-4,-4.903086419753011e-4,-4.903086419753011e-4,-4.903086419753011e-4,-4.903086419753011e-4,-4.903086419753011e-4,-4.903086419753011e-4
-0.13249419989205957,0.004672427983539118,0.0046724279835390625,0.004672427983539118,0.0046724279835390625,0.0046724279835390625,0.0046724279835391735,0.0046724279835390625,0.0046724279835390625,0.0046724279835390625,0.0046724279835391735,0.0046724279835390625,0.0046724279835390625,0.0046724279835391735,0.0046724279835390625,0.0046724279835390625,0.0046724279835390625,0.0046724279835390625,0.0046724279835391735,0.0046724279835390625,0.0046724279835390625,0.0046724279835391735,0.0046724279835390625,0.0046724279835390625,0.0046724279835390625,0.0046724279835391735,0.0046724279835390625,0.0046724279835390625,0.0046724279835391735,0.0046724279835390625,0.0046724279835390625,0.0014070489844683065,0.0014070489844684175,0.0014070489844683065,0.0014070489844683065,0.0014070489844683065,0.0014070489844684175,0.0014070489844683065,0.0014070489844683065,0.0014070489844684175,0.0014070489844683065,0.0014070489844683065,0.0014070489844683065,0.0014070489844684175,0.0014070489844683065,0.0014070489844683065,0.0014070489844684175,0.0014070489844683065,0.0014070489844683065,0.0014070489844684175,0.0014070489844683065,0.0014070489844683065,0.0014070489844683065,0.0014070489844684175,0.0014070489844683065,0.0014070489844683065,0.0014070489844684175,0.0014070489844683065,0.0014070489844683065,0.0014070489844683065,0.0014070489844684175,0.0014070489844683065,-0.0026573662551440114,-0.0026573662551440114,-0.0026573662551441224,-0.0026573662551440114,-0.0026573662551440114,-0.0026573662551440114,-0.0026573662551440114,-0.0026573662551441224,-0.0026573662551440114,-0.0026573662551440114,-0.0026573662551440114,-0.0026573662551440114,-0.0026573662551441224,-0.0026573662551440114,-0.0026573662551440114,-0.0026573662551440114,-0.0026573662551440114,-0.0026573662551441224,-0.0026573662551440114,-0.0026573662551440114,-0.0026573662551440114,-0.0026573662551440114,-0.0026573662551441224,-0.0026573662551440114,-0.0026573662551440114,-0.0026573662551440114,-0.0026573662551440114,-0.0026573662551441224,-0.0026573662551440114,-0.0026573662551440114,0.002522520908004755,0.002522520908004755,0.002522520908004866,0.002522520908004755,0.002522520908004755,0.002522520908004755,0.002522520908004866,0.002522520908004755,0.002522520908004755,0.002522520908004755,0.002522520908004866,0.002522520908004755,0.002522520908004755,0.002522520908004755,0.002522520908004755,0.002522520908004866,0.002522520908004755,0.002522520908004755,0.002522520908004755,0.002522520908004755,0.002522520908004866,0.002522520908004755,0.002522520908004755,0.002522520908004755,0.002522520908004866,0.002522520908004755,0.002522520908004755,0.002522520908004755,0.002522520908004866,0.002522520908004755,0.002522520908004755,-0.001158482676224648,-0.001158482676224537,-0.001158482676224648,-0.001158482676224648,-0.001158482676224537,-0.001158482676224648,-0.001158482676224648,-0.001158482676224537,-0.001158482676224648,-0.001158482676224648,-0.001158482676224537,-0.001158482676224648,-0.001158482676224648,-0.001158482676224537,-0.001158482676224648,-0.001158482676224648,-0.001158482676224648,-0.001158482676224537,-0.001158482676224648,-0.001158482676224648,-0.001158482676224537,-0.001158482676224648,-0.001158482676224648,-0.001158482676224537,-0.001158482676224648,-0.001158482676224648,-0.001158482676224537,-0.001158482676224648,-0.001158482676224648,-0.001158482676224537,-0.001158482676224648,-0.0024021604938271324,-0.0024021604938271324,-0.0024021604938272434,-0.0024021604938271324,-0.0024021604938271324,-0.0024021604938271324,-0.0024021604938272434,-0.0024021604938271324,-0.0024021604938271324,-0.0024021604938271324,-0.0024021604938272434,-0.0024021604938271324,-0.0024021604938271324,-0.0024021604938271324,-0.0024021604938271324,-0.0024021604938272434,-0.0024021604938271324,-0.0024021604938271324,-0.0024021604938271324,-0.0024021604938272434,-0.0024021604938271324,-0.0024021604938271324,-0.0024021604938271324,-0.0024021604938272434,-0.0024021604938271324,-0.0024021604938271324,-0.0024021604938271324,-0.0024021604938272434,-0.0024021604938271324
-0.008917149025163607,0.0011573045267490034,0.0011573045267488924,0.0011573045267490034,0.0011573045267490034,0.0011573045267490034,0.0011573045267488924,0.0011573045267490034,0.0011573045267490034,0.0011573045267488924,0.0011573045267490034,0.0011573045267490034,0.0011573045267488924,0.0011573045267490034,0.0011573045267490034,0.0011573045267488924,0.0011573045267490034,0.0011573045267490034,0.0011573045267490034,0.0011573045267488924,0.0011573045267490034,0.0011573045267490034,0.0011573045267488924,0.0011573045267490034,0.0011573045267490034,0.0011573045267490034,0.0011573045267488924,0.0011573045267490034,0.0011573045267490034,0.0011573045267488924,0.0011573045267490034,-0.0014160892074870368,-0.0014160892074870368,-0.0014160892074871478,-0.0014160892074870368,-0.0014160892074870368,-0.0014160892074870368,-0.0014160892074870368,-0.0014160892074871478,-0.0014160892074870368,-0.0014160892074870368,-0.0014160892074870368,-0.0014160892074870368,-0.0014160892074871478,-0.0014160892074870368,-0.0014160892074870368,-0.0014160892074870368,-0.0014160892074870368,-0.0014160892074871478,-0.0014160892074870368,-0.0014160892074870368,-0.0014160892074870368,-0.0014160892074870368,-0.0014160892074870368,-0.0014160892074871478,-0.0014160892074870368,-0.0014160892074870368,-0.0014160892074870368,-0.0014160892074870368,-0.0014160892074871478,-0.0014160892074870368,-0.0014160892074870368,8.314197530864265e-4,8.314197530864265e-4,8.314197530864265e-4,8.314197530864265e-4,8.314197530864265e-4,8.314197530864265e-4,8.314197530864265e-4,8.314197530864265e-4,8.314197530864265e-4,8.314197530864265e-4,8.314197530864265e-4,8.314197530864265e-4,8.314197530864265e-4,8.314197530864265e-4,8.314197530863154e-4,8.314197530864265e-4,8.314197530864265e-4,8.314197530864265e-4,8.314197530864265e-4,8.314197530864265e-4,8.314197530864265e-4,8.314197530864265e-4,8.314197530864265e-4,8.314197530864265e-4,8.314197530864265e-4,8.314197530864265e-4,8.314197530864265e-4,8.314197530864265e-4,8.314197530864265e-4,8.314197530864265e-4,7.347670250901217e-5,7.347670250890115e-5,7.347670250901217e-5,7.347670250890115e-5,7.347670250901217e-5,7.347670250890115e-5,7.347670250901217e-5,7.347670250890115e-5,7.347670250901217e-5,7.347670250890115e-5,7.347670250901217e-5,7.347670250890115e-5,7.347670250901217e-5,7.347670250890115e-5,7.347670250901217e-5,7.347670250890115e-5,7.347670250901217e-5,7.347670250890115e-5,7.347670250901217e-5,7.347670250890115e-5,7.347670250901217e-5,7.347670250890115e-5,7.347670250901217e-5,7.347670250890115e-5,7.347670250901217e-5,7.347670250890115e-5,7.347670250901217e-5,7.347670250890115e-5,7.347670250901217e-5,7.347670250890115e-5,7.347670250901217e-5,-4.5071684587816296e-4,-4.5071684587816296e-4,-4.5071684587805194e-4,-4.5071684587816296e-4,-4.5071684587816296e-4,-4.5071684587816296e-4,-4.5071684587805194e-4,-4.5071684587816296e-4,-4.5071684587816296e-4,-4.5071684587816296e-4,-4.5071684587816296e-4,-4.5071684587805194e-4,-4.5071684587816296e-4,-4.5071684587816296e-4,-4.5071684587816296e-4,-4.5071684587805194e-4,-4.5071684587816296e-4,-4.5071684587816296e-4,-4.5071684587816296e-4,-4.5071684587805194e-4,-4.5071684587816296e-4,-4.5071684587816296e-4,-4.5071684587816296e-4,-4.5071684587816296e-4,-4.5071684587805194e-4,-4.5071684587816296e-4,-4.5071684587816296e-4,-4.5071684587816296e-4,-4.5071684587805194e-4,-4.5071684587816296e-4,-4.5071684587816296e-4,-8.511111111111358e-4,-8.511111111110248e-4,-8.511111111111358e-4,-8.511111111111358e-4,-8.511111111111358e-4,-8.511111111110248e-4,-8.511111111111358e-4,-8.511111111111358e-4,-8.511111111111358e-4,-8.511111111110248e-4,-8.511111111111358e-4,-8.511111111111358e-4,-8.511111111111358e-4,-8.511111111110248e-4,-8.511111111111358e-4,-8.511111111111358e-4,-8.511111111110248e-4,-8.511111111111358e-4,-8.511111111111358e-4,-8.511111111111358e-4,-8.511111111110248e-4,-8.511111111111358e-4,-8.511111111111358e-4,-8.511111111111358e-4,-8.511111111110248e-4,-8.511111111111358e-4,-8.511111111111358e-4,-8.511111111111358e-4,-8.511111111110248e-4
-0.09481323450043855,0.004253353909465019,0.004253353909465019,0.004253353909465019,0.004253353909465019,0.004253353909465019,0.004253353909465019,0.004253353909465019,0.004253353909465019,0.004253353909465019,0.004253353909465019,0.004253353909465019,0.004253353909465019,0.004253353909465019,0.00425335390946513,0.0042533539094649075,0.00425335390946513,0.0042533539094649075,0.00425335390946513,0.004253353909465019,0.004253353909465019,0.004253353909465019,0.004253353909465019,0.004253353909465019,0.004253353909465019,0.004253353909465019,0.004253353909465019,0.004253353909465019,0.004253353909465019,0.004253353909465019,0.004253353909465019,-5.413779370768701e-4,-5.413779370768701e-4,-5.413779370768701e-4,-5.413779370768701e-4,-5.413779370768701e-4,-5.413779370768701e-4,-5.413779370768701e-4,-5.413779370767591e-4,-5.413779370768701e-4,-5.413779370768701e-4,-5.413779370768701e-4,-5.413779370768701e-4,-5.413779370768701e-4,-5.413779370768701e-4,-5.413779370768701e-4,-5.413779370768701e-4,-5.413779370768701e-4,-5.413779370768701e-4,-5.413779370768701e-4,-5.413779370768701e-4,-5.413779370768701e-4,-5.413779370768701e-4,-5.413779370768701e-4,-5.413779370767591e-4,-5.413779370768701e-4,-5.413779370768701e-4,-5.413779370768701e-4,-5.413779370768701e-4,-5.413779370768701e-4,-5.413779370768701e-4,-5.413779370768701e-4,-3.8209876543204846e-4,-3.820987654321595e-4,-3.8209876543204846e-4,-3.820987654321595e-4,-3.8209876543204846e-4,-3.820987654321595e-4,-3.8209876543204846e-4,-3.8209876543204846e-4,-3.820987654321595e-4,-3.8209876543204846e-4,-3.820987654321595e-4,-3.8209876543204846e-4,-3.820987654321595e-4,-3.8209876543204846e-4,-3.820987654321595e-4,-3.8209876543204846e-4,-3.8209876543204846e-4,-3.820987654321595e-4,-3.8209876543204846e-4,-3.820987654321595e-4,-3.8209876543204846e-4,-3.820987654321595e-4,-3.8209876543204846e-4,-3.8209876543204846e-4,-3.820987654321595e-4,-3.8209876543204846e-4,-3.820987654321595e-4,-3.8209876543204846e-4,-3.820987654321595e-4,-3.8209876543204846e-4,3.647949024288e-5,3.647949024299102e-5,3.647949024288e-5,3.647949024299102e-5,3.647949024288e-5,3.647949024299102e-5,3.647949024288e-5,3.647949024299102e-5,3.647949024288e-5,3.647949024299102e-5,3.647949024288e-5,3.647949024288e-5,3.647949024299102e-5,3.647949024288e-5,3.647949024299102e-5,3.647949024288e-5,3.647949024299102e-5,3.647949024288e-5,3.647949024299102e-5,3.647949024288e-5,3.647949024288e-5,3.647949024299102e-5,3.647949024288e-5,3.647949024299102e-5,3.647949024288e-5,3.647949024299102e-5,3.647949024288e-5,3.647949024299102e-5,3.647949024288e-5,3.647949024299102e-5,3.647949024288e-5,3.9633612106726446e-4,3.963361210673755e-4,3.9633612106726446e-4,3.9633612106726446e-4,3.963361210673755e-4,3.9633612106726446e-4,3.9633612106726446e-4,3.963361210673755e-4,3.9633612106726446e-4,3.963361210673755e-4,3.9633612106726446e-4,3.9633612106726446e-4,3.963361210673755e-4,3.9633612106726446e-4,3.9633612106726446e-4,3.963361210673755e-4,3.9633612106726446e-4,3.9633612106726446e-4,3.963361210673755e-4,3.9633612106726446e-4,3.9633612106726446e-4,3.963361210673755e-4,3.9633612106726446e-4,3.963361210673755e-4,3.9633612106726446e-4,3.9633612106726446e-4,3.963361210673755e-4,3.9633612106726446e-4,3.9633612106726446e-4,3.963361210673755e-4,3.9633612106726446e-4,-0.002623168724279812,-0.002623168724279812,-0.002623168724279923,-0.002623168724279812,-0.002623168724279812,-0.002623168724279812,-0.002623168724279812,-0.002623168724279923,-0.002623168724279812,-0.002623168724279812,-0.002623168724279812,-0.002623168724279812,-0.002623168724279923,-0.002623168724279812,-0.002623168724279812,-0.002623168724279812,-0.002623168724279812,-0.002623168724279923,-0.002623168724279812,-0.002623168724279812,-0.002623168724279812,-0.002623168724279812,-0.002623168724279923,-0.002623168724279812,-0.002623168724279812,-0.002623168724279812,-0.002623168724279812,-0.002623168724279923,-0.002623168724279812
0.022807550765701956,0.0011537654320987745,0.0011537654320987745,0.0011537654320987745,0.0011537654320987745,0.0011537654320987745,0.0011537654320987745,0.0011537654320987745,0.0011537654320986634,0.0011537654320987745,0.0011537654320987745,0.0011537654320987745,0.0011537654320987745,0.0011537654320987745,0.0011537654320987745,0.0011537654320987745,0.0011537654320987745,0.0011537654320987745,0.0011537654320987745,0.0011537654320987745,0.0011537654320987745,0.0011537654320987745,0.0011537654320987745,0.0011537654320986634,0.0011537654320987745,0.0011537654320987745,0.0011537654320987745,0.0011537654320987745,0.0011537654320987745,0.0011537654320987745,0.0011537654320987745,5.825169255276874e-4,5.825169255276874e-4,5.825169255276874e-4,5.825169255276874e-4,5.825169255276874e-4,5.825169255275764e-4,5.825169255276874e-4,5.825169255276874e-4,5.825169255276874e-4,5.825169255276874e-4,5.825169255276874e-4,5.825169255276874e-4,5.825169255276874e-4,5.825169255276874e-4,5.825169255276874e-4,5.825169255275764e-4,5.825169255276874e-4,5.825169255276874e-4,5.825169255276874e-4,5.825169255276874e-4,5.825169255276874e-4,5.825169255276874e-4,5.825169255276874e-4,5.825169255276874e-4,5.825169255276874e-4,5.825169255275764e-4,5.825169255276874e-4,5.825169255276874e-4,5.825169255276874e-4,5.825169255276874e-4,5.825169255276874e-4,-0.0030458641975308343,-0.0030458641975309453,-0.0030458641975308343,-0.0030458641975308343,-0.0030458641975308343,-0.0030458641975309453,-0.0030458641975308343,-0.0030458641975308343,-0.0030458641975308343,-0.0030458641975309453,-0.0030458641975308343,-0.0030458641975308343,-0.0030458641975309453,-0.0030458641975308343,-0.0030458641975308343,-0.0030458641975308343,-0.0030458641975308343,-0.0030458641975309453,-0.0030458641975308343,-0.0030458641975308343,-0.0030458641975309453,-0.0030458641975308343,-0.0030458641975308343,-0.0030458641975308343,-0.0030458641975309453,-0.0030458641975308343,-0.0030458641975308343,-0.0030458641975309453,-0.0030458641975308343,-0.0030458641975308343,1.535643170051948e-4,1.535643170051948e-4,1.535643170051948e-4,1.5356431700508377e-4,1.535643170051948e-4,1.535643170051948e-4,1.535643170051948e-4,1.535643170051948e-4,1.535643170051948e-4,1.5356431700508377e-4,1.535643170051948e-4,1.535643170051948e-4,1.535643170051948e-4,1.535643170051948e-4,1.535643170051948e-4,1.5356431700508377e-4,1.535643170051948e-4,1.535643170051948e-4,1.535643170051948e-4,1.535643170051948e-4,1.535643170051948e-4,1.5356431700508377e-4,1.535643170051948e-4,1.535643170051948e-4,1.535643170051948e-4,1.535643170051948e-4,1.535643170051948e-4,1.5356431700508377e-4,1.535643170051948e-4,1.535643170051948e-4,1.535643170051948e-4,-0.001184348864994078,-0.001184348864993967,-0.001184348864994078,-0.001184348864993967,-0.001184348864994078,-0.001184348864993967,-0.001184348864994078,-0.001184348864993967,-0.001184348864994078,-0.001184348864993967,-0.001184348864994078,-0.001184348864993967,-0.001184348864994078,-0.001184348864993967,-0.001184348864994078,-0.001184348864993967,-0.001184348864994078,-0.001184348864993967,-0.001184348864994078,-0.001184348864993967,-0.001184348864994078,-0.001184348864993967,-0.001184348864994078,-0.001184348864993967,-0.001184348864994078,-0.001184348864993967,-0.001184348864994078,-0.001184348864993967,-0.001184348864994078,-0.001184348864993967,-0.001184348864994078,-0.0032724074074074183,-0.0032724074074074183,-0.0032724074074074183,-0.0032724074074074183,-0.0032724074074074183,-0.0032724074074074183,-0.0032724074074074183,-0.0032724074074073073,-0.003272407407407474,-0.0032724074074074183,-0.003272407407407363,-0.0032724074074074183,-0.0032724074074074183,-0.0032724074074074183,-0.0032724074074074183,-0.0032724074074074183,-0.0032724074074074183,-0.0032724074074074183,-0.003272407407407363,-0.0032724074074074183,-0.0032724074074074183,-0.0032724074074074183,-0.0032724074074074183,-0.0032724074074074183,-0.0032724074074074183,-0.003272407407407363,-0.0032724074074074183,-0.0032724074074074183,-0.0032724074074074183
-0.10434905889496049,0.003406728395061731,0.003406728395061731,0.003406728395061731,0.003406728395061731,0.003406728395061731,0.003406728395061731,0.003406728395061731,0.003406728395061731,0.003406728395061731,0.003406728395061731,0.003406728395061731,0.003406728395061731,0.003406728395061731,0.003406728395061731,0.00340672839506162,0.003406728395061731,0.003406728395061731,0.003406728395061731,0.003406728395061731,0.003406728395061731,0.003406728395061731,0.003406728395061731,0.003406728395061731,0.003406728395061731,0.003406728395061731,0.003406728395061731,0.003406728395061731,0.003406728395061731,0.003406728395061731,0.003406728395061731,0.0010228793309438045,0.0010228793309439155,0.0010228793309438045,0.0010228793309439155,0.0010228793309438045,0.0010228793309438045,0.0010228793309439155,0.0010228793309438045,0.0010228793309438045,0.0010228793309439155,0.0010228793309438045,0.0010228793309439155,0.0010228793309438045,0.0010228793309438045,0.0010228793309439155,0.0010228793309438045,0.0010228793309439155,0.0010228793309438045,0.0010228793309438045,0.0010228793309439155,0.0010228793309438045,0.0010228793309439155,0.0010228793309438045,0.0010228793309438045,0.0010228793309439155,0.0010228793309438045,0.0010228793309438045,0.0010228793309439155,0.0010228793309438045,0.0010228793309439155,0.0010228793309438045,8.128189300411481e-4,8.128189300411481e-4,8.128189300411481e-4,8.128189300411481e-4,8.128189300411481e-4,8.128189300411481e-4,8.128189300411481e-4,8.128189300411481e-4,8.128189300411481e-4,8.128189300411481e-4,8.128189300411481e-4,8.128189300411481e-4,8.128189300411481e-4,8.128189300411481e-4,8.128189300411481e-4,8.128189300412592e-4,8.128189300411481e-4,8.128189300411481e-4,8.128189300411481e-4,8.128189300411481e-4,8.128189300411481e-4,8.128189300411481e-4,8.128189300411481e-4,8.128189300411481e-4,8.128189300411481e-4,8.128189300411481e-4,8.128189300411481e-4,8.128189300411481e-4,8.128189300411481e-4,8.128189300411481e-4,-0.0018758861011549666,-0.0018758861011548555,-0.0018758861011549666,-0.0018758861011548555,-0.0018758861011549666,-0.0018758861011548555,-0.0018758861011549666,-0.0018758861011548555,-0.0018758861011549666,-0.0018758861011548555,-0.0018758861011549666,-0.0018758861011549666,-0.0018758861011548555,-0.0018758861011549666,-0.0018758861011548555,-0.0018758861011549666,-0.0018758861011548555,-0.0018758861011549666,-0.0018758861011548555,-0.0018758861011549666,-0.0018758861011549666,-0.0018758861011548555,-0.0018758861011549666,-0.0018758861011548555,-0.0018758861011549666,-0.0018758861011548555,-0.0018758861011549666,-0.0018758861011548555,-0.0018758861011549666,-0.0018758861011548555,-0.0018758861011549666,9.05814416567452e-5,9.058144165663418e-5,9.05814416567452e-5,9.05814416567452e-5,9.058144165663418e-5,9.05814416567452e-5,9.05814416567452e-5,9.058144165663418e-5,9.05814416567452e-5,9.058144165663418e-5,9.05814416567452e-5,9.05814416567452e-5,9.058144165663418e-5,9.05814416567452e-5,9.05814416567452e-5,9.058144165663418e-5,9.05814416567452e-5,9.05814416567452e-5,9.058144165663418e-5,9.05814416567452e-5,9.05814416567452e-5,9.058144165663418e-5,9.05814416567452e-5,9.058144165663418e-5,9.05814416567452e-5,9.05814416567452e-5,9.058144165663418e-5,9.05814416567452e-5,9.05814416567452e-5,9.058144165663418e-5,9.05814416567452e-5,-0.001542139917695473,-0.001542139917695473,-0.001542139917695473,-0.001542139917695473,-0.001542139917695473,-0.001542139917695473,-0.001542139917695473,-0.001542139917695473,-0.001542139917695473,-0.001542139917695473,-0.001542139917695473,-0.001542139917695473,-0.001542139917695473,-0.001542139917695473,-0.001542139917695362,-0.001542139917695473,-0.001542139917695473,-0.001542139917695473,-0.001542139917695473,-0.001542139917695473,-0.001542139917695473,-0.001542139917695473,-0.001542139917695473,-0.001542139917695473,-0.001542139917695473,-0.001542139917695473,-0.001542139917695473,-0.001542139917695473,-0.001542139917695473
0.04923895972475201,7.039711934155868e-4,7.039711934156978e-4,7.039711934155868e-4,7.039711934156978e-4,7.039711934155868e-4,7.039711934156978e-4,7.039711934155868e-4,7.039711934156978e-4,7.039711934155868e-4,7.039711934156978e-4,7.039711934155868e-4,7.039711934156978e-4,7.039711934155868e-4,7.039711934156978e-4,7.039711934155868e-4,7.039711934155868e-4,7.039711934156978e-4,7.039711934155868e-4,7.039711934156978e-4,7.039711934155868e-4,7.039711934156978e-4,7.039711934155868e-4,7.039711934156978e-4,7.039711934155868e-4,7.039711934156978e-4,7.039711934155868e-4,7.039711934156978e-4,7.039711934155868e-4,7.039711934156978e-4,7.039711934155868e-4,-0.0026661887694146014,-0.0026661887694146014,-0.0026661887694144903,-0.0026661887694146014,-0.0026661887694146014,-0.0026661887694146014,-0.0026661887694144903,-0.0026661887694146014,-0.0026661887694146014,-0.0026661887694146014,-0.0026661887694146014,-0.0026661887694144903,-0.0026661887694146014,-0.0026661887694146014,-0.0026661887694146014,-0.0026661887694144903,-0.0026661887694146014,-0.0026661887694146014,-0.0026661887694146014,-0.0026661887694146014,-0.0026661887694144903,-0.0026661887694146014,-0.0026661887694146014,-0.0026661887694146014,-0.0026661887694144903,-0.0026661887694146014,-0.0026661887694146014,-0.0026661887694146014,-0.0026661887694144903,-0.0026661887694146014,-0.0026661887694146014,-0.0017141563786008396,-0.0017141563786008396,-0.0017141563786008396,-0.0017141563786007286,-0.0017141563786008396,-0.0017141563786008396,-0.0017141563786008396,-0.0017141563786008396,-0.0017141563786008396,-0.0017141563786008396,-0.0017141563786007286,-0.0017141563786008396,-0.0017141563786008396,-0.0017141563786008396,-0.0017141563786008396,-0.0017141563786008396,-0.0017141563786007286,-0.0017141563786008396,-0.0017141563786008396,-0.0017141563786008396,-0.0017141563786008396,-0.0017141563786008396,-0.0017141563786008396,-0.001714156378600784,-0.001714156378600784,-0.0017141563786008396,-0.0017141563786008396,-0.0017141563786008396,-0.001714156378600784,-0.0017141563786008396,8.499402628434627e-4,8.499402628435182e-4,8.499402628434627e-4,8.499402628435182e-4,8.499402628434627e-4,8.499402628435182e-4,8.499402628434627e-4,8.499402628435182e-4,8.499402628434627e-4,8.499402628435182e-4,8.499402628434627e-4,8.499402628435182e-4,8.499402628435182e-4,8.499402628434627e-4,8.499402628434627e-4,8.499402628434627e-4,8.499402628435737e-4,8.499402628434627e-4,8.499402628434627e-4,8.499402628434627e-4,8.499402628435737e-4,8.499402628434627e-4,8.499402628434627e-4,8.499402628434627e-4,8.499402628435737e-4,8.499402628434627e-4,8.499402628434627e-4,8.499402628434627e-4,8.499402628434627e-4,8.499402628435737e-4,8.499402628434627e-4,0.001180724810832312,0.001180724810832312,0.001180724810832423,0.001180724810832312,0.001180724810832312,0.001180724810832312,0.001180724810832423,0.001180724810832312,0.001180724810832312,0.001180724810832312,0.001180724810832312,0.001180724810832423,0.001180724810832312,0.001180724810832312,0.001180724810832312,0.001180724810832423,0.001180724810832312,0.001180724810832312,0.001180724810832312,0.001180724810832423,0.001180724810832312,0.001180724810832312,0.001180724810832312,0.001180724810832312,0.001180724810832423,0.001180724810832312,0.001180724810832312,0.001180724810832312,0.001180724810832312,0.001180724810832423,0.001180724810832312,0.0013845473251028473,0.0013845473251029583,0.0013845473251028473,0.0013845473251028473,0.0013845473251028473,0.0013845473251029583,0.0013845473251028473,0.0013845473251028473,0.0013845473251029583,0.0013845473251028473,0.0013845473251028473,0.0013845473251029583,0.0013845473251028473,0.0013845473251028473,0.0013845473251029583,0.0013845473251028473,0.0013845473251028473,0.0013845473251028473,0.0013845473251029583,0.0013845473251028473,0.0013845473251028473,0.0013845473251029583,0.0013845473251028473,0.0013845473251028473,0.0013845473251028473,0.0013845473251029583,0.0013845473251028473,0.0013845473251028473,0.0013845473251029583
0.0016621247385818494,0.0019053909465021057,0.0019053909465019947,0.0019053909465021057,0.0019053909465019947,0.0019053909465021057,0.0019053909465021057,0.0019053909465019947,0.0019053909465021057,0.0019053909465019947,0.0019053909465021057,0.0019053909465021057,0.0019053909465019947,0.0019053909465021057,0.0019053909465019947,0.0019053909465021057,0.0019053909465021057,0.0019053909465019947,0.0019053909465021057,0.0019053909465019947,0.0019053909465021057,0.0019053909465021057,0.0019053909465019947,0.0019053909465021057,0.0019053909465019947,0.0019053909465021057,0.0019053909465021057,0.0019053909465019947,0.0019053909465021057,0.0019053909465019947,0.0019053909465021057,-0.0010334328952608107,-0.0010334328952609217,-0.0010334328952608107,-0.0010334328952609217,-0.0010334328952608107,-0.0010334328952608107,-0.0010334328952609217,-0.0010334328952608107,-0.0010334328952608107,-0.0010334328952609217,-0.0010334328952608107,-0.0010334328952609217,-0.0010334328952608107,-0.0010334328952608107,-0.0010334328952609217,-0.0010334328952608107,-0.0010334328952609217,-0.0010334328952608107,-0.0010334328952608107,-0.0010334328952609217,-0.0010334328952608107,-0.0010334328952609217,-0.0010334328952608107,-0.0010334328952608107,-0.0010334328952609217,-0.0010334328952608107,-0.0010334328952608107,-0.0010334328952609217,-0.0010334328952608107,-0.0010334328952609217,-0.0010334328952608107,-3.3925925925926137e-4,-3.3925925925926137e-4,-3.3925925925926137e-4,-3.3925925925926137e-4,-3.3925925925926137e-4,-3.3925925925926137e-4,-3.3925925925926137e-4,-3.3925925925926137e-4,-3.3925925925926137e-4,-3.3925925925926137e-4,-3.3925925925926137e-4,-3.3925925925926137e-4,-3.3925925925926137e-4,-3.3925925925926137e-4,-3.3925925925926137e-4,-3.3925925925926137e-4,-3.3925925925926137e-4,-3.3925925925926137e-4,-3.3925925925926137e-4,-3.3925925925926137e-4,-3.3925925925926137e-4,-3.3925925925926137e-4,-3.3925925925926137e-4,-3.3925925925926137e-4,-3.3925925925926137e-4,-3.3925925925926137e-4,-3.3925925925926137e-4,-3.3925925925926137e-4,-3.3925925925926137e-4,-3.3925925925926137e-4,-0.00104743130227003,-0.00104743130227003,-0.00104743130227003,-0.0010474313022699189,-0.00104743130227003,-0.00104743130227003,-0.00104743130227003,-0.00104743130227003,-0.00104743130227003,-0.0010474313022699189,-0.00104743130227003,-0.00104743130227003,-0.00104743130227003,-0.00104743130227003,-0.00104743130227003,-0.0010474313022699189,-0.00104743130227003,-0.00104743130227003,-0.00104743130227003,-0.00104743130227003,-0.00104743130227003,-0.0010474313022699189,-0.00104743130227003,-0.00104743130227003,-0.00104743130227003,-0.00104743130227003,-0.00104743130227003,-0.0010474313022699189,-0.00104743130227003,-0.00104743130227003,-0.00104743130227003,-0.001894285145360386,-0.001894285145360386,-0.001894285145360497,-0.001894285145360386,-0.001894285145360386,-0.001894285145360386,-0.001894285145360497,-0.001894285145360386,-0.001894285145360386,-0.001894285145360386,-0.001894285145360497,-0.001894285145360386,-0.001894285145360386,-0.001894285145360386,-0.001894285145360386,-0.001894285145360497,-0.001894285145360386,-0.001894285145360386,-0.001894285145360386,-0.001894285145360386,-0.001894285145360497,-0.001894285145360386,-0.001894285145360386,-0.001894285145360386,-0.001894285145360497,-0.001894285145360386,-0.001894285145360386,-0.001894285145360386,-0.001894285145360497,-0.001894285145360386,-0.001894285145360386,0.0016194032921810209,0.0016194032921811319,0.0016194032921810209,0.0016194032921811319,0.0016194032921810209,0.0016194032921810209,0.0016194032921811319,0.0016194032921810209,0.0016194032921811319,0.0016194032921810209,0.0016194032921810209,0.0016194032921811319,0.0016194032921810209,0.0016194032921811319,0.0016194032921810209,0.0016194032921810209,0.0016194032921811319,0.0016194032921810209,0.0016194032921811319,0.0016194032921810209,0.0016194032921810209,0.0016194032921811319,0.0016194032921810209,0.0016194032921811319,0.0016194032921810209,0.0016194032921810209,0.0016194032921811319,0.0016194032921810209,0.0016194032921811319
-0.025885175065776145,5.554526748970945e-4,5.554526748970945e-4,5.554526748972055e-4,5.554526748970945e-4,5.554526748970945e-4,5.554526748970945e-4,5.554526748970945e-4,5.554526748972055e-4,5.554526748970945e-4,5.554526748970945e-4,5.554526748970945e-4,5.554526748970945e-4,5.554526748972055e-4,5.554526748970945e-4,5.554526748970945e-4,5.554526748970945e-4,5.554526748970945e-4,5.554526748972055e-4,5.554526748970945e-4,5.554526748970945e-4,5.554526748970945e-4,5.554526748970945e-4,5.554526748972055e-4,5.554526748970945e-4,5.554526748970945e-4,5.554526748970945e-4,5.554526748970945e-4,5.554526748972055e-4,5.554526748970945e-4,5.554526748970945e-4,8.402230187176674e-4,8.402230187176674e-4,8.402230187175563e-4,8.402230187176674e-4,8.402230187176674e-4,8.402230187176674e-4,8.402230187176674e-4,8.402230187175563e-4,8.402230187176674e-4,8.402230187176674e-4,8.402230187176674e-4,8.402230187176674e-4,8.402230187175563e-4,8.402230187176674e-4,8.402230187176674e-4,8.402230187176674e-4,8.402230187176674e-4,8.402230187176674e-4,8.402230187175563e-4,8.402230187176674e-4,8.402230187176674e-4,8.402230187176674e-4,8.402230187176674e-4,8.402230187175563e-4,8.402230187176674e-4,8.402230187176674e-4,8.402230187176674e-4,8.402230187176674e-4,8.402230187175563e-4,8.402230187176674e-4,8.402230187176674e-4,7.61913580246909e-4,7.61913580246909e-4,7.61913580246909e-4,7.61913580246909e-4,7.61913580246909e-4,7.61913580246909e-4,7.61913580246909e-4,7.61913580246909e-4,7.61913580246909e-4,7.61913580246909e-4,7.61913580246909e-4,7.61913580246909e-4,7.61913580246909e-4,7.61913580246909e-4,7.6191358024702e-4,7.61913580246909e-4,7.61913580246909e-4,7.61913580246909e-4,7.61913580246909e-4,7.61913580246909e-4,7.61913580246909e-4,7.61913580246909e-4,7.61913580246909e-4,7.61913580246909e-4,7.61913580246909e-4,7.61913580246909e-4,7.61913580246909e-4,7.61913580246909e-4,7.61913580246909e-4,7.61913580246909e-4,-0.0021117682198327214,-0.0021117682198327214,-0.0021117682198327214,-0.0021117682198328325,-0.0021117682198327214,-0.0021117682198327214,-0.0021117682198327214,-0.0021117682198327214,-0.0021117682198327214,-0.0021117682198327214,-0.0021117682198327214,-0.0021117682198328325,-0.0021117682198327214,-0.0021117682198327214,-0.0021117682198327214,-0.0021117682198327214,-0.0021117682198327214,-0.0021117682198327214,-0.0021117682198327214,-0.0021117682198328325,-0.0021117682198327214,-0.0021117682198327214,-0.0021117682198327214,-0.0021117682198327214,-0.0021117682198327214,-0.0021117682198327214,-0.0021117682198328325,-0.0021117682198327214,-0.0021117682198327214,-0.0021117682198327214,-0.0021117682198327214,0.00104364794902434,0.001043647949024229,0.00104364794902434,0.001043647949024229,0.00104364794902434,0.001043647949024229,0.00104364794902434,0.00104364794902434,0.001043647949024229,0.00104364794902434,0.001043647949024229,0.00104364794902434,0.00104364794902434,0.001043647949024229,0.00104364794902434,0.001043647949024229,0.00104364794902434,0.001043647949024229,0.00104364794902434,0.00104364794902434,0.001043647949024229,0.00104364794902434,0.001043647949024229,0.00104364794902434,0.00104364794902434,0.001043647949024229,0.00104364794902434,0.001043647949024229,0.00104364794902434,0.001043647949024229,0.00104364794902434,-0.0012355555555555453,-0.0012355555555555453,-0.0012355555555555453,-0.0012355555555555453,-0.0012355555555555453,-0.0012355555555556563,-0.0012355555555555453,-0.0012355555555555453,-0.0012355555555555453,-0.0012355555555555453,-0.0012355555555555453,-0.0012355555555555453,-0.0012355555555555453,-0.0012355555555555453,-0.0012355555555556563,-0.0012355555555555453,-0.0012355555555555453,-0.0012355555555555453,-0.0012355555555555453,-0.0012355555555555453,-0.0012355555555555453,-0.0012355555555555453,-0.0012355555555555453,-0.0012355555555555453,-0.0012355555555555453,-0.0012355555555556563,-0.0012355555555555453,-0.0012355555555555453,-0.0012355555555555453
-0.12476040443904746,0.002213209876543165,0.002213209876543276,0.002213209876543165,0.002213209876543276,0.002213209876543165,0.002213209876543165,0.002213209876543276,0.002213209876543165,0.002213209876543276,0.002213209876543165,0.002213209876543165,0.002213209876543276,0.002213209876543165,0.002213209876543276,0.002213209876543165,0.002213209876543165,0.002213209876543276,0.002213209876543165,0.002213209876543276,0.002213209876543165,0.002213209876543165,0.002213209876543276,0.002213209876543165,0.002213209876543276,0.002213209876543165,0.002213209876543165,0.002213209876543276,0.002213209876543165,0.002213209876543276,0.002213209876543165,0.002700696933492619,0.002700696933492619,0.002700696933492619,0.002700696933492619,0.002700696933492619,0.00270069693349273,0.002700696933492619,0.002700696933492619,0.002700696933492619,0.002700696933492619,0.002700696933492619,0.002700696933492619,0.002700696933492619,0.002700696933492619,0.002700696933492619,0.00270069693349273,0.002700696933492619,0.002700696933492619,0.002700696933492619,0.002700696933492619,0.002700696933492619,0.002700696933492619,0.002700696933492619,0.002700696933492619,0.002700696933492619,0.002700696933492619,0.00270069693349273,0.002700696933492619,0.002700696933492619,0.002700696933492619,0.002700696933492619,0.0012224691358024842,0.0012224691358024842,0.0012224691358024842,0.0012224691358024842,0.0012224691358023732,0.0012224691358024842,0.0012224691358024842,0.0012224691358024842,0.0012224691358024842,0.0012224691358024842,0.0012224691358024842,0.0012224691358024842,0.0012224691358024842,0.0012224691358024842,0.0012224691358024842,0.0012224691358023732,0.0012224691358024842,0.0012224691358024842,0.0012224691358024842,0.0012224691358024842,0.0012224691358024842,0.0012224691358024842,0.0012224691358024842,0.0012224691358024842,0.0012224691358023732,0.0012224691358024842,0.0012224691358024842,0.0012224691358024842,0.0012224691358024842,0.0012224691358024842,-0.0011928315412186308,-0.0011928315412186308,-0.0011928315412186308,-0.0011928315412186308,-0.0011928315412186308,-0.0011928315412186308,-0.0011928315412186308,-0.0011928315412187418,-0.0011928315412186308,-0.0011928315412186308,-0.0011928315412186308,-0.0011928315412186308,-0.0011928315412186308,-0.0011928315412186308,-0.0011928315412186308,-0.0011928315412186308,-0.0011928315412186308,-0.0011928315412186308,-0.0011928315412186308,-0.0011928315412186308,-0.0011928315412186308,-0.0011928315412186308,-0.0011928315412187418,-0.0011928315412186308,-0.0011928315412186308,-0.0011928315412186308,-0.0011928315412186308,-0.0011928315412186308,-0.0011928315412186308,-0.0011928315412186308,-0.0011928315412186308,2.0748705694939584e-4,2.0748705694939584e-4,2.0748705694950687e-4,2.0748705694939584e-4,2.0748705694939584e-4,2.0748705694939584e-4,2.0748705694950687e-4,2.0748705694939584e-4,2.0748705694939584e-4,2.0748705694939584e-4,2.0748705694939584e-4,2.0748705694950687e-4,2.0748705694939584e-4,2.0748705694939584e-4,2.0748705694939584e-4,2.0748705694950687e-4,2.0748705694939584e-4,2.0748705694939584e-4,2.0748705694939584e-4,2.0748705694950687e-4,2.0748705694939584e-4,2.0748705694939584e-4,2.0748705694939584e-4,2.0748705694939584e-4,2.0748705694950687e-4,2.0748705694939584e-4,2.0748705694939584e-4,2.0748705694939584e-4,2.0748705694950687e-4,2.0748705694939584e-4,2.0748705694939584e-4,-0.0026322016460905706,-0.0026322016460904596,-0.0026322016460905706,-0.0026322016460905706,-0.0026322016460904596,-0.0026322016460905706,-0.0026322016460905706,-0.0026322016460904596,-0.0026322016460905706,-0.0026322016460905706,-0.0026322016460904596,-0.0026322016460905706,-0.0026322016460905706,-0.0026322016460904596,-0.0026322016460905706,-0.0026322016460905706,-0.0026322016460904596,-0.0026322016460905706,-0.0026322016460905706,-0.0026322016460904596,-0.0026322016460905706,-0.0026322016460905706,-0.0026322016460904596,-0.0026322016460905706,-0.0026322016460905706,-0.0026322016460904596,-0.0026322016460905706,-0.0026322016460905706,-0.0026322016460904596
-0.041051551642717454,0.004252592592592586,0.004252592592592586,0.004252592592592586,0.004252592592592586,0.004252592592592586,0.004252592592592586,0.004252592592592586,0.004252592592592697,0.004252592592592586,0.004252592592592586,0.004252592592592586,0.004252592592592586,0.004252592592592586,0.004252592592592586,0.004252592592592586,0.004252592592592586,0.004252592592592586,0.004252592592592586,0.004252592592592586,0.004252592592592586,0.004252592592592586,0.004252592592592586,0.004252592592592697,0.004252592592592586,0.004252592592592586,0.004252592592592586,0.004252592592592586,0.004252592592592586,0.004252592592592586,0.004252592592592586,-0.0025542413381123286,-0.0025542413381123286,-0.0025542413381123286,-0.0025542413381122175,-0.0025542413381123286,-0.0025542413381123286,-0.0025542413381123286,-0.0025542413381123286,-0.0025542413381123286,-0.0025542413381122175,-0.0025542413381123286,-0.0025542413381123286,-0.0025542413381123286,-0.0025542413381123286,-0.0025542413381123286,-0.0025542413381122175,-0.0025542413381123286,-0.0025542413381123286,-0.0025542413381123286,-0.0025542413381123286,-0.0025542413381123286,-0.0025542413381123286,-0.0025542413381122175,-0.0025542413381123286,-0.0025542413381123286,-0.0025542413381123286,-0.0025542413381123286,-0.0025542413381122175,-0.0025542413381123286,-0.0025542413381123286,-0.0025542413381123286,-0.0013849794238682822,-0.0013849794238682822,-0.0013849794238683932,-0.0013849794238682822,-0.0013849794238682822,-0.0013849794238682822,-0.0013849794238682822,-0.0013849794238683932,-0.0013849794238682822,-0.0013849794238682822,-0.0013849794238682822,-0.0013849794238682822,-0.0013849794238683932,-0.0013849794238682822,-0.0013849794238682822,-0.0013849794238682822,-0.0013849794238682822,-0.0013849794238683932,-0.0013849794238682822,-0.0013849794238682822,-0.0013849794238682822,-0.0013849794238682822,-0.0013849794238683932,-0.0013849794238682822,-0.0013849794238682822,-0.0013849794238682822,-0.0013849794238682822,-0.0013849794238683932,-0.0013849794238682822,-0.0013849794238682822,-0.001972461170848261,-0.001972461170848261,-0.001972461170848261,-0.001972461170848261,-0.001972461170848261,-0.001972461170848372,-0.001972461170848261,-0.001972461170848261,-0.001972461170848261,-0.001972461170848261,-0.001972461170848261,-0.001972461170848261,-0.001972461170848261,-0.0019724611708483164,-0.001972461170848261,-0.001972461170848261,-0.001972461170848261,-0.0019724611708483164,-0.001972461170848261,-0.001972461170848261,-0.001972461170848261,-0.001972461170848261,-0.001972461170848261,-0.0019724611708483164,-0.001972461170848261,-0.001972461170848261,-0.001972461170848261,-0.001972461170848261,-0.0019724611708483164,-0.001972461170848261,-0.001972461170848261,0.003835264834727181,0.0038352648347272367,0.003835264834727181,0.0038352648347272367,0.003835264834727181,0.003835264834727181,0.0038352648347272367,0.003835264834727181,0.0038352648347272367,0.003835264834727181,0.003835264834727181,0.003835264834727181,0.003835264834727292,0.003835264834727181,0.003835264834727181,0.003835264834727181,0.003835264834727181,0.003835264834727181,0.003835264834727292,0.003835264834727181,0.003835264834727181,0.003835264834727181,0.003835264834727181,0.003835264834727292,0.003835264834727181,0.003835264834727181,0.003835264834727181,0.003835264834727181,0.003835264834727292,0.003835264834727181,0.003835264834727181,0.001638971193415606,0.001638971193415717,0.001638971193415606,0.001638971193415606,0.001638971193415606,0.001638971193415717,0.001638971193415606,0.001638971193415606,0.001638971193415606,0.001638971193415717,0.001638971193415606,0.001638971193415606,0.001638971193415606,0.001638971193415717,0.001638971193415606,0.001638971193415606,0.001638971193415717,0.001638971193415606,0.001638971193415606,0.001638971193415606,0.001638971193415717,0.001638971193415606,0.001638971193415606,0.001638971193415606,0.001638971193415717,0.001638971193415606,0.001638971193415606,0.001638971193415717,0.001638971193415606
