-0.4577849153029868,0.0018057813865147154,0.0018057813865147154,0.0018057813865147154,0.0018057813865147154,0.0018057813865147154,0.0018057813865147154,0.0018057813865147154,0.0018057813865147154,0.001805781386514771,0.0018057813865147154,0.0018057813865147154,0.0018057813865147154,0.0018057813865147154,0.0018057813865147154,0.0018057813865147154,0.0018057813865147154,0.0018057813865147154,0.0018057813865147154,0.0018057813865147154,0.001805781386514771,0.00180578138651466,0.001805781386514771,0.0018057813865147154,0.0018057813865147154,0.0018057813865147154,0.0018057813865147154,0.0018057813865147154,0.0018057813865147154,0.0018057813865147154,0.0018057813865147154,0.016424652023404707,0.016424652023404707,0.016424652023404762,0.016424652023404707,0.016424652023404707,0.016424652023404707,0.016424652023404707,0.016424652023404762,0.016424652023404707,0.016424652023404707,0.016424652023404707,0.016424652023404707,0.016424652023404707,0.016424652023404707,0.016424652023404707,0.016424652023404707,0.016424652023404707,0.016424652023404762,0.016424652023404707,0.01642465202340465,0.016424652023404707,0.016424652023404762,0.016424652023404707,0.016424652023404707,0.016424652023404707,0.016424652023404762,0.016424652023404707,0.016424652023404707,0.016424652023404707,0.016424652023404707,0.016424652023404707,0.006799711934156405,0.006799711934156405,0.006799711934156294,0.006799711934156405,0.006799711934156405,0.006799711934156405,0.006799711934156294,0.006799711934156405,0.006799711934156405,0.006799711934156405,0.006799711934156294,0.006799711934156405,0.006799711934156405,0.006799711934156405,0.006799711934156405,0.006799711934156294,0.006799711934156405,0.006799711934156405,0.006799711934156294,0.006799711934156405,0.006799711934156405,0.006799711934156405,0.006799711934156405,0.006799711934156294,0.006799711934156405,0.006799711934156405,0.006799711934156405,0.006799711934156405,0.006799711934156294,0.006799711934156405,-0.002429769016328187,-0.002429769016328076,-0.002429769016328187,-0.002429769016328187,-0.002429769016328187,-0.002429769016328076,-0.002429769016328187,-0.002429769016328187,-0.002429769016328076,-0.002429769016328187,-0.002429769016328187,-0.002429769016328187,-0.002429769016328076,-0.002429769016328187,-0.002429769016328187,-0.002429769016328076,-0.002429769016328187,-0.002429769016328187,-0.002429769016328187,-0.002429769016328076,-0.002429769016328187,-0.002429769016328187,-0.002429769016328076,-0.002429769016328187,-0.002429769016328187,-0.002429769016328187,-0.002429769016328076,-0.002429769016328187,-0.002429769016328076,-0.002429769016328187,-0.002429769016328187,-0.0030306451612903684,-0.0030306451612902574,-0.0030306451612903684,-0.0030306451612902574,-0.0030306451612903684,-0.0030306451612903684,-0.0030306451612902574,-0.0030306451612903684,-0.0030306451612903684,-0.0030306451612902574,-0.0030306451612903684,-0.0030306451612902574,-0.0030306451612903684,-0.0030306451612903684,-0.0030306451612902574,-0.0030306451612903684,-0.0030306451612902574,-0.0030306451612903684,-0.0030306451612903684,-0.0030306451612902574,-0.0030306451612903684,-0.0030306451612903684,-0.0030306451612902574,-0.0030306451612903684,-0.0030306451612902574,-0.0030306451612903684,-0.0030306451612902574,-0.0030306451612903684,-0.0030306451612903684,-0.0030306451612902574,-0.0030306451612903684,-0.015695868821494652,-0.015695868821494763,-0.015695868821494652,-0.015695868821494763,-0.015695868821494652,-0.015695868821494763,-0.015695868821494652,-0.015695868821494707,-0.015695868821494707,-0.015695868821494652,-0.015695868821494763,-0.015695868821494652,-0.015695868821494763,-0.015695868821494652,-0.015695868821494707,-0.015695868821494707,-0.015695868821494707,-0.015695868821494652,-0.015695868821494707,-0.015695868821494707,-0.015695868821494707,-0.015695868821494707,-0.015695868821494707,-0.015695868821494707,-0.015695868821494707,-0.015695868821494707,-0.015695868821494707,-0.015695868821494652,-0.015695868821494707
-0.4636828082801104,0.014494894775225253,0.014494894775225309,0.014494894775225309,0.014494894775225309,0.014494894775225309,0.014494894775225253,0.014494894775225309,0.014494894775225309,0.014494894775225309,0.014494894775225253,0.014494894775225309,0.014494894775225309,0.014494894775225309,0.014494894775225309,0.014494894775225253,0.014494894775225309,0.014494894775225309,0.014494894775225309,0.014494894775225253,0.014494894775225309,0.014494894775225309,0.014494894775225253,0.014494894775225364,0.014494894775225309,0.014494894775225253,0.014494894775225309,0.014494894775225309,0.014494894775225309,0.014494894775225253,0.014494894775225309,6.403823178016688e-4,6.403823178016688e-4,6.403823178016688e-4,6.403823178016688e-4,6.403823178016688e-4,6.403823178016688e-4,6.403823178016688e-4,6.403823178017243e-4,6.403823178016688e-4,6.403823178016688e-4,6.403823178016688e-4,6.403823178016688e-4,6.403823178016688e-4,6.403823178016688e-4,6.403823178016688e-4,6.403823178016688e-4,6.403823178016688e-4,6.403823178016688e-4,6.403823178016688e-4,6.403823178016688e-4,6.403823178016688e-4,6.403823178016688e-4,6.403823178017243e-4,6.403823178016688e-4,6.403823178016688e-4,6.403823178016688e-4,6.403823178016688e-4,6.403823178016688e-4,6.403823178016688e-4,6.403823178016688e-4,6.403823178016688e-4,0.003918127572016483,0.003918127572016428,0.003918127572016483,0.003918127572016428,0.003918127572016483,0.003918127572016483,0.003918127572016483,0.003918127572016483,0.003918127572016372,0.003918127572016483,0.003918127572016483,0.003918127572016483,0.003918127572016483,0.003918127572016483,0.003918127572016483,0.003918127572016372,0.003918127572016483,0.003918127572016483,0.003918127572016483,0.003918127572016483,0.003918127572016372,0.003918127572016483,0.003918127572016483,0.003918127572016483,0.003918127572016483,0.003918127572016483,0.003918127572016483,0.003918127572016372,0.003918127572016483,0.003918127572016483,0.002338769414575892,0.002338769414575781,0.002338769414575892,0.002338769414575892,0.002338769414575892,0.002338769414575781,0.002338769414575892,0.002338769414575892,0.002338769414575892,0.002338769414575781,0.002338769414575892,0.002338769414575892,0.002338769414575892,0.002338769414575781,0.002338769414575892,0.002338769414575892,0.002338769414575892,0.002338769414575781,0.002338769414575892,0.002338769414575892,0.002338769414575892,0.002338769414575781,0.002338769414575892,0.002338769414575892,0.002338769414575781,0.002338769414575892,0.002338769414575892,0.002338769414575892,0.002338769414575892,0.002338769414575781,0.002338769414575892,-0.007002528872958935,-0.007002528872959046,-0.007002528872958935,-0.007002528872959046,-0.007002528872958935,-0.007002528872959046,-0.007002528872958935,-0.007002528872958935,-0.007002528872959046,-0.007002528872958935,-0.007002528872959046,-0.007002528872958935,-0.007002528872958935,-0.007002528872959046,-0.007002528872958935,-0.007002528872959046,-0.007002528872958935,-0.007002528872959046,-0.007002528872958935,-0.007002528872958935,-0.007002528872959046,-0.007002528872958935,-0.007002528872959046,-0.007002528872958935,-0.007002528872959046,-0.007002528872958935,-0.007002528872958935,-0.007002528872959046,-0.007002528872958935,-0.007002528872959046,-0.007002528872958935,0.002384766460905352,0.002384766460905352,0.002384766460905352,0.002384766460905352,0.002384766460905352,0.002384766460905352,0.002384766460905352,0.0023847664609052965,0.002384766460905352,0.002384766460905352,0.002384766460905352,0.002384766460905352,0.002384766460905352,0.002384766460905352,0.002384766460905352,0.002384766460905352,0.0023847664609052965,0.002384766460905352,0.002384766460905352,0.002384766460905352,0.002384766460905352,0.002384766460905352,0.002384766460905352,0.002384766460905352,0.002384766460905352,0.002384766460905352,0.002384766460905352,0.002384766460905352,0.002384766460905352
-0.49636566069362065,0.01782728395061728,0.01782728395061728,0.01782728395061728,0.01782728395061728,0.01782728395061728,0.017827283950617334,0.01782728395061728,0.01782728395061728,0.01782728395061728,0.01782728395061728,0.01782728395061728,0.017827283950617334,0.01782728395061728,0.01782728395061728,0.01782728395061728,0.01782728395061728,0.01782728395061728,0.01782728395061728,0.01782728395061728,0.01782728395061728,0.01782728395061728,0.01782728395061728,0.01782728395061739,0.01782728395061728,0.01782728395061728,0.01782728395061728,0.01782728395061728,0.01782728395061728,0.01782728395061728,0.01782728395061728,0.0036497212266028978,0.003649721226603009,0.0036497212266028978,0.003649721226603009,0.0036497212266028978,0.003649721226603009,0.0036497212266028978,0.003649721226603009,0.0036497212266028978,0.0036497212266028978,0.003649721226603009,0.0036497212266028978,0.003649721226603009,0.0036497212266028978,0.003649721226603009,0.0036497212266028978,0.003649721226603009,0.0036497212266028978,0.003649721226603009,0.0036497212266028978,0.0036497212266028978,0.003649721226603009,0.0036497212266028978,0.003649721226603009,0.0036497212266028978,0.003649721226603009,0.0036497212266028978,0.003649721226603009,0.0036497212266028978,0.003649721226603009,0.0036497212266028978,-0.0028756378600822696,-0.0028756378600823806,-0.0028756378600822696,-0.0028756378600822696,-0.0028756378600823806,-0.0028756378600822696,-0.0028756378600822696,-0.0028756378600823806,-0.0028756378600822696,-0.0028756378600822696,-0.0028756378600823806,-0.0028756378600822696,-0.0028756378600822696,-0.0028756378600823806,-0.0028756378600822696,-0.0028756378600822696,-0.0028756378600823806,-0.0028756378600822696,-0.0028756378600822696,-0.0028756378600823806,-0.0028756378600822696,-0.0028756378600822696,-0.0028756378600823806,-0.0028756378600822696,-0.0028756378600822696,-0.0028756378600823806,-0.0028756378600822696,-0.0028756378600822696,-0.0028756378600823806,-0.0028756378600822696,0.002294464356829895,0.002294464356830006,0.002294464356829895,0.002294464356830006,0.002294464356829895,0.002294464356830006,0.002294464356829895,0.002294464356830006,0.002294464356829895,0.002294464356830006,0.002294464356829895,0.002294464356830006,0.002294464356829895,0.002294464356830006,0.002294464356829895,0.002294464356830006,0.002294464356829895,0.002294464356830006,0.002294464356829895,0.002294464356830006,0.002294464356829895,0.002294464356830006,0.002294464356829895,0.002294464356830006,0.002294464356829895,0.002294464356830006,0.002294464356829895,0.002294464356830006,0.002294464356829895,0.002294464356829895,0.002294464356830006,-0.002795718837116712,-0.002795718837116712,-0.002795718837116601,-0.002795718837116712,-0.002795718837116712,-0.002795718837116712,-0.002795718837116601,-0.002795718837116712,-0.002795718837116712,-0.002795718837116712,-0.002795718837116712,-0.002795718837116601,-0.002795718837116712,-0.002795718837116712,-0.002795718837116712,-0.002795718837116601,-0.002795718837116712,-0.002795718837116712,-0.002795718837116712,-0.002795718837116601,-0.002795718837116712,-0.002795718837116712,-0.002795718837116712,-0.002795718837116712,-0.002795718837116601,-0.002795718837116712,-0.002795718837116712,-0.002795718837116712,-0.002795718837116601,-0.002795718837116712,-0.002795718837116712,-0.015093377651155482,-0.01509337765115537,-0.015093377651155482,-0.01509337765115537,-0.015093377651155482,-0.01509337765115537,-0.015093377651155482,-0.01509337765115537,-0.015093377651155482,-0.01509337765115537,-0.015093377651155482,-0.015093377651155426,-0.015093377651155426,-0.015093377651155426,-0.015093377651155426,-0.015093377651155426,-0.015093377651155426,-0.015093377651155426,-0.015093377651155426,-0.015093377651155426,-0.015093377651155426,-0.015093377651155426,-0.015093377651155482,-0.015093377651155426,-0.015093377651155426,-0.015093377651155426,-0.015093377651155426,-0.015093377651155426,-0.015093377651155426
-0.4918563398097552,0.01492991769547325,0.01492991769547325,0.014929917695473305,0.01492991769547325,0.01492991769547325,0.01492991769547325,0.01492991769547325,0.01492991769547325,0.01492991769547325,0.01492991769547325,0.01492991769547325,0.014929917695473305,0.01492991769547325,0.01492991769547325,0.01492991769547325,0.01492991769547325,0.01492991769547325,0.01492991769547325,0.01492991769547325,0.01492991769547325,0.01492991769547325,0.01492991769547325,0.01492991769547325,0.01492991769547325,0.01492991769547325,0.01492991769547325,0.01492991769547325,0.01492991769547325,0.01492991769547325,0.01492991769547325,0.004587933094384655,0.004587933094384766,0.004587933094384655,0.004587933094384766,0.004587933094384655,0.004587933094384766,0.004587933094384655,0.004587933094384766,0.004587933094384655,0.004587933094384766,0.004587933094384655,0.004587933094384655,0.004587933094384766,0.004587933094384655,0.004587933094384766,0.004587933094384655,0.004587933094384766,0.004587933094384655,0.004587933094384766,0.004587933094384655,0.004587933094384655,0.004587933094384766,0.004587933094384655,0.004587933094384766,0.004587933094384655,0.004587933094384766,0.004587933094384655,0.004587933094384766,0.004587933094384655,0.004587933094384655,0.004587933094384766,0.001677345679012343,0.001677345679012343,0.001677345679012343,0.001677345679012343,0.001677345679012343,0.001677345679012343,0.001677345679012343,0.0016773456790124541,0.001677345679012343,0.001677345679012343,0.001677345679012343,0.001677345679012343,0.001677345679012343,0.001677345679012343,0.001677345679012343,0.001677345679012343,0.001677345679012343,0.001677345679012343,0.001677345679012343,0.001677345679012343,0.001677345679012343,0.001677345679012343,0.0016773456790124541,0.001677345679012343,0.001677345679012343,0.001677345679012343,0.001677345679012343,0.001677345679012343,0.001677345679012343,0.001677345679012343,-0.0019339307048984455,-0.0019339307048984455,-0.0019339307048984455,-0.0019339307048984455,-0.0019339307048984455,-0.0019339307048984455,-0.0019339307048984455,-0.0019339307048984455,-0.0019339307048984455,-0.0019339307048984455,-0.0019339307048984455,-0.0019339307048984455,-0.0019339307048984455,-0.0019339307048984455,-0.0019339307048984455,-0.0019339307048984455,-0.0019339307048984455,-0.0019339307048985566,-0.0019339307048984455,-0.0019339307048984455,-0.0019339307048984455,-0.0019339307048984455,-0.0019339307048984455,-0.0019339307048984455,-0.0019339307048984455,-0.0019339307048984455,-0.0019339307048984455,-0.0019339307048984455,-0.0019339307048984455,-0.0019339307048984455,-0.0019339307048984455,-0.003750915969733204,-0.003750915969733093,-0.003750915969733204,-0.003750915969733204,-0.003750915969733204,-0.003750915969733093,-0.003750915969733204,-0.003750915969733204,-0.003750915969733204,-0.003750915969733093,-0.003750915969733204,-0.003750915969733204,-0.003750915969733204,-0.003750915969733093,-0.003750915969733204,-0.003750915969733204,-0.003750915969733204,-0.003750915969733093,-0.003750915969733204,-0.003750915969733204,-0.003750915969733093,-0.003750915969733204,-0.003750915969733204,-0.003750915969733204,-0.003750915969733204,-0.003750915969733093,-0.003750915969733204,-0.003750915969733204,-0.003750915969733093,-0.003750915969733204,-0.003750915969733204,-1.5707818930044137e-4,-1.5707818930033035e-4,-1.5707818930044137e-4,-1.5707818930044137e-4,-1.5707818930044137e-4,-1.5707818930033035e-4,-1.5707818930044137e-4,-1.5707818930044137e-4,-1.5707818930044137e-4,-1.5707818930033035e-4,-1.5707818930044137e-4,-1.5707818930044137e-4,-1.5707818930044137e-4,-1.5707818930033035e-4,-1.5707818930044137e-4,-1.5707818930044137e-4,-1.5707818930033035e-4,-1.5707818930044137e-4,-1.5707818930044137e-4,-1.5707818930044137e-4,-1.5707818930033035e-4,-1.5707818930044137e-4,-1.5707818930044137e-4,-1.5707818930044137e-4,-1.5707818930033035e-4,-1.5707818930044137e-4,-1.5707818930044137e-4,-1.5707818930044137e-4,-1.5707818930033035e-4
-0.47432894721521035,0.009189567901234597,0.009189567901234541,0.009189567901234541,0.009189567901234597,0.009189567901234597,0.009189567901234541,0.009189567901234541,0.009189567901234597,0.009189567901234597,0.009189567901234541,0.009189567901234541,0.009189567901234597,0.009189567901234597,0.009189567901234541,0.009189567901234541,0.009189567901234597,0.009189567901234597,0.009189567901234541,0.009189567901234541,0.009189567901234597,0.009189567901234597,0.009189567901234486,0.009189567901234652,0.009189567901234541,0.009189567901234597,0.009189567901234541,0.009189567901234541,0.009189567901234597,0.009189567901234597,0.009189567901234541,0.009188211867781737,0.009188211867781793,0.009188211867781737,0.009188211867781793,0.009188211867781737,0.009188211867781793,0.009188211867781737,0.009188211867781737,0.009188211867781793,0.009188211867781737,0.009188211867781793,0.009188211867781737,0.009188211867781737,0.009188211867781793,0.009188211867781793,0.009188211867781737,0.009188211867781737,0.009188211867781793,0.009188211867781737,0.009188211867781793,0.009188211867781737,0.009188211867781737,0.009188211867781737,0.009188211867781737,0.009188211867781737,0.009188211867781848,0.009188211867781737,0.009188211867781848,0.009188211867781737,0.009188211867781737,0.009188211867781737,0.004860370370370348,0.004860370370370348,0.004860370370370459,0.004860370370370348,0.004860370370370348,0.004860370370370348,0.004860370370370348,0.004860370370370459,0.004860370370370348,0.004860370370370348,0.004860370370370348,0.004860370370370348,0.004860370370370459,0.004860370370370348,0.004860370370370348,0.004860370370370348,0.004860370370370348,0.004860370370370459,0.004860370370370348,0.004860370370370348,0.004860370370370348,0.004860370370370348,0.004860370370370459,0.004860370370370348,0.004860370370370348,0.004860370370370348,0.004860370370370348,0.004860370370370459,0.004860370370370348,0.004860370370370348,-0.0011995420151333924,-0.0011995420151333924,-0.0011995420151335034,-0.0011995420151333924,-0.0011995420151333924,-0.0011995420151333924,-0.0011995420151333924,-0.0011995420151335034,-0.0011995420151333924,-0.0011995420151333924,-0.0011995420151333924,-0.0011995420151333924,-0.0011995420151335034,-0.0011995420151333924,-0.0011995420151333924,-0.0011995420151333924,-0.0011995420151333924,-0.0011995420151335034,-0.0011995420151333924,-0.0011995420151333924,-0.0011995420151333924,-0.0011995420151333924,-0.0011995420151333924,-0.0011995420151335034,-0.0011995420151333924,-0.0011995420151333924,-0.0011995420151333924,-0.0011995420151333924,-0.0011995420151335034,-0.0011995420151333924,-0.0011995420151333924,-0.0019331740342493076,-0.0019331740342493076,-0.0019331740342493076,-0.0019331740342493076,-0.0019331740342493076,-0.0019331740342493076,-0.0019331740342493076,-0.0019331740342493076,-0.0019331740342493076,-0.0019331740342493076,-0.0019331740342493076,-0.0019331740342493076,-0.0019331740342493076,-0.0019331740342493076,-0.0019331740342493076,-0.0019331740342491965,-0.0019331740342493076,-0.0019331740342493076,-0.0019331740342493076,-0.0019331740342493076,-0.0019331740342493076,-0.0019331740342493076,-0.0019331740342493076,-0.0019331740342493076,-0.0019331740342493076,-0.0019331740342493076,-0.0019331740342493076,-0.0019331740342493076,-0.0019331740342493076,-0.0019331740342493076,-0.0019331740342493076,-0.01931885456020821,-0.01931885456020821,-0.01931885456020832,-0.01931885456020821,-0.01931885456020821,-0.01931885456020832,-0.01931885456020821,-0.01931885456020821,-0.01931885456020821,-0.019318854560208265,-0.019318854560208265,-0.01931885456020821,-0.019318854560208265,-0.019318854560208265,-0.01931885456020821,-0.01931885456020821,-0.019318854560208265,-0.01931885456020821,-0.019318854560208265,-0.01931885456020821,-0.019318854560208265,-0.01931885456020821,-0.01931885456020832,-0.01931885456020821,-0.019318854560208265,-0.01931885456020821,-0.01931885456020821,-0.01931885456020832,-0.01931885456020821
-0.4726894631653512,0.004625102880658427,0.004625102880658483,0.004625102880658427,0.004625102880658427,0.004625102880658427,0.004625102880658427,0.004625102880658427,0.004625102880658483,0.004625102880658427,0.004625102880658427,0.004625102880658427,0.004625102880658427,0.004625102880658427,0.004625102880658427,0.004625102880658483,0.004625102880658427,0.004625102880658427,0.004625102880658427,0.004625102880658427,0.004625102880658483,0.004625102880658427,0.004625102880658427,0.004625102880658427,0.004625102880658427,0.004625102880658427,0.004625102880658483,0.004625102880658427,0.004625102880658427,0.004625102880658427,0.004625102880658427,0.016261788132218236,0.016261788132218236,0.01626178813221829,0.016261788132218236,0.016261788132218236,0.016261788132218236,0.016261788132218236,0.016261788132218236,0.016261788132218236,0.016261788132218236,0.016261788132218236,0.016261788132218236,0.01626178813221829,0.01626178813221818,0.01626178813221829,0.016261788132218236,0.016261788132218236,0.01626178813221829,0.016261788132218236,0.01626178813221818,0.01626178813221829,0.016261788132218236,0.016261788132218236,0.016261788132218236,0.016261788132218236,0.016261788132218236,0.016261788132218236,0.016261788132218236,0.016261788132218236,0.016261788132218236,0.016261788132218236,0.0010743621399177394,0.0010743621399176284,0.0010743621399177394,0.0010743621399176284,0.0010743621399177394,0.0010743621399177394,0.0010743621399176284,0.0010743621399177394,0.0010743621399176284,0.0010743621399177394,0.0010743621399177394,0.0010743621399176284,0.0010743621399177394,0.0010743621399176284,0.0010743621399177394,0.0010743621399177394,0.0010743621399176284,0.0010743621399177394,0.0010743621399176284,0.0010743621399177394,0.0010743621399177394,0.0010743621399176284,0.0010743621399177394,0.0010743621399176284,0.0010743621399177394,0.0010743621399177394,0.0010743621399176284,0.0010743621399177394,0.0010743621399176284,0.0010743621399177394,4.6939466348072667e-4,4.6939466348061565e-4,4.6939466348072667e-4,4.6939466348072667e-4,4.6939466348061565e-4,4.6939466348072667e-4,4.6939466348072667e-4,4.6939466348061565e-4,4.6939466348072667e-4,4.6939466348061565e-4,4.6939466348072667e-4,4.6939466348072667e-4,4.6939466348061565e-4,4.6939466348072667e-4,4.6939466348072667e-4,4.6939466348061565e-4,4.6939466348072667e-4,4.6939466348072667e-4,4.6939466348061565e-4,4.6939466348072667e-4,4.6939466348072667e-4,4.6939466348061565e-4,4.6939466348072667e-4,4.6939466348061565e-4,4.6939466348072667e-4,4.6939466348072667e-4,4.6939466348061565e-4,4.6939466348072667e-4,4.6939466348072667e-4,4.6939466348061565e-4,4.6939466348072667e-4,-0.00347138590203111,-0.003471385902030999,-0.00347138590203111,-0.003471385902030999,-0.00347138590203111,-0.003471385902030999,-0.00347138590203111,-0.00347138590203111,-0.003471385902030999,-0.00347138590203111,-0.003471385902030999,-0.00347138590203111,-0.00347138590203111,-0.003471385902030999,-0.00347138590203111,-0.003471385902030999,-0.00347138590203111,-0.003471385902030999,-0.00347138590203111,-0.00347138590203111,-0.003471385902030999,-0.00347138590203111,-0.003471385902030999,-0.00347138590203111,-0.003471385902030999,-0.00347138590203111,-0.00347138590203111,-0.003471385902030999,-0.00347138590203111,-0.00347138590203111,-0.003471385902030999,-0.012640648148148137,-0.012640648148148137,-0.012640648148148137,-0.012640648148148137,-0.012640648148148248,-0.012640648148148137,-0.012640648148148137,-0.012640648148148137,-0.012640648148148137,-0.012640648148148137,-0.012640648148148192,-0.012640648148148192,-0.012640648148148137,-0.012640648148148137,-0.012640648148148137,-0.012640648148148137,-0.012640648148148137,-0.012640648148148137,-0.012640648148148192,-0.012640648148148137,-0.012640648148148137,-0.012640648148148192,-0.012640648148148137,-0.012640648148148192,-0.012640648148148137,-0.012640648148148137,-0.012640648148148137,-0.012640648148148192,-0.012640648148148137
-0.503709822454256,0.013042325102880614,0.01304232510288067,0.01304232510288067,0.01304232510288067,0.01304232510288067,0.013042325102880614,0.01304232510288067,0.01304232510288067,0.013042325102880614,0.013042325102880725,0.013042325102880614,0.013042325102880725,0.013042325102880614,0.01304232510288067,0.01304232510288067,0.013042325102880614,0.01304232510288067,0.01304232510288067,0.01304232510288067,0.01304232510288067,0.013042325102880614,0.01304232510288067,0.013042325102880725,0.01304232510288067,0.013042325102880614,0.01304232510288067,0.01304232510288067,0.01304232510288067,0.013042325102880614,0.01304232510288067,0.00867393468737554,0.00867393468737554,0.00867393468737554,0.00867393468737554,0.00867393468737554,0.00867393468737554,0.00867393468737554,0.00867393468737554,0.008673934687375595,0.008673934687375484,0.00867393468737554,0.00867393468737554,0.00867393468737565,0.008673934687375429,0.00867393468737565,0.008673934687375429,0.00867393468737565,0.00867393468737554,0.00867393468737554,0.008673934687375429,0.00867393468737565,0.00867393468737554,0.00867393468737554,0.00867393468737554,0.00867393468737554,0.00867393468737554,0.00867393468737554,0.00867393468737554,0.00867393468737554,0.00867393468737554,0.00867393468737554,0.0018850411522634003,0.0018850411522634003,0.0018850411522632893,0.0018850411522634003,0.0018850411522634003,0.0018850411522634003,0.0018850411522634003,0.0018850411522632893,0.0018850411522634003,0.0018850411522634003,0.0018850411522634003,0.0018850411522634003,0.0018850411522632893,0.0018850411522634003,0.0018850411522634003,0.0018850411522634003,0.0018850411522634003,0.0018850411522632893,0.0018850411522634003,0.0018850411522634003,0.0018850411522634003,0.0018850411522634003,0.0018850411522632893,0.0018850411522634003,0.0018850411522634003,0.0018850411522634003,0.0018850411522634003,0.0018850411522632893,0.0018850411522634003,0.0018850411522634003,-0.0022389685384308633,-0.0022389685384309743,-0.0022389685384308633,-0.0022389685384308633,-0.0022389685384309743,-0.0022389685384308633,-0.0022389685384308633,-0.0022389685384309743,-0.0022389685384308633,-0.0022389685384309743,-0.0022389685384308633,-0.0022389685384308633,-0.0022389685384309743,-0.0022389685384308633,-0.0022389685384308633,-0.0022389685384309743,-0.0022389685384308633,-0.0022389685384308633,-0.0022389685384309743,-0.0022389685384308633,-0.0022389685384308633,-0.0022389685384309743,-0.0022389685384308633,-0.0022389685384308633,-0.0022389685384309743,-0.0022389685384308633,-0.0022389685384309743,-0.0022389685384308633,-0.0022389685384308633,-0.0022389685384309743,-0.0022389685384308633,-0.003455874153723615,-0.003455874153723615,-0.003455874153723615,-0.003455874153723615,-0.003455874153723615,-0.003455874153723615,-0.003455874153723615,-0.003455874153723615,-0.003455874153723615,-0.003455874153723615,-0.003455874153723615,-0.003455874153723615,-0.003455874153723615,-0.003455874153723615,-0.003455874153723615,-0.003455874153723615,-0.003455874153723615,-0.003455874153723615,-0.003455874153723615,-0.003455874153723615,-0.003455874153723615,-0.003455874153723615,-0.003455874153723615,-0.003455874153723615,-0.003455874153723615,-0.003455874153723615,-0.003455874153723615,-0.003455874153723615,-0.003455874153723615,-0.003455874153723615,-0.003455874153723615,-0.01407756071407873,-0.01407756071407873,-0.01407756071407873,-0.014077560714078619,-0.01407756071407873,-0.01407756071407873,-0.01407756071407873,-0.01407756071407873,-0.01407756071407873,-0.014077560714078674,-0.01407756071407873,-0.01407756071407873,-0.014077560714078674,-0.01407756071407873,-0.01407756071407873,-0.01407756071407873,-0.01407756071407873,-0.014077560714078674,-0.01407756071407873,-0.014077560714078674,-0.01407756071407873,-0.01407756071407873,-0.01407756071407873,-0.01407756071407873,-0.01407756071407873,-0.014077560714078674,-0.01407756071407873,-0.01407756071407873,-0.014077560714078674
-0.5364025349119612,0.011495481481481495,0.011495481481481495,0.01149548148148144,0.011495481481481495,0.011495481481481495,0.011495481481481495,0.011495481481481495,0.01149548148148144,0.011495481481481495,0.01149548148148144,0.011495481481481495,0.011495481481481495,0.011495481481481495,0.011495481481481495,0.011495481481481495,0.01149548148148144,0.011495481481481495,0.01149548148148144,0.011495481481481495,0.011495481481481495,0.011495481481481495,0.011495481481481495,0.011495481481481495,0.011495481481481495,0.01149548148148144,0.011495481481481495,0.011495481481481495,0.011495481481481495,0.01149548148148144,0.011495481481481495,0.010791796097172457,0.010791796097172401,0.010791796097172457,0.010791796097172457,0.010791796097172457,0.010791796097172401,0.010791796097172457,0.010791796097172457,0.010791796097172401,0.010791796097172457,0.010791796097172457,0.010791796097172401,0.010791796097172512,0.010791796097172401,0.010791796097172401,0.010791796097172512,0.010791796097172401,0.010791796097172401,0.010791796097172512,0.010791796097172401,0.010791796097172401,0.010791796097172512,0.010791796097172401,0.010791796097172401,0.010791796097172401,0.010791796097172623,0.010791796097172401,0.010791796097172401,0.010791796097172401,0.010791796097172401,0.010791796097172512,7.462139917695509e-4,7.462139917695509e-4,7.462139917695509e-4,7.462139917695509e-4,7.462139917695509e-4,7.462139917695509e-4,7.462139917695509e-4,7.462139917695509e-4,7.462139917695509e-4,7.462139917695509e-4,7.462139917695509e-4,7.462139917695509e-4,7.462139917695509e-4,7.462139917695509e-4,7.462139917694399e-4,7.462139917695509e-4,7.462139917695509e-4,7.462139917695509e-4,7.462139917695509e-4,7.462139917695509e-4,7.462139917695509e-4,7.462139917695509e-4,7.462139917695509e-4,7.462139917695509e-4,7.462139917695509e-4,7.462139917695509e-4,7.462139917695509e-4,7.462139917695509e-4,7.462139917695509e-4,7.462139917695509e-4,-3.475109518120689e-4,-3.475109518119579e-4,-3.475109518120689e-4,-3.475109518119579e-4,-3.475109518120689e-4,-3.475109518120689e-4,-3.475109518119579e-4,-3.475109518120689e-4,-3.475109518120689e-4,-3.475109518119579e-4,-3.475109518120689e-4,-3.475109518119579e-4,-3.475109518120689e-4,-3.475109518120689e-4,-3.475109518119579e-4,-3.475109518120689e-4,-3.475109518119579e-4,-3.475109518120689e-4,-3.475109518120689e-4,-3.475109518119579e-4,-3.475109518120689e-4,-3.475109518119579e-4,-3.475109518120689e-4,-3.475109518120689e-4,-3.475109518119579e-4,-3.475109518120689e-4,-3.475109518120689e-4,-3.475109518119579e-4,-3.475109518120689e-4,-3.475109518119579e-4,-3.475109518120689e-4,-0.00244687375547592,-0.00244687375547592,-0.00244687375547592,-0.002446873755475809,-0.00244687375547592,-0.00244687375547592,-0.00244687375547592,-0.00244687375547592,-0.00244687375547592,-0.00244687375547592,-0.00244687375547592,-0.002446873755475809,-0.00244687375547592,-0.00244687375547592,-0.00244687375547592,-0.00244687375547592,-0.00244687375547592,-0.00244687375547592,-0.00244687375547592,-0.002446873755475809,-0.00244687375547592,-0.00244687375547592,-0.00244687375547592,-0.00244687375547592,-0.00244687375547592,-0.00244687375547592,-0.002446873755475809,-0.00244687375547592,-0.00244687375547592,-0.00244687375547592,-0.00244687375547592,-0.008248086419753053,-0.008248086419753164,-0.008248086419753053,-0.008248086419753053,-0.008248086419753053,-0.008248086419753164,-0.008248086419753053,-0.008248086419753053,-0.008248086419753164,-0.008248086419753053,-0.008248086419753053,-0.008248086419753164,-0.008248086419753053,-0.008248086419753053,-0.008248086419753164,-0.008248086419753053,-0.008248086419753053,-0.008248086419753053,-0.008248086419753164,-0.008248086419753053,-0.008248086419753053,-0.008248086419753109,-0.008248086419753109,-0.008248086419753053,-0.008248086419753109,-0.008248086419753109,-0.008248086419753053,-0.008248086419753109,-0.008248086419753109
-0.4539436001062538,0.008011707818930014,0.00801170781893007,0.008011707818930014,0.00801170781893007,0.008011707818930014,0.008011707818930014,0.00801170781893007,0.00801170781893007,0.008011707818930014,0.008011707818930014,0.00801170781893007,0.00801170781893007,0.008011707818930014,0.008011707818930014,0.00801170781893007,0.008011707818930014,0.00801170781893007,0.008011707818930014,0.008011707818930014,0.00801170781893007,0.008011707818930014,0.00801170781893007,0.00801170781893007,0.008011707818930014,0.00801170781893007,0.008011707818930014,0.008011707818930014,0.00801170781893007,0.008011707818930014,0.00801170781893007,0.009414954201513337,0.009414954201513337,0.009414954201513337,0.009414954201513337,0.009414954201513392,0.009414954201513281,0.009414954201513392,0.009414954201513337,0.009414954201513337,0.009414954201513337,0.009414954201513337,0.009414954201513337,0.009414954201513337,0.009414954201513392,0.009414954201513281,0.009414954201513392,0.009414954201513281,0.009414954201513392,0.009414954201513337,0.009414954201513337,0.009414954201513337,0.009414954201513337,0.009414954201513392,0.009414954201513281,0.009414954201513281,0.009414954201513392,0.009414954201513392,0.009414954201513392,0.009414954201513281,0.009414954201513281,0.009414954201513392,0.005851646090535012,0.005851646090534901,0.005851646090535012,0.005851646090535012,0.005851646090535012,0.005851646090534901,0.005851646090535012,0.005851646090535012,0.005851646090535012,0.005851646090534901,0.005851646090535012,0.005851646090535012,0.005851646090535012,0.005851646090534901,0.005851646090535012,0.005851646090535012,0.005851646090534901,0.005851646090535012,0.005851646090535012,0.005851646090535012,0.005851646090534901,0.005851646090535012,0.005851646090535012,0.005851646090535012,0.005851646090534901,0.005851646090535012,0.005851646090535012,0.005851646090534901,0.005851646090535012,0.005851646090535012,-0.004637873357228206,-0.004637873357228206,-0.004637873357228206,-0.004637873357228206,-0.004637873357228206,-0.004637873357228206,-0.004637873357228206,-0.004637873357228206,-0.004637873357228095,-0.004637873357228206,-0.004637873357228206,-0.004637873357228206,-0.004637873357228206,-0.004637873357228206,-0.004637873357228206,-0.004637873357228206,-0.004637873357228206,-0.004637873357228206,-0.004637873357228206,-0.004637873357228206,-0.004637873357228206,-0.004637873357228206,-0.004637873357228206,-0.004637873357228095,-0.004637873357228206,-0.004637873357228206,-0.004637873357228206,-0.004637873357228206,-0.004637873357228206,-0.004637873357228206,-0.004637873357228206,4.995619275188767e-4,4.995619275189878e-4,4.995619275188767e-4,4.995619275189878e-4,4.995619275188767e-4,4.995619275188767e-4,4.995619275189878e-4,4.995619275188767e-4,4.995619275188767e-4,4.995619275189878e-4,4.995619275188767e-4,4.995619275189878e-4,4.995619275188767e-4,4.995619275188767e-4,4.995619275189878e-4,4.995619275188767e-4,4.995619275189878e-4,4.995619275188767e-4,4.995619275188767e-4,4.995619275189878e-4,4.995619275188767e-4,4.995619275189878e-4,4.995619275188767e-4,4.995619275188767e-4,4.995619275189878e-4,4.995619275188767e-4,4.995619275188767e-4,4.995619275189878e-4,4.995619275188767e-4,4.995619275189878e-4,4.995619275188767e-4,-0.012962142489711947,-0.012962142489711947,-0.012962142489711947,-0.012962142489711947,-0.012962142489711947,-0.012962142489711947,-0.012962142489711836,-0.012962142489711947,-0.012962142489711947,-0.012962142489711947,-0.012962142489711947,-0.012962142489711947,-0.012962142489711947,-0.012962142489711947,-0.012962142489711892,-0.012962142489711892,-0.012962142489711947,-0.012962142489711947,-0.012962142489711947,-0.012962142489711947,-0.012962142489711892,-0.012962142489711947,-0.012962142489712003,-0.012962142489711947,-0.012962142489711892,-0.012962142489711947,-0.012962142489711947,-0.012962142489711947,-0.012962142489711892
-0.5236997672114283,0.013879423868312757,0.013879423868312757,0.013879423868312757,0.013879423868312757,0.013879423868312757,0.013879423868312757,0.013879423868312757,0.013879423868312757,0.013879423868312757,0.013879423868312757,0.013879423868312757,0.013879423868312757,0.013879423868312757,0.013879423868312757,0.013879423868312757,0.013879423868312757,0.013879423868312757,0.013879423868312757,0.013879423868312757,0.013879423868312757,0.013879423868312757,0.013879423868312757,0.013879423868312757,0.013879423868312757,0.013879423868312757,0.013879423868312757,0.013879423868312757,0.013879423868312757,0.013879423868312757,0.013879423868312757,0.008531262445240939,0.008531262445240939,0.008531262445240939,0.008531262445240939,0.008531262445240939,0.008531262445240939,0.008531262445240995,0.008531262445240939,0.008531262445240939,0.008531262445240939,0.008531262445240939,0.008531262445240939,0.008531262445240939,0.008531262445240939,0.008531262445240939,0.008531262445240939,0.008531262445240939,0.008531262445240939,0.008531262445240939,0.008531262445240939,0.008531262445240939,0.008531262445240939,0.008531262445240939,0.008531262445240939,0.008531262445240939,0.008531262445240939,0.008531262445240939,0.008531262445240939,0.008531262445240939,0.008531262445240939,0.008531262445240939,0.0012058230452675067,0.0012058230452675067,0.0012058230452675067,0.0012058230452673957,0.0012058230452675067,0.0012058230452675067,0.0012058230452675067,0.0012058230452675067,0.0012058230452675067,0.0012058230452675067,0.0012058230452675067,0.0012058230452673957,0.0012058230452675067,0.0012058230452675067,0.0012058230452675067,0.0012058230452675067,0.0012058230452675067,0.0012058230452675067,0.0012058230452673957,0.0012058230452675067,0.0012058230452675067,0.0012058230452675067,0.0012058230452675067,0.0012058230452675067,0.0012058230452675067,0.0012058230452675067,0.0012058230452673957,0.0012058230452675067,0.0012058230452675067,0.0012058230452675067,-0.0014966148944643987,-0.0014966148944642876,-0.0014966148944643987,-0.0014966148944643987,-0.0014966148944642876,-0.0014966148944643987,-0.0014966148944643987,-0.0014966148944642876,-0.0014966148944643987,-0.0014966148944642876,-0.0014966148944643987,-0.0014966148944643987,-0.0014966148944642876,-0.0014966148944643987,-0.0014966148944643987,-0.0014966148944642876,-0.0014966148944643987,-0.0014966148944643987,-0.0014966148944642876,-0.0014966148944643987,-0.0014966148944642876,-0.0014966148944643987,-0.0014966148944643987,-0.0014966148944643987,-0.0014966148944642876,-0.0014966148944643987,-0.0014966148944642876,-0.0014966148944643987,-0.0014966148944643987,-0.0014966148944642876,-0.0014966148944643987,-0.0030191158900836346,-0.0030191158900836346,-0.0030191158900836346,-0.0030191158900836346,-0.0030191158900836346,-0.0030191158900836346,-0.0030191158900836346,-0.0030191158900836346,-0.0030191158900836346,-0.0030191158900836346,-0.0030191158900836346,-0.0030191158900836346,-0.0030191158900836346,-0.0030191158900836346,-0.0030191158900835235,-0.0030191158900836346,-0.0030191158900836346,-0.0030191158900836346,-0.0030191158900836346,-0.0030191158900836346,-0.0030191158900836346,-0.0030191158900836346,-0.0030191158900836346,-0.0030191158900836346,-0.0030191158900836346,-0.0030191158900836346,-0.0030191158900836346,-0.0030191158900836346,-0.0030191158900836346,-0.0030191158900836346,-0.0030191158900836346,-0.014377545781892986,-0.014377545781892986,-0.014377545781893097,-0.014377545781892986,-0.014377545781892986,-0.014377545781892986,-0.014377545781892986,-0.014377545781893042,-0.014377545781892986,-0.014377545781892986,-0.014377545781893042,-0.014377545781892986,-0.014377545781892986,-0.014377545781892986,-0.014377545781893042,-0.014377545781893042,-0.014377545781892986,-0.014377545781892986,-0.014377545781892986,-0.014377545781892986,-0.014377545781893042,-0.014377545781892986,-0.014377545781893042,-0.014377545781892986,-0.014377545781893042,-0.014377545781892986,-0.014377545781892986,-0.014377545781892986,-0.014377545781893042
-0.49614174999662897,0.01226945445769212,0.012269454457692064,0.012269454457692064,0.01226945445769212,0.01226945445769212,0.012269454457692064,0.012269454457692064,0.01226945445769212,0.01226945445769212,0.012269454457692064,0.012269454457692064,0.01226945445769212,0.01226945445769212,0.012269454457692064,0.012269454457692064,0.01226945445769212,0.01226945445769212,0.012269454457692064,0.012269454457692064,0.01226945445769212,0.012269454457692064,0.01226945445769212,0.01226945445769212,0.012269454457692064,0.01226945445769212,0.012269454457692064,0.01226945445769212,0.012269454457692064,0.01226945445769212,0.012269454457692064,0.007116396621986543,0.007116396621986543,0.007116396621986543,0.007116396621986543,0.007116396621986543,0.007116396621986543,0.007116396621986543,0.007116396621986598,0.007116396621986543,0.007116396621986543,0.007116396621986543,0.007116396621986543,0.007116396621986543,0.007116396621986543,0.007116396621986487,0.007116396621986598,0.007116396621986598,0.007116396621986487,0.007116396621986598,0.007116396621986487,0.007116396621986598,0.007116396621986487,0.007116396621986598,0.007116396621986487,0.007116396621986598,0.007116396621986487,0.007116396621986598,0.007116396621986487,0.007116396621986598,0.007116396621986487,0.007116396621986598,0.00458547325102876,0.004585473251028871,0.00458547325102876,0.004585473251028871,0.00458547325102876,0.004585473251028871,0.00458547325102876,0.00458547325102876,0.004585473251028871,0.00458547325102876,0.004585473251028871,0.00458547325102876,0.004585473251028871,0.00458547325102876,0.00458547325102876,0.004585473251028871,0.00458547325102876,0.004585473251028871,0.00458547325102876,0.004585473251028871,0.00458547325102876,0.00458547325102876,0.004585473251028871,0.004585473251028871,0.00458547325102876,0.00458547325102876,0.004585473251028871,0.00458547325102876,0.00458547325102876,0.004585473251028871,-0.0018907606531262111,-0.0018907606531263221,-0.0018907606531262111,-0.0018907606531262111,-0.0018907606531263221,-0.0018907606531262111,-0.0018907606531262111,-0.0018907606531263221,-0.0018907606531262111,-0.0018907606531262111,-0.0018907606531263221,-0.0018907606531262111,-0.0018907606531262111,-0.0018907606531262111,-0.0018907606531263221,-0.0018907606531262111,-0.0018907606531262111,-0.0018907606531263221,-0.0018907606531262111,-0.0018907606531262111,-0.0018907606531263221,-0.0018907606531262111,-0.0018907606531262111,-0.0018907606531263221,-0.0018907606531262111,-0.0018907606531262111,-0.0018907606531263221,-0.0018907606531262111,-0.0018907606531262111,-0.0018907606531263221,-0.0018907606531262111,-0.0014750099561927632,-0.0014750099561927632,-0.0014750099561927632,-0.0014750099561927632,-0.0014750099561927632,-0.0014750099561926522,-0.0014750099561927632,-0.0014750099561927632,-0.0014750099561927632,-0.0014750099561927632,-0.0014750099561927632,-0.0014750099561927632,-0.0014750099561927632,-0.0014750099561927632,-0.0014750099561927632,-0.0014750099561926522,-0.0014750099561927632,-0.0014750099561927632,-0.0014750099561927632,-0.0014750099561927632,-0.0014750099561927632,-0.0014750099561927632,-0.0014750099561927632,-0.0014750099561927632,-0.0014750099561927632,-0.0014750099561927632,-0.0014750099561926522,-0.0014750099561927632,-0.0014750099561927632,-0.0014750099561927632,-0.0014750099561927632,-0.021199358398802826,-0.021199358398802826,-0.021199358398802826,-0.021199358398802826,-0.021199358398802937,-0.021199358398802826,-0.021199358398802826,-0.021199358398802826,-0.021199358398802826,-0.021199358398802826,-0.021199358398802826,-0.02119935839880288,-0.02119935839880288,-0.021199358398802826,-0.021199358398802826,-0.021199358398802826,-0.021199358398802826,-0.02119935839880288,-0.021199358398802826,-0.021199358398802826,-0.021199358398802826,-0.021199358398802826,-0.021199358398802937,-0.02119935839880277,-0.021199358398802937,-0.021199358398802826,-0.021199358398802826,-0.021199358398802826,-0.021199358398802826
-0.4641371619547533,0.015071333521664065,0.015071333521664065,0.01507133352166401,0.015071333521664065,0.015071333521664065,0.01507133352166401,0.015071333521664065,0.01507133352166401,0.015071333521664065,0.01507133352166401,0.015071333521664065,0.015071333521664065,0.01507133352166401,0.015071333521664065,0.015071333521664065,0.01507133352166401,0.01507133352166401,0.015071333521664121,0.01507133352166401,0.01507133352166401,0.01507133352166401,0.015071333521664121,0.01507133352166401,0.015071333521664121,0.01507133352166401,0.01507133352166401,0.01507133352166401,0.015071333521664121,0.01507133352166401,0.01507133352166401,0.006858622062923092,0.006858622062923203,0.006858622062923092,0.006858622062923203,0.006858622062923092,0.006858622062923092,0.006858622062923203,0.006858622062923092,0.006858622062923203,0.006858622062923092,0.006858622062923203,0.006858622062923092,0.006858622062923092,0.006858622062923203,0.006858622062923092,0.006858622062923203,0.006858622062923092,0.006858622062923203,0.006858622062923092,0.006858622062923092,0.006858622062923203,0.006858622062923092,0.006858622062923203,0.006858622062923092,0.006858622062923203,0.006858622062923092,0.006858622062923092,0.006858622062923203,0.006858622062923092,0.006858622062923203,0.006858622062923092,-0.00282160493827166,-0.002821604938271549,-0.002821604938271549,-0.00282160493827166,-0.00282160493827166,-0.002821604938271549,-0.002821604938271549,-0.00282160493827166,-0.00282160493827166,-0.002821604938271549,-0.002821604938271549,-0.00282160493827166,-0.00282160493827166,-0.002821604938271549,-0.002821604938271549,-0.00282160493827166,-0.00282160493827166,-0.002821604938271549,-0.002821604938271549,-0.00282160493827166,-0.002821604938271549,-0.00282160493827166,-0.002821604938271549,-0.00282160493827166,-0.00282160493827166,-0.002821604938271549,-0.002821604938271549,-0.00282160493827166,-0.00282160493827166,-0.002821604938271549,-0.006248805256869772,-0.006248805256869772,-0.006248805256869772,-0.006248805256869772,-0.006248805256869772,-0.006248805256869772,-0.006248805256869772,-0.006248805256869772,-0.006248805256869772,-0.006248805256869772,-0.006248805256869772,-0.006248805256869772,-0.006248805256869772,-0.006248805256869772,-0.006248805256869772,-0.006248805256869883,-0.006248805256869661,-0.006248805256869883,-0.006248805256869772,-0.006248805256869772,-0.006248805256869661,-0.006248805256869883,-0.006248805256869772,-0.006248805256869772,-0.006248805256869772,-0.006248805256869772,-0.006248805256869772,-0.006248805256869772,-0.006248805256869772,-0.006248805256869772,-0.006248805256869772,0.0042001194743130355,0.0042001194743130355,0.00420011947431298,0.0042001194743130355,0.0042001194743130355,0.0042001194743130355,0.0042001194743130355,0.0042001194743130355,0.0042001194743130355,0.00420011947431298,0.0042001194743130355,0.0042001194743130355,0.004200119474313091,0.00420011947431298,0.00420011947431298,0.004200119474313091,0.00420011947431298,0.004200119474313091,0.00420011947431298,0.00420011947431298,0.004200119474313091,0.00420011947431298,0.004200119474313091,0.00420011947431298,0.00420011947431298,0.004200119474313091,0.00420011947431298,0.004200119474313091,0.00420011947431298,0.004200119474313091,0.00420011947431298,-0.0047054526748970815,-0.0047054526748971925,-0.0047054526748970815,-0.0047054526748970815,-0.0047054526748971925,-0.0047054526748970815,-0.0047054526748970815,-0.0047054526748971925,-0.0047054526748970815,-0.0047054526748970815,-0.0047054526748971925,-0.0047054526748970815,-0.0047054526748971925,-0.0047054526748970815,-0.0047054526748970815,-0.0047054526748971925,-0.0047054526748970815,-0.0047054526748970815,-0.004705452674897137,-0.004705452674897137,-0.0047054526748970815,-0.004705452674897137,-0.004705452674897137,-0.004705452674897137,-0.004705452674897137,-0.0047054526748970815,-0.004705452674897137,-0.004705452674897137,-0.0047054526748970815
-0.4660583317236134,0.008454547585560246,0.008454547585560246,0.008454547585560246,0.00845454758556019,0.008454547585560301,0.00845454758556019,0.008454547585560301,0.00845454758556019,0.008454547585560301,0.00845454758556019,0.008454547585560246,0.008454547585560246,0.008454547585560301,0.00845454758556019,0.008454547585560246,0.008454547585560246,0.008454547585560246,0.008454547585560246,0.00845454758556019,0.008454547585560301,0.00845454758556019,0.008454547585560301,0.008454547585560246,0.008454547585560246,0.008454547585560246,0.008454547585560246,0.00845454758556019,0.008454547585560301,0.008454547585560246,0.008454547585560246,0.013417940807283368,0.013417940807283424,0.013417940807283368,0.013417940807283424,0.013417940807283424,0.013417940807283368,0.013417940807283368,0.013417940807283424,0.013417940807283424,0.013417940807283368,0.013417940807283368,0.013417940807283424,0.013417940807283424,0.013417940807283313,0.013417940807283424,0.013417940807283424,0.013417940807283424,0.013417940807283424,0.013417940807283313,0.013417940807283424,0.013417940807283313,0.013417940807283424,0.013417940807283424,0.013417940807283424,0.013417940807283424,0.013417940807283424,0.013417940807283313,0.013417940807283313,0.013417940807283424,0.013417940807283424,0.013417940807283424,0.0016247119341563643,0.0016247119341563643,0.0016247119341563643,0.0016247119341564753,0.0016247119341563643,0.0016247119341563643,0.0016247119341563643,0.0016247119341563643,0.0016247119341563643,0.0016247119341563643,0.0016247119341563643,0.0016247119341564753,0.0016247119341563643,0.0016247119341563643,0.0016247119341563643,0.0016247119341563643,0.0016247119341563643,0.0016247119341563643,0.0016247119341564753,0.0016247119341563643,0.0016247119341563643,0.0016247119341563643,0.0016247119341563643,0.0016247119341563643,0.0016247119341563643,0.0016247119341564753,0.0016247119341563643,0.0016247119341563643,0.0016247119341563643,0.0016247119341563643,-0.00214332935085626,-0.002143329350856149,-0.00214332935085626,-0.00214332935085626,-0.00214332935085626,-0.002143329350856149,-0.00214332935085626,-0.00214332935085626,-0.00214332935085626,-0.002143329350856149,-0.00214332935085626,-0.00214332935085626,-0.00214332935085626,-0.002143329350856149,-0.00214332935085626,-0.00214332935085626,-0.00214332935085626,-0.002143329350856149,-0.00214332935085626,-0.00214332935085626,-0.00214332935085626,-0.002143329350856149,-0.00214332935085626,-0.00214332935085626,-0.002143329350856149,-0.00214332935085626,-0.00214332935085626,-0.00214332935085626,-0.00214332935085626,-0.002143329350856149,-0.00214332935085626,-0.0061178813221823836,-0.0061178813221823836,-0.0061178813221823836,-0.006117881322182495,-0.0061178813221823836,-0.0061178813221823836,-0.0061178813221823836,-0.0061178813221823836,-0.0061178813221823836,-0.0061178813221823836,-0.006117881322182495,-0.0061178813221822725,-0.006117881322182495,-0.0061178813221823836,-0.0061178813221823836,-0.0061178813221823836,-0.0061178813221823836,-0.0061178813221823836,-0.0061178813221823836,-0.006117881322182495,-0.0061178813221823836,-0.0061178813221823836,-0.0061178813221823836,-0.0061178813221823836,-0.0061178813221823836,-0.0061178813221823836,-0.006117881322182495,-0.0061178813221822725,-0.006117881322182495,-0.0061178813221823836,-0.0061178813221823836,-0.013306316678435515,-0.01330631667843557,-0.01330631667843557,-0.013306316678435515,-0.013306316678435515,-0.01330631667843557,-0.01330631667843557,-0.013306316678435515,-0.013306316678435515,-0.01330631667843557,-0.01330631667843557,-0.013306316678435515,-0.013306316678435515,-0.01330631667843557,-0.01330631667843557,-0.013306316678435515,-0.013306316678435515,-0.01330631667843557,-0.013306316678435515,-0.01330631667843557,-0.013306316678435515,-0.01330631667843557,-0.01330631667843557,-0.013306316678435515,-0.01330631667843557,-0.013306316678435515,-0.01330631667843557,-0.013306316678435515,-0.01330631667843557
-0.5264285045744426,0.011694266460905378,0.011694266460905323,0.011694266460905378,0.011694266460905323,0.011694266460905378,0.011694266460905323,0.011694266460905378,0.011694266460905323,0.011694266460905378,0.011694266460905323,0.011694266460905378,0.011694266460905323,0.011694266460905378,0.011694266460905323,0.011694266460905378,0.011694266460905323,0.011694266460905378,0.011694266460905323,0.011694266460905378,0.011694266460905323,0.011694266460905323,0.011694266460905378,0.011694266460905378,0.011694266460905323,0.011694266460905378,0.011694266460905323,0.011694266460905378,0.011694266460905323,0.011694266460905378,0.011694266460905323,0.008612959774460749,0.008612959774460693,0.008612959774460749,0.008612959774460693,0.008612959774460749,0.008612959774460693,0.008612959774460749,0.008612959774460749,0.008612959774460693,0.008612959774460749,0.008612959774460693,0.008612959774460749,0.008612959774460749,0.008612959774460693,0.008612959774460749,0.008612959774460693,0.008612959774460749,0.008612959774460749,0.008612959774460638,0.008612959774460749,0.008612959774460749,0.008612959774460749,0.008612959774460749,0.008612959774460638,0.008612959774460749,0.008612959774460749,0.008612959774460749,0.008612959774460749,0.008612959774460638,0.00861295977446086,0.008612959774460638,0.003770572224826796,0.003770572224826796,0.003770572224826796,0.003770572224826796,0.003770572224826796,0.003770572224826796,0.003770572224826796,0.003770572224826796,0.003770572224826796,0.003770572224826796,0.003770572224826796,0.003770572224826796,0.003770572224826796,0.003770572224826796,0.003770572224826796,0.003770572224826796,0.003770572224826796,0.003770572224826796,0.003770572224826796,0.003770572224826796,0.003770572224826796,0.003770572224826796,0.003770572224826796,0.003770572224826796,0.003770572224826796,0.003770572224826796,0.003770572224826796,0.003770572224826796,0.003770572224826796,0.003770572224826796,-0.002432019115890083,-0.002432019115890083,-0.002432019115890083,-0.002432019115890083,-0.002432019115890083,-0.002432019115890083,-0.002432019115890083,-0.002432019115890083,-0.002432019115890083,-0.002432019115890083,-0.002432019115890083,-0.002432019115890083,-0.002432019115890083,-0.002432019115890083,-0.0024320191158899718,-0.002432019115890194,-0.0024320191158899718,-0.002432019115890083,-0.002432019115890083,-0.002432019115890083,-0.002432019115890083,-0.002432019115890083,-0.002432019115890083,-0.002432019115890083,-0.002432019115890083,-0.002432019115890083,-0.002432019115890083,-0.002432019115890083,-0.002432019115890083,-0.002432019115890083,-0.002432019115890083,1.7407407407410425e-4,1.7407407407399322e-4,1.7407407407410425e-4,1.7407407407410425e-4,1.7407407407410425e-4,1.7407407407399322e-4,1.7407407407410425e-4,1.7407407407410425e-4,1.7407407407410425e-4,1.7407407407399322e-4,1.7407407407410425e-4,1.7407407407410425e-4,1.7407407407410425e-4,1.7407407407399322e-4,1.7407407407410425e-4,1.7407407407410425e-4,1.7407407407410425e-4,1.7407407407399322e-4,1.7407407407410425e-4,1.7407407407410425e-4,1.7407407407410425e-4,1.7407407407399322e-4,1.7407407407410425e-4,1.7407407407410425e-4,1.7407407407410425e-4,1.7407407407399322e-4,1.7407407407410425e-4,1.7407407407410425e-4,1.7407407407410425e-4,1.7407407407399322e-4,1.7407407407410425e-4,-0.012796522633744867,-0.012796522633744867,-0.012796522633744867,-0.012796522633744867,-0.012796522633744867,-0.012796522633744867,-0.012796522633744756,-0.012796522633744978,-0.012796522633744756,-0.012796522633744867,-0.012796522633744867,-0.012796522633744867,-0.012796522633744867,-0.012796522633744867,-0.012796522633744867,-0.012796522633744867,-0.012796522633744867,-0.012796522633744867,-0.012796522633744867,-0.012796522633744811,-0.012796522633744867,-0.012796522633744867,-0.012796522633744867,-0.012796522633744867,-0.012796522633744867,-0.012796522633744867,-0.012796522633744867,-0.012796522633744811,-0.012796522633744867
-0.5243373762261778,0.009246249934885653,0.009246249934885709,0.009246249934885653,0.009246249934885653,0.009246249934885653,0.009246249934885653,0.009246249934885709,0.009246249934885653,0.009246249934885653,0.009246249934885653,0.009246249934885653,0.009246249934885653,0.009246249934885653,0.009246249934885653,0.009246249934885653,0.009246249934885653,0.009246249934885653,0.009246249934885709,0.009246249934885653,0.009246249934885653,0.009246249934885653,0.009246249934885653,0.009246249934885709,0.009246249934885653,0.009246249934885653,0.009246249934885653,0.009246249934885653,0.009246249934885653,0.009246249934885653,0.009246249934885653,0.011093195761434471,0.011093195761434527,0.011093195761434471,0.011093195761434527,0.011093195761434471,0.011093195761434527,0.011093195761434471,0.011093195761434527,0.011093195761434527,0.011093195761434471,0.011093195761434471,0.011093195761434527,0.011093195761434527,0.011093195761434416,0.011093195761434527,0.011093195761434527,0.011093195761434471,0.011093195761434471,0.011093195761434527,0.011093195761434527,0.011093195761434416,0.011093195761434638,0.011093195761434416,0.011093195761434416,0.011093195761434638,0.011093195761434416,0.011093195761434527,0.011093195761434527,0.011093195761434416,0.011093195761434638,0.011093195761434416,0.0038074074074073705,0.0038074074074074815,0.0038074074074073705,0.0038074074074073705,0.0038074074074074815,0.0038074074074073705,0.0038074074074073705,0.0038074074074074815,0.0038074074074073705,0.0038074074074073705,0.0038074074074074815,0.0038074074074073705,0.0038074074074073705,0.0038074074074074815,0.0038074074074073705,0.0038074074074073705,0.0038074074074074815,0.0038074074074073705,0.0038074074074073705,0.0038074074074074815,0.0038074074074073705,0.0038074074074073705,0.0038074074074074815,0.0038074074074073705,0.0038074074074073705,0.0038074074074074815,0.0038074074074073705,0.0038074074074073705,0.0038074074074074815,0.0038074074074073705,-0.0013689964157705958,-0.0013689964157705958,-0.0013689964157705958,-0.0013689964157707069,-0.0013689964157705958,-0.0013689964157705958,-0.0013689964157705958,-0.0013689964157705958,-0.0013689964157705958,-0.0013689964157705958,-0.0013689964157705958,-0.0013689964157707069,-0.0013689964157705958,-0.0013689964157705958,-0.0013689964157705958,-0.0013689964157705958,-0.0013689964157705958,-0.0013689964157705958,-0.0013689964157705958,-0.0013689964157707069,-0.0013689964157705958,-0.0013689964157705958,-0.0013689964157705958,-0.0013689964157705958,-0.0013689964157705958,-0.0013689964157705958,-0.0013689964157707069,-0.0013689964157705958,-0.0013689964157705958,-0.0013689964157705958,-0.0013689964157705958,-0.0022324173636001365,-0.0022324173636001365,-0.0022324173636002476,-0.0022324173636001365,-0.0022324173636001365,-0.0022324173636001365,-0.0022324173636001365,-0.0022324173636002476,-0.0022324173636001365,-0.0022324173636001365,-0.0022324173636001365,-0.0022324173636001365,-0.0022324173636002476,-0.0022324173636001365,-0.0022324173636001365,-0.0022324173636001365,-0.0022324173636001365,-0.0022324173636002476,-0.0022324173636001365,-0.0022324173636001365,-0.0022324173636001365,-0.0022324173636001365,-0.0022324173636001365,-0.0022324173636002476,-0.0022324173636001365,-0.0022324173636001365,-0.0022324173636001365,-0.0022324173636001365,-0.0022324173636002476,-0.0022324173636001365,-0.0022324173636001365,-0.007923120370370351,-0.007923120370370351,-0.007923120370370462,-0.007923120370370351,-0.007923120370370351,-0.007923120370370351,-0.007923120370370351,-0.007923120370370351,-0.007923120370370351,-0.007923120370370462,-0.007923120370370351,-0.007923120370370351,-0.007923120370370351,-0.007923120370370351,-0.007923120370370462,-0.007923120370370351,-0.007923120370370351,-0.007923120370370351,-0.007923120370370351,-0.007923120370370351,-0.007923120370370407,-0.007923120370370351,-0.007923120370370407,-0.007923120370370351,-0.007923120370370351,-0.007923120370370407,-0.007923120370370351,-0.007923120370370407,-0.007923120370370351
-0.46534301760777175,0.008281399176954751,0.008281399176954696,0.008281399176954751,0.008281399176954751,0.008281399176954696,0.008281399176954751,0.008281399176954751,0.008281399176954696,0.008281399176954751,0.008281399176954751,0.008281399176954696,0.008281399176954751,0.008281399176954751,0.008281399176954696,0.008281399176954751,0.008281399176954751,0.008281399176954696,0.008281399176954751,0.008281399176954751,0.008281399176954696,0.008281399176954751,0.008281399176954751,0.008281399176954696,0.008281399176954751,0.008281399176954751,0.008281399176954696,0.008281399176954751,0.008281399176954696,0.008281399176954751,0.008281399176954751,0.010839645559538036,0.010839645559538036,0.010839645559538036,0.010839645559538036,0.010839645559538036,0.01083964555953798,0.010839645559538091,0.01083964555953798,0.010839645559538091,0.01083964555953798,0.010839645559538091,0.01083964555953798,0.010839645559538091,0.01083964555953798,0.010839645559538036,0.010839645559538036,0.01083964555953798,0.010839645559538091,0.010839645559538036,0.010839645559538036,0.01083964555953798,0.010839645559538091,0.01083964555953798,0.01083964555953798,0.010839645559538091,0.010839645559538091,0.01083964555953798,0.01083964555953798,0.010839645559538091,0.010839645559538091,0.01083964555953798,0.002886893004115265,0.002886893004115154,0.002886893004115265,0.002886893004115265,0.002886893004115154,0.002886893004115265,0.002886893004115265,0.002886893004115154,0.002886893004115265,0.002886893004115265,0.002886893004115154,0.002886893004115265,0.002886893004115265,0.002886893004115154,0.002886893004115265,0.002886893004115265,0.002886893004115154,0.002886893004115265,0.002886893004115265,0.002886893004115154,0.002886893004115265,0.002886893004115265,0.002886893004115154,0.002886893004115265,0.002886893004115265,0.002886893004115154,0.002886893004115265,0.002886893004115265,0.002886893004115154,0.002886893004115265,1.1628833134214034e-5,1.1628833134214034e-5,1.1628833134214034e-5,1.1628833134214034e-5,1.1628833134214034e-5,1.1628833134214034e-5,1.1628833134214034e-5,1.1628833134214034e-5,1.1628833134214034e-5,1.1628833134214034e-5,1.1628833134214034e-5,1.1628833134214034e-5,1.1628833134214034e-5,1.1628833134214034e-5,1.1628833134214034e-5,1.1628833134103012e-5,1.1628833134214034e-5,1.1628833134214034e-5,1.1628833134214034e-5,1.1628833134214034e-5,1.1628833134214034e-5,1.1628833134214034e-5,1.1628833134214034e-5,1.1628833134214034e-5,1.1628833134214034e-5,1.1628833134214034e-5,1.1628833134214034e-5,1.1628833134214034e-5,1.1628833134214034e-5,1.1628833134214034e-5,1.1628833134214034e-5,-0.008014735165272846,-0.008014735165272735,-0.008014735165272846,-0.008014735165272735,-0.008014735165272846,-0.008014735165272846,-0.008014735165272735,-0.008014735165272846,-0.008014735165272735,-0.008014735165272846,-0.008014735165272846,-0.008014735165272735,-0.008014735165272846,-0.008014735165272735,-0.008014735165272846,-0.008014735165272846,-0.008014735165272735,-0.008014735165272846,-0.008014735165272735,-0.008014735165272846,-0.008014735165272846,-0.008014735165272735,-0.008014735165272846,-0.008014735165272735,-0.008014735165272846,-0.00801473516527279,-0.00801473516527279,-0.008014735165272846,-0.008014735165272735,-0.008014735165272846,-0.00801473516527279,-0.0012935596707818742,-0.0012935596707819297,-0.0012935596707818742,-0.0012935596707818742,-0.0012935596707819297,-0.0012935596707818742,-0.0012935596707818742,-0.0012935596707819297,-0.0012935596707818742,-0.0012935596707818742,-0.0012935596707819297,-0.0012935596707818742,-0.0012935596707818742,-0.0012935596707819297,-0.0012935596707818742,-0.0012935596707818742,-0.0012935596707819297,-0.0012935596707818742,-0.0012935596707818742,-0.0012935596707819297,-0.0012935596707818742,-0.0012935596707818742,-0.0012935596707819297,-0.0012935596707818742,-0.0012935596707818742,-0.0012935596707819297,-0.0012935596707818742,-0.0012935596707818742,-0.0012935596707819297
-0.500710731197941,0.011312023408690086,0.011312023408690086,0.011312023408690086,0.01131202340869003,0.011312023408690086,0.011312023408690086,0.01131202340869003,0.011312023408690086,0.011312023408690086,0.011312023408690086,0.011312023408690086,0.011312023408690086,0.011312023408690086,0.01131202340869003,0.011312023408690086,0.011312023408690086,0.01131202340869003,0.011312023408690086,0.011312023408690086,0.011312023408690086,0.011312023408690086,0.011312023408690086,0.011312023408690086,0.01131202340869003,0.011312023408690086,0.011312023408690086,0.011312023408690086,0.01131202340869003,0.011312023408690086,0.011312023408690086,0.008314834727200293,0.008314834727200349,0.008314834727200293,0.008314834727200349,0.008314834727200293,0.008314834727200349,0.008314834727200293,0.008314834727200349,0.008314834727200293,0.008314834727200293,0.008314834727200349,0.008314834727200293,0.008314834727200349,0.008314834727200293,0.008314834727200293,0.008314834727200293,0.008314834727200404,0.008314834727200293,0.008314834727200293,0.008314834727200404,0.008314834727200293,0.008314834727200293,0.008314834727200293,0.008314834727200293,0.008314834727200404,0.008314834727200293,0.008314834727200293,0.008314834727200293,0.008314834727200293,0.008314834727200404,0.008314834727200293,0.004185761316872427,0.004185761316872427,0.004185761316872427,0.004185761316872427,0.004185761316872427,0.004185761316872427,0.004185761316872427,0.004185761316872427,0.004185761316872427,0.004185761316872427,0.004185761316872427,0.004185761316872427,0.004185761316872427,0.004185761316872538,0.004185761316872316,0.004185761316872538,0.004185761316872316,0.004185761316872538,0.004185761316872427,0.004185761316872427,0.004185761316872427,0.004185761316872427,0.004185761316872427,0.004185761316872427,0.004185761316872427,0.004185761316872427,0.004185761316872427,0.004185761316872427,0.004185761316872427,0.004185761316872427,-0.0011466547192353627,-0.0011466547192353627,-0.0011466547192353627,-0.0011466547192353627,-0.0011466547192353627,-0.0011466547192353627,-0.0011466547192353627,-0.0011466547192353627,-0.0011466547192353627,-0.0011466547192353627,-0.0011466547192353627,-0.0011466547192353627,-0.0011466547192353627,-0.0011466547192353627,-0.0011466547192353627,-0.0011466547192353627,-0.0011466547192353627,-0.0011466547192353627,-0.0011466547192353627,-0.0011466547192353627,-0.0011466547192353627,-0.0011466547192353627,-0.0011466547192353627,-0.0011466547192353627,-0.0011466547192353627,-0.0011466547192353627,-0.0011466547192353627,-0.0011466547192353627,-0.0011466547192353627,-0.0011466547192353627,-0.0011466547192353627,-0.002361031461569074,-0.002361031461569074,-0.002361031461569185,-0.002361031461569074,-0.002361031461569074,-0.002361031461569074,-0.002361031461569185,-0.002361031461569074,-0.002361031461569074,-0.002361031461569074,-0.002361031461569185,-0.002361031461569074,-0.002361031461569074,-0.002361031461569074,-0.002361031461569074,-0.002361031461569185,-0.002361031461569074,-0.002361031461569074,-0.002361031461569074,-0.002361031461569074,-0.002361031461569185,-0.002361031461569074,-0.002361031461569074,-0.002361031461569074,-0.002361031461569185,-0.002361031461569074,-0.002361031461569074,-0.002361031461569074,-0.002361031461569185,-0.002361031461569074,-0.002361031461569074,-0.018170820473251026,-0.018170820473251026,-0.018170820473251026,-0.018170820473251026,-0.018170820473251026,-0.018170820473251026,-0.018170820473251026,-0.018170820473251026,-0.018170820473251026,-0.018170820473251026,-0.018170820473251026,-0.01817082047325108,-0.018170820473251026,-0.018170820473251026,-0.018170820473251026,-0.018170820473251026,-0.018170820473251026,-0.018170820473251026,-0.018170820473251026,-0.018170820473251026,-0.018170820473251026,-0.018170820473251026,-0.01817082047325108,-0.018170820473251026,-0.018170820473251026,-0.018170820473251026,-0.018170820473251026,-0.018170820473251026,-0.018170820473251026
-0.37816492260459134,0.0016699533195713712,0.0016699533195713712,0.0016699533195714267,0.0016699533195713157,0.0016699533195714267,0.0016699533195713712,0.0016699533195713712,0.0016699533195713712,0.0016699533195713712,0.0016699533195713712,0.0016699533195713712,0.0016699533195713712,0.0016699533195713712,0.0016699533195713712,0.0016699533195713712,0.0016699533195713712,0.0016699533195713712,0.0016699533195714267,0.0016699533195713157,0.0016699533195714267,0.0016699533195713157,0.0016699533195714267,0.0016699533195713712,0.0016699533195713712,0.0016699533195713712,0.0016699533195713712,0.0016699533195713712,0.0016699533195713712,0.0016699533195713712,0.0016699533195713712,0.0171113155848035,0.0171113155848035,0.0171113155848035,0.0171113155848035,0.017111315584803444,0.0171113155848035,0.0171113155848035,0.0171113155848035,0.0171113155848035,0.017111315584803444,0.0171113155848035,0.0171113155848035,0.0171113155848035,0.017111315584803444,0.0171113155848035,0.0171113155848035,0.017111315584803444,0.017111315584803555,0.017111315584803444,0.0171113155848035,0.017111315584803444,0.017111315584803555,0.0171113155848035,0.017111315584803444,0.017111315584803555,0.0171113155848035,0.0171113155848035,0.017111315584803388,0.0171113155848035,0.0171113155848035,0.0171113155848035,0.001487233796296339,0.0014872337962962279,0.001487233796296339,0.0014872337962962279,0.001487233796296339,0.001487233796296339,0.0014872337962962279,0.001487233796296339,0.0014872337962962279,0.001487233796296339,0.001487233796296339,0.0014872337962962279,0.001487233796296339,0.0014872337962962279,0.001487233796296339,0.001487233796296339,0.0014872337962962279,0.001487233796296339,0.0014872337962962279,0.001487233796296339,0.001487233796296339,0.0014872337962962279,0.001487233796296339,0.0014872337962962279,0.001487233796296339,0.001487233796296339,0.0014872337962962279,0.001487233796296339,0.0014872337962962279,0.001487233796296339,0.0016010839804858623,0.0016010839804858623,0.0016010839804858623,0.0016010839804858623,0.0016010839804858623,0.0016010839804858623,0.0016010839804858623,0.0016010839804858623,0.0016010839804858623,0.0016010839804858623,0.0016010839804858623,0.0016010839804858623,0.0016010839804858623,0.0016010839804858623,0.0016010839804858623,0.0016010839804858623,0.0016010839804858623,0.0016010839804858623,0.0016010839804858623,0.0016010839804858623,0.0016010839804858623,0.0016010839804858623,0.0016010839804858623,0.0016010839804858623,0.0016010839804858623,0.0016010839804858623,0.0016010839804858623,0.0016010839804858623,0.0016010839804858623,0.0016010839804858623,0.0016010839804858623,-0.011449721226602927,-0.011449721226602927,-0.011449721226602927,-0.011449721226603038,-0.011449721226602927,-0.011449721226602927,-0.011449721226602927,-0.011449721226602927,-0.011449721226603038,-0.011449721226602927,-0.011449721226602927,-0.011449721226602927,-0.011449721226602927,-0.011449721226602927,-0.011449721226602927,-0.011449721226602927,-0.011449721226602927,-0.011449721226603038,-0.011449721226602927,-0.011449721226602927,-0.011449721226602927,-0.011449721226602982,-0.011449721226602927,-0.011449721226602982,-0.011449721226602927,-0.011449721226602982,-0.011449721226602927,-0.011449721226602927,-0.011449721226602927,-0.011449721226602982,-0.011449721226602927,-0.010139302549302565,-0.010139302549302509,-0.010139302549302565,-0.010139302549302565,-0.010139302549302565,-0.010139302549302509,-0.010139302549302565,-0.010139302549302565,-0.010139302549302509,-0.010139302549302565,-0.010139302549302565,-0.010139302549302565,-0.010139302549302565,-0.010139302549302509,-0.010139302549302565,-0.010139302549302565,-0.010139302549302509,-0.010139302549302565,-0.010139302549302565,-0.010139302549302509,-0.010139302549302565,-0.010139302549302565,-0.010139302549302565,-0.010139302549302565,-0.010139302549302565,-0.010139302549302509,-0.010139302549302565,-0.010139302549302565,-0.010139302549302509
-0.5661143758854483,0.012650523662551427,0.012650523662551483,0.012650523662551427,0.012650523662551427,0.012650523662551427,0.012650523662551483,0.012650523662551427,0.012650523662551427,0.012650523662551483,0.012650523662551372,0.012650523662551483,0.012650523662551483,0.012650523662551372,0.012650523662551483,0.012650523662551427,0.012650523662551427,0.012650523662551483,0.012650523662551372,0.012650523662551483,0.012650523662551427,0.012650523662551427,0.012650523662551483,0.012650523662551427,0.012650523662551483,0.012650523662551427,0.012650523662551427,0.012650523662551427,0.012650523662551483,0.012650523662551427,0.012650523662551427,0.010026025487853418,0.010026025487853474,0.010026025487853418,0.010026025487853474,0.010026025487853418,0.010026025487853474,0.010026025487853418,0.010026025487853474,0.010026025487853474,0.010026025487853418,0.010026025487853418,0.010026025487853474,0.010026025487853474,0.010026025487853363,0.010026025487853474,0.010026025487853474,0.010026025487853474,0.010026025487853474,0.010026025487853363,0.010026025487853474,0.010026025487853363,0.010026025487853474,0.010026025487853474,0.010026025487853474,0.010026025487853474,0.010026025487853474,0.010026025487853363,0.010026025487853363,0.010026025487853474,0.010026025487853474,0.010026025487853474,0.001090082304526785,0.0010900823045266739,0.001090082304526785,0.001090082304526785,0.0010900823045266739,0.001090082304526785,0.001090082304526785,0.0010900823045266739,0.001090082304526785,0.001090082304526785,0.0010900823045266739,0.001090082304526785,0.001090082304526785,0.0010900823045266739,0.001090082304526785,0.001090082304526785,0.0010900823045266739,0.001090082304526785,0.001090082304526785,0.0010900823045266739,0.001090082304526785,0.001090082304526785,0.0010900823045266739,0.001090082304526785,0.001090082304526785,0.0010900823045266739,0.001090082304526785,0.001090082304526785,0.0010900823045266739,0.001090082304526785,-6.142174432497427e-4,-6.142174432496317e-4,-6.142174432497427e-4,-6.142174432496317e-4,-6.142174432497427e-4,-6.142174432497427e-4,-6.142174432496317e-4,-6.142174432497427e-4,-6.142174432497427e-4,-6.142174432496317e-4,-6.142174432497427e-4,-6.142174432496317e-4,-6.142174432497427e-4,-6.142174432497427e-4,-6.142174432496317e-4,-6.142174432497427e-4,-6.142174432496317e-4,-6.142174432497427e-4,-6.142174432497427e-4,-6.142174432496317e-4,-6.142174432497427e-4,-6.142174432496317e-4,-6.142174432497427e-4,-6.142174432497427e-4,-6.142174432496317e-4,-6.142174432497427e-4,-6.142174432497427e-4,-6.142174432496317e-4,-6.142174432497427e-4,-6.142174432496317e-4,-6.142174432497427e-4,-0.0019435284747112425,-0.0019435284747113535,-0.0019435284747112425,-0.0019435284747112425,-0.0019435284747112425,-0.0019435284747113535,-0.0019435284747112425,-0.0019435284747112425,-0.0019435284747113535,-0.0019435284747112425,-0.0019435284747112425,-0.0019435284747112425,-0.0019435284747113535,-0.0019435284747112425,-0.0019435284747112425,-0.0019435284747113535,-0.0019435284747112425,-0.0019435284747112425,-0.0019435284747112425,-0.0019435284747113535,-0.0019435284747112425,-0.0019435284747112425,-0.0019435284747113535,-0.0019435284747112425,-0.0019435284747112425,-0.0019435284747113535,-0.0019435284747112425,-0.0019435284747112425,-0.0019435284747112425,-0.0019435284747113535,-0.0019435284747112425,-0.004310288065843659,-0.004310288065843548,-0.004310288065843659,-0.004310288065843659,-0.004310288065843548,-0.004310288065843659,-0.004310288065843548,-0.004310288065843659,-0.004310288065843659,-0.004310288065843548,-0.004310288065843659,-0.004310288065843659,-0.004310288065843548,-0.004310288065843659,-0.004310288065843548,-0.004310288065843659,-0.004310288065843659,-0.004310288065843548,-0.004310288065843659,-0.004310288065843659,-0.004310288065843548,-0.004310288065843659,-0.004310288065843659,-0.004310288065843548,-0.004310288065843659,-0.004310288065843548,-0.004310288065843659,-0.004310288065843659,-0.004310288065843548
-0.43585695383718814,0.01092730434442879,0.010927304344428845,0.01092730434442879,0.010927304344428845,0.01092730434442879,0.010927304344428845,0.01092730434442879,0.010927304344428845,0.01092730434442879,0.010927304344428845,0.01092730434442879,0.010927304344428845,0.01092730434442879,0.010927304344428845,0.01092730434442879,0.010927304344428845,0.01092730434442879,0.010927304344428845,0.01092730434442879,0.010927304344428845,0.01092730434442879,0.01092730434442879,0.0109273043444289,0.01092730434442879,0.010927304344428845,0.01092730434442879,0.010927304344428845,0.01092730434442879,0.010927304344428845,0.01092730434442879,0.01026888291517325,0.01026888291517325,0.010268882915173194,0.01026888291517325,0.01026888291517325,0.01026888291517325,0.01026888291517325,0.010268882915173194,0.01026888291517325,0.01026888291517325,0.010268882915173194,0.01026888291517325,0.01026888291517325,0.01026888291517325,0.01026888291517325,0.01026888291517325,0.010268882915173139,0.01026888291517336,0.010268882915173139,0.01026888291517325,0.01026888291517325,0.01026888291517325,0.01026888291517325,0.01026888291517325,0.01026888291517325,0.010268882915173139,0.01026888291517336,0.010268882915173139,0.01026888291517325,0.01026888291517325,0.01026888291517325,0.001150637860082293,0.001150637860082293,0.001150637860082293,0.001150637860082293,0.001150637860082404,0.001150637860082293,0.001150637860082293,0.001150637860082293,0.001150637860082293,0.001150637860082293,0.001150637860082293,0.001150637860082293,0.001150637860082293,0.001150637860082293,0.001150637860082293,0.001150637860082404,0.001150637860082293,0.001150637860082293,0.001150637860082293,0.001150637860082293,0.001150637860082293,0.001150637860082293,0.001150637860082293,0.001150637860082293,0.001150637860082404,0.001150637860082293,0.001150637860082293,0.001150637860082293,0.001150637860082293,0.001150637860082293,-0.0028717443249701713,-0.0028717443249700603,-0.0028717443249701713,-0.0028717443249700603,-0.0028717443249701713,-0.0028717443249701713,-0.0028717443249700603,-0.0028717443249701713,-0.0028717443249701713,-0.0028717443249700603,-0.0028717443249701713,-0.0028717443249700603,-0.0028717443249701713,-0.0028717443249701713,-0.0028717443249700603,-0.0028717443249701713,-0.0028717443249700603,-0.0028717443249701713,-0.0028717443249701713,-0.0028717443249700603,-0.0028717443249701713,-0.0028717443249701713,-0.0028717443249700603,-0.0028717443249701713,-0.0028717443249700603,-0.0028717443249701713,-0.0028717443249701713,-0.0028717443249700603,-0.0028717443249701713,-0.0028717443249700603,-0.0028717443249701713,-0.006555962017124606,-0.006555962017124717,-0.006555962017124606,-0.006555962017124717,-0.006555962017124606,-0.006555962017124606,-0.006555962017124717,-0.006555962017124606,-0.006555962017124717,-0.006555962017124606,-0.006555962017124717,-0.006555962017124606,-0.006555962017124606,-0.006555962017124717,-0.006555962017124606,-0.006555962017124717,-0.006555962017124606,-0.006555962017124717,-0.006555962017124606,-0.006555962017124606,-0.006555962017124717,-0.006555962017124606,-0.006555962017124717,-0.006555962017124606,-0.006555962017124661,-0.006555962017124661,-0.006555962017124606,-0.006555962017124717,-0.006555962017124606,-0.006555962017124717,-0.006555962017124606,-0.014999353652263403,-0.014999353652263347,-0.014999353652263403,-0.014999353652263347,-0.014999353652263347,-0.014999353652263403,-0.014999353652263403,-0.014999353652263347,-0.014999353652263347,-0.014999353652263403,-0.014999353652263403,-0.014999353652263347,-0.014999353652263403,-0.014999353652263403,-0.014999353652263347,-0.014999353652263347,-0.014999353652263403,-0.014999353652263347,-0.014999353652263403,-0.014999353652263347,-0.014999353652263403,-0.014999353652263347,-0.014999353652263459,-0.014999353652263347,-0.014999353652263403,-0.014999353652263347,-0.014999353652263403,-0.014999353652263347,-0.014999353652263403
-0.4062771721232075,0.0014995972122013312,0.0014995972122013868,0.0014995972122013868,0.0014995972122013868,0.0014995972122013868,0.0014995972122013868,0.0014995972122013868,0.0014995972122013868,0.0014995972122013312,0.0014995972122013868,0.0014995972122013868,0.0014995972122013868,0.0014995972122013868,0.0014995972122013868,0.0014995972122013312,0.0014995972122013868,0.0014995972122013868,0.0014995972122013868,0.0014995972122013868,0.0014995972122013868,0.0014995972122013868,0.0014995972122013868,0.0014995972122013312,0.0014995972122013868,0.0014995972122013868,0.0014995972122013868,0.0014995972122013868,0.0014995972122013868,0.0014995972122013312,0.0014995972122013868,0.018134619185324885,0.018134619185324774,0.018134619185324885,0.018134619185324774,0.018134619185324885,0.018134619185324774,0.018134619185324885,0.018134619185324774,0.018134619185324885,0.018134619185324774,0.018134619185324885,0.01813461918532483,0.01813461918532483,0.018134619185324774,0.018134619185324885,0.018134619185324774,0.01813461918532483,0.018134619185324885,0.01813461918532483,0.018134619185324774,0.01813461918532483,0.018134619185324885,0.01813461918532483,0.01813461918532483,0.01813461918532483,0.018134619185324885,0.018134619185324774,0.018134619185324774,0.018134619185324885,0.018134619185324885,0.018134619185324774,0.004056604938271646,0.004056604938271535,0.004056604938271646,0.004056604938271646,0.004056604938271535,0.004056604938271646,0.004056604938271646,0.004056604938271535,0.004056604938271646,0.004056604938271646,0.004056604938271535,0.004056604938271646,0.004056604938271646,0.004056604938271535,0.004056604938271646,0.004056604938271646,0.004056604938271535,0.004056604938271646,0.004056604938271646,0.004056604938271535,0.004056604938271646,0.004056604938271646,0.004056604938271535,0.004056604938271646,0.004056604938271646,0.004056604938271535,0.004056604938271646,0.004056604938271646,0.004056604938271535,0.004056604938271646,-0.0017335921943448795,-0.0017335921943448795,-0.0017335921943448795,-0.0017335921943448795,-0.0017335921943448795,-0.0017335921943448795,-0.0017335921943448795,-0.0017335921943449906,-0.0017335921943448795,-0.0017335921943448795,-0.0017335921943448795,-0.0017335921943448795,-0.0017335921943448795,-0.0017335921943448795,-0.0017335921943448795,-0.0017335921943448795,-0.0017335921943448795,-0.0017335921943448795,-0.0017335921943448795,-0.0017335921943448795,-0.0017335921943448795,-0.0017335921943448795,-0.0017335921943449906,-0.0017335921943448795,-0.0017335921943448795,-0.0017335921943448795,-0.0017335921943448795,-0.0017335921943448795,-0.0017335921943448795,-0.0017335921943448795,-0.0017335921943448795,-0.009844763042612503,-0.009844763042612503,-0.009844763042612503,-0.009844763042612503,-0.009844763042612503,-0.009844763042612503,-0.009844763042612503,-0.009844763042612503,-0.009844763042612503,-0.009844763042612503,-0.009844763042612503,-0.009844763042612503,-0.009844763042612503,-0.009844763042612503,-0.009844763042612503,-0.009844763042612503,-0.009844763042612503,-0.009844763042612503,-0.009844763042612503,-0.009844763042612503,-0.009844763042612503,-0.009844763042612559,-0.009844763042612503,-0.009844763042612448,-0.009844763042612503,-0.009844763042612559,-0.009844763042612503,-0.009844763042612503,-0.009844763042612503,-0.009844763042612503,-0.009844763042612503,-0.012293209876543199,-0.012293209876543199,-0.012293209876543254,-0.012293209876543199,-0.012293209876543199,-0.012293209876543199,-0.012293209876543254,-0.012293209876543143,-0.012293209876543254,-0.012293209876543199,-0.012293209876543199,-0.012293209876543254,-0.012293209876543143,-0.012293209876543254,-0.012293209876543199,-0.012293209876543199,-0.012293209876543254,-0.012293209876543143,-0.012293209876543254,-0.012293209876543199,-0.012293209876543199,-0.012293209876543199,-0.012293209876543254,-0.012293209876543199,-0.012293209876543199,-0.012293209876543199,-0.012293209876543254,-0.012293209876543199,-0.012293209876543199
-0.46435636754135967,0.007995514403292159,0.007995514403292214,0.007995514403292159,0.007995514403292159,0.007995514403292214,0.007995514403292214,0.007995514403292159,0.007995514403292159,0.007995514403292159,0.007995514403292214,0.007995514403292159,0.007995514403292214,0.007995514403292159,0.007995514403292214,0.007995514403292159,0.007995514403292214,0.007995514403292159,0.007995514403292159,0.007995514403292159,0.007995514403292214,0.007995514403292159,0.007995514403292214,0.007995514403292159,0.007995514403292214,0.007995514403292159,0.007995514403292214,0.007995514403292159,0.007995514403292159,0.007995514403292159,0.007995514403292214,0.013578335324571866,0.013578335324571922,0.013578335324571866,0.013578335324571866,0.013578335324571922,0.013578335324571866,0.013578335324571922,0.013578335324571866,0.013578335324571866,0.013578335324571866,0.013578335324571922,0.013578335324571866,0.013578335324571922,0.013578335324571866,0.013578335324571866,0.013578335324571866,0.013578335324571866,0.013578335324571977,0.013578335324571866,0.013578335324571866,0.013578335324571866,0.013578335324571977,0.013578335324571755,0.013578335324571977,0.013578335324571755,0.013578335324571977,0.013578335324571977,0.013578335324571755,0.013578335324571977,0.013578335324571866,0.013578335324571866,7.163991769547629e-4,7.163991769546518e-4,7.163991769547629e-4,7.163991769547629e-4,7.163991769547629e-4,7.163991769546518e-4,7.163991769547629e-4,7.163991769547629e-4,7.163991769547629e-4,7.163991769546518e-4,7.163991769547629e-4,7.163991769547629e-4,7.163991769547629e-4,7.163991769546518e-4,7.163991769547629e-4,7.163991769547629e-4,7.163991769546518e-4,7.163991769547629e-4,7.163991769547629e-4,7.163991769547629e-4,7.163991769546518e-4,7.163991769547629e-4,7.163991769547629e-4,7.163991769547629e-4,7.163991769546518e-4,7.163991769547629e-4,7.163991769547629e-4,7.163991769547629e-4,7.163991769546518e-4,7.163991769547629e-4,-3.559538032655851e-4,-3.5595380326569614e-4,-3.559538032655851e-4,-3.5595380326569614e-4,-3.559538032655851e-4,-3.5595380326569614e-4,-3.559538032655851e-4,-3.5595380326569614e-4,-3.559538032655851e-4,-3.5595380326569614e-4,-3.559538032655851e-4,-3.559538032655851e-4,-3.5595380326569614e-4,-3.559538032655851e-4,-3.5595380326569614e-4,-3.559538032655851e-4,-3.5595380326569614e-4,-3.559538032655851e-4,-3.5595380326569614e-4,-3.559538032655851e-4,-3.559538032655851e-4,-3.5595380326569614e-4,-3.559538032655851e-4,-3.5595380326569614e-4,-3.559538032655851e-4,-3.5595380326569614e-4,-3.559538032655851e-4,-3.5595380326569614e-4,-3.559538032655851e-4,-3.5595380326569614e-4,-3.559538032655851e-4,-0.005345679012345728,-0.005345679012345617,-0.005345679012345728,-0.005345679012345617,-0.005345679012345728,-0.005345679012345617,-0.005345679012345728,-0.005345679012345617,-0.005345679012345728,-0.005345679012345728,-0.005345679012345617,-0.005345679012345728,-0.005345679012345617,-0.005345679012345728,-0.005345679012345617,-0.005345679012345728,-0.005345679012345617,-0.005345679012345728,-0.005345679012345617,-0.005345679012345728,-0.005345679012345728,-0.005345679012345617,-0.005345679012345728,-0.005345679012345617,-0.005345679012345728,-0.005345679012345617,-0.005345679012345728,-0.005345679012345617,-0.005345679012345728,-0.005345679012345617,-0.005345679012345728,-0.015771220063414915,-0.015771220063415026,-0.01577122006341497,-0.01577122006341497,-0.015771220063414915,-0.01577122006341497,-0.01577122006341497,-0.01577122006341497,-0.01577122006341497,-0.015771220063414915,-0.015771220063415026,-0.015771220063414915,-0.015771220063415026,-0.015771220063414915,-0.01577122006341497,-0.01577122006341497,-0.01577122006341497,-0.015771220063414915,-0.01577122006341497,-0.01577122006341497,-0.01577122006341497,-0.01577122006341497,-0.01577122006341497,-0.01577122006341497,-0.01577122006341497,-0.01577122006341497,-0.01577122006341497,-0.015771220063414915,-0.01577122006341497
-0.48375554164684403,0.010474176954732517,0.010474176954732517,0.010474176954732517,0.010474176954732517,0.010474176954732517,0.010474176954732517,0.010474176954732461,0.010474176954732517,0.010474176954732517,0.010474176954732517,0.010474176954732517,0.010474176954732517,0.010474176954732517,0.010474176954732517,0.010474176954732517,0.010474176954732517,0.010474176954732517,0.010474176954732517,0.010474176954732517,0.010474176954732517,0.010474176954732461,0.010474176954732517,0.010474176954732517,0.010474176954732517,0.010474176954732517,0.010474176954732517,0.010474176954732461,0.010474176954732517,0.010474176954732517,0.010474176954732517,0.010349203504579851,0.010349203504579851,0.010349203504579851,0.010349203504579851,0.010349203504579851,0.010349203504579851,0.010349203504579851,0.010349203504579851,0.010349203504579851,0.010349203504579851,0.010349203504579851,0.010349203504579851,0.010349203504579796,0.010349203504579907,0.010349203504579796,0.010349203504579907,0.010349203504579796,0.010349203504579907,0.010349203504579796,0.010349203504579907,0.010349203504579796,0.010349203504579907,0.010349203504579796,0.010349203504579907,0.010349203504579796,0.010349203504579796,0.010349203504579907,0.010349203504579907,0.010349203504579796,0.010349203504579796,0.010349203504579907,0.0012950000000000461,0.001294999999999935,0.0012950000000000461,0.001294999999999935,0.0012950000000000461,0.0012950000000000461,0.001294999999999935,0.0012950000000000461,0.001294999999999935,0.0012950000000000461,0.0012950000000000461,0.001294999999999935,0.0012950000000000461,0.001294999999999935,0.0012950000000000461,0.0012950000000000461,0.001294999999999935,0.0012950000000000461,0.001294999999999935,0.0012950000000000461,0.0012950000000000461,0.001294999999999935,0.0012950000000000461,0.001294999999999935,0.0012950000000000461,0.0012950000000000461,0.001294999999999935,0.0012950000000000461,0.001294999999999935,0.0012950000000000461,-2.0724810832339902e-4,-2.0724810832339902e-4,-2.07248108323288e-4,-2.0724810832339902e-4,-2.0724810832339902e-4,-2.0724810832339902e-4,-2.0724810832339902e-4,-2.07248108323288e-4,-2.0724810832339902e-4,-2.0724810832339902e-4,-2.0724810832339902e-4,-2.0724810832339902e-4,-2.07248108323288e-4,-2.0724810832339902e-4,-2.0724810832339902e-4,-2.0724810832339902e-4,-2.0724810832339902e-4,-2.0724810832339902e-4,-2.07248108323288e-4,-2.0724810832339902e-4,-2.0724810832339902e-4,-2.0724810832339902e-4,-2.0724810832339902e-4,-2.07248108323288e-4,-2.0724810832339902e-4,-2.0724810832339902e-4,-2.0724810832339902e-4,-2.0724810832339902e-4,-2.07248108323288e-4,-2.0724810832339902e-4,-2.0724810832339902e-4,-0.003054540023894825,-0.003054540023894936,-0.003054540023894825,-0.003054540023894825,-0.003054540023894936,-0.003054540023894825,-0.003054540023894825,-0.003054540023894936,-0.003054540023894825,-0.003054540023894936,-0.003054540023894825,-0.003054540023894825,-0.003054540023894936,-0.003054540023894825,-0.003054540023894825,-0.003054540023894936,-0.003054540023894825,-0.003054540023894825,-0.003054540023894936,-0.003054540023894825,-0.003054540023894825,-0.003054540023894936,-0.003054540023894825,-0.003054540023894825,-0.003054540023894936,-0.003054540023894825,-0.003054540023894936,-0.003054540023894825,-0.003054540023894825,-0.003054540023894936,-0.003054540023894825,-0.017118867778312175,-0.017118867778312286,-0.017118867778312175,-0.017118867778312286,-0.017118867778312175,-0.017118867778312286,-0.017118867778312175,-0.01711886777831223,-0.01711886777831223,-0.017118867778312175,-0.017118867778312286,-0.017118867778312175,-0.017118867778312286,-0.017118867778312175,-0.01711886777831223,-0.01711886777831223,-0.01711886777831223,-0.017118867778312175,-0.01711886777831223,-0.01711886777831223,-0.01711886777831223,-0.01711886777831223,-0.01711886777831223,-0.01711886777831223,-0.01711886777831223,-0.01711886777831223,-0.01711886777831223,-0.017118867778312175,-0.01711886777831223
