x,y,SL
20,0.008011965,5
21,0.008011965,5
22,0.008011965,5
23,0.008011965,5
24,0.008011965,5
25,0.008011965,5
26,0.008011965,5
27,0.008011965,5
28,0.008011965,5
29,0.008011965,5
30,0.008011965,5
31,0.008011965,5
32,0.008011965,5
33,0.008011965,5
34,0.008011965,5
35,0.008011965,5
36,0.008011965,5
37,0.008011965,5
38,0.008011965,5
39,0.008011965,5
40,0.008011965,5
41,0.008011965,5
42,0.008011965,5
43,0.008011965,5
44,0.008011965,5
45,0.008011965,5
46,0.008011965,5
47,0.008011965,5
48,0.008011965,5
49,0.008011965,5
50,0.008011965,5
51,0.008011965,5
52,0.008011965,5
53,0.008011965,5
54,0.008011965,5
55,0.008011965,5
56,0.008011965,5
57,0.008011965,5
58,0.008000581,5
59,0.008000581,5
60,0.008000581,5
61,0.008000581,5
62,0.008000581,5
63,0.008000581,5
64,0.008000581,5
65,0.008000581,5
66,0.008000581,5
67,0.008000581,5
68,0.008000581,5
69,0.008000581,5
70,0.008000581,5
71,0.008000581,5
72,0.008000581,5
73,0.008000581,5
74,0.008000581,5
75,0.008000581,5
76,0.008000581,5
77,0.008000581,5
78,0.008000581,5
79,0.008000581,5
80,0.008000581,5
81,0.008000581,5
82,0.008000581,5
83,0.008000581,5
84,0.008000581,5
85,0.008000581,5
86,0.008000581,5
87,0.008000581,5
88,0.008000581,5
89,0.008000581,5
90,0.008000581,5
91,0.008000581,5
92,0.008000581,5
93,0.007985911,5
94,0.007985911,5
95,0.007973773,5
96,0.007973773,5
97,0.007973773,5
98,0.007973773,5
99,0.007961569,5
100,0.007961569,5
101,0.007961569,5
102,0.007961569,5
103,0.007961569,5
104,0.007961569,5
105,0.007961569,5
106,0.007961569,5
107,0.007961569,5
108,0.007961569,5
109,0.007961569,5
110,0.007961569,5
111,0.007961569,5
112,0.007961569,5
113,0.007961569,5
114,0.007961569,5
115,0.007961569,5
116,0.007961569,5
117,0.007961569,5
118,0.007961569,5
119,0.007961569,5
120,0.007961569,5
121,0.007961569,5
122,0.007961569,5
123,0.007961569,5
124,0.007961569,5
125,0.007961569,5
126,0.007961569,5
127,0.007961569,5
128,0.007961569,5
129,0.007961569,5
130,0.007961569,5
131,0.007961569,5
132,0.007961569,5
133,0.007961569,5
134,0.007961569,5
135,0.007961569,5
136,0.007961569,5
137,0.007961569,5
138,0.007961569,5
139,0.007961569,5
140,0.007961569,5
141,0.007961569,5
142,0.007961569,5
143,0.007961569,5
144,0.007961569,5
145,0.007961569,5
146,0.007961569,5
147,0.007961569,5
148,0.007961569,5
149,0.007961569,5
150,0.007961569,5
151,0.007961569,5
152,0.007961569,5
153,0.007961569,5
154,0.007961569,5
155,0.007961569,5
156,0.007961569,5
157,0.007961569,5
158,0.007961569,5
159,0.007961569,5
160,0.007961569,5
161,0.007961569,5
162,0.007961569,5
163,0.007961569,5
164,0.007961569,5
165,0.007961569,5
166,0.007961569,5
167,0.007961569,5
168,0.007961569,5
169,0.007961569,5
170,0.007961569,5
171,0.007961569,5
172,0.007942264,5
173,0.007942264,5
174,0.007942264,5
175,0.007942264,5
176,0.007942264,5
177,0.007942264,5
178,0.007942264,5
179,0.007942264,5
180,0.007942264,5
181,0.007942264,5
182,0.007942264,5
183,0.007942264,5
184,0.007942264,5
185,0.007942264,5
186,0.007942264,5
187,0.007942264,5
188,0.007942264,5
189,0.007942264,5
190,0.007942264,5
191,0.007942264,5
192,0.007942264,5
193,0.007942264,5
194,0.007942264,5
195,0.007942264,5
196,0.007942264,5
197,0.007942264,5
198,0.007919979,5
199,0.007919979,5
200,0.007919979,5
201,0.007919979,5
202,0.007919979,5
203,0.007919979,5
204,0.007919979,5
205,0.007919979,5
206,0.007919979,5
207,0.007919979,5
208,0.007919979,5
209,0.007919979,5
210,0.007919979,5
211,0.007919979,5
212,0.007919979,5
213,0.007919979,5
214,0.007919979,5
215,0.007919979,5
216,0.007919979,5
217,0.007898114,5
218,0.007898114,5
219,0.007898114,5
220,0.007898114,5
221,0.007874983,5
222,0.007874983,5
223,0.007874983,5
224,0.007874983,5
225,0.007874983,5
226,0.007874983,5
227,0.007874983,5
228,0.007874983,5
229,0.007874983,5
230,0.007874983,5
231,0.007874983,5
232,0.007874983,5
233,0.007874983,5
234,0.007853928,5
235,0.007853928,5
236,0.007853928,5
237,0.007853928,5
238,0.007853928,5
239,0.007853928,5
240,0.007853928,5
241,0.007853928,5
242,0.007853928,5
243,0.007853928,5
244,0.007853928,5
245,0.007853928,5
246,0.007853928,5
247,0.007853928,5
248,0.007853928,5
249,0.007853928,5
250,0.00783163,5
251,0.00783163,5
252,0.00783163,5
253,0.00783163,5
254,0.007830773,5
255,0.007830773,5
256,0.007830773,5
257,0.007830773,5
258,0.007830773,5
259,0.007830773,5
260,0.007830773,5
261,0.007830773,5
262,0.007830773,5
263,0.007830773,5
264,0.007830773,5
265,0.007830773,5
266,0.007830773,5
267,0.007830773,5
268,0.007830773,5
269,0.007830773,5
270,0.007830773,5
271,0.007812742,5
272,0.007812742,5
273,0.007812742,5
274,0.007812742,5
275,0.007812742,5
276,0.007812742,5
277,0.007812742,5
278,0.007812742,5
279,0.007812742,5
280,0.007812742,5
281,0.007812742,5
282,0.007812742,5
283,0.007812742,5
284,0.007797288,5
285,0.007797288,5
286,0.007797288,5
287,0.007797288,5
288,0.007797288,5
289,0.007797288,5
290,0.007797288,5
291,0.007797288,5
292,0.007797288,5
293,0.007797288,5
294,0.007797288,5
295,0.007797288,5
296,0.007797288,5
297,0.007797288,5
298,0.007797288,5
299,0.007797288,5
300,0.007797288,5
301,0.007797288,5
302,0.007797288,5
303,0.007797288,5
304,0.007797288,5
305,0.007797288,5
306,0.007797288,5
307,0.007797288,5
308,0.007797288,5
309,0.007797288,5
310,0.007797288,5
311,0.007797288,5
312,0.007797288,5
313,0.007797288,5
314,0.007789466,5
315,0.007789466,5
316,0.007789466,5
317,0.007763195,5
318,0.007763195,5
319,0.007763195,5
320,0.007763195,5
321,0.007763195,5
322,0.007763195,5
323,0.007763195,5
324,0.007763195,5
325,0.007763195,5
326,0.007763195,5
327,0.007763195,5
328,0.00775288,5
329,0.00775288,5
330,0.00775288,5
331,0.00775288,5
332,0.00773392,5
333,0.00773392,5
334,0.00773392,5
335,0.00773392,5
336,0.00773392,5
337,0.00773392,5
338,0.00773392,5
339,0.007712989,5
340,0.007712989,5
341,0.007712989,5
342,0.007712989,5
343,0.007712989,5
344,0.007712989,5
345,0.007712989,5
346,0.007712989,5
347,0.007709249,5
348,0.007709249,5
349,0.007709249,5
350,0.007709249,5
351,0.00768666,5
352,0.00768666,5
353,0.00768666,5
354,0.00768666,5
355,0.00768666,5
356,0.007682708,5
357,0.007682708,5
358,0.007682708,5
359,0.007682708,5
360,0.007667226,5
361,0.007667226,5
362,0.007667226,5
363,0.007667226,5
364,0.007667226,5
365,0.007667226,5
366,0.007667226,5
367,0.007654478,5
368,0.007654478,5
369,0.007654478,5
370,0.007654478,5
371,0.007654478,5
372,0.007654478,5
373,0.007654478,5
374,0.007654478,5
375,0.007654478,5
376,0.007654478,5
377,0.007654478,5
378,0.007641675,5
379,0.007641675,5
380,0.007641675,5
381,0.007641675,5
382,0.007641675,5
383,0.007629214,5
384,0.007629214,5
385,0.007629214,5
386,0.007629214,5
387,0.007629214,5
388,0.007629214,5
389,0.007629214,5
390,0.007629214,5
391,0.007629214,5
392,0.007629214,5
393,0.007629214,5
394,0.007629214,5
395,0.007629214,5
396,0.007629214,5
397,0.007629214,5
398,0.007629214,5
399,0.007629214,5
400,0.007599815,5
401,0.007599815,5
402,0.007599815,5
403,0.007599815,5
404,0.007580259,5
405,0.007562709,5
406,0.007562709,5
407,0.007562709,5
408,0.007562709,5
409,0.007562709,5
410,0.007562709,5
411,0.007542025,5
412,0.007542025,5
413,0.007542025,5
414,0.007542025,5
415,0.007542025,5
416,0.007542025,5
417,0.007542025,5
418,0.007542025,5
419,0.007542025,5
420,0.007542025,5
421,0.007542025,5
422,0.007542025,5
423,0.007538761,5
424,0.007538761,5
425,0.007538761,5
426,0.007515596,5
427,0.007515596,5
428,0.007503797,5
429,0.007503797,5
430,0.007503797,5
431,0.007503797,5
432,0.007503797,5
433,0.007503797,5
434,0.007503797,5
435,0.007503797,5
436,0.007503797,5
437,0.007503797,5
438,0.007503797,5
439,0.007503797,5
440,0.007503797,5
441,0.007503797,5
442,0.007503797,5
443,0.007503797,5
444,0.007503797,5
445,0.007503797,5
446,0.007503797,5
447,0.007503797,5
448,0.007503797,5
449,0.007503797,5
450,0.007503797,5
451,0.007503797,5
452,0.007503797,5
453,0.007503797,5
454,0.007503797,5
455,0.007503797,5
456,0.007503797,5
457,0.007503797,5
458,0.007503797,5
459,0.007503797,5
460,0.007493806,5
461,0.007493806,5
462,0.007493806,5
463,0.007493806,5
464,0.007493806,5
465,0.007493806,5
466,0.007493806,5
467,0.007493806,5
468,0.007493806,5
469,0.007493806,5
470,0.007493806,5
471,0.007493806,5
472,0.007473881,5
473,0.007473881,5
474,0.007473881,5
475,0.007473881,5
476,0.007472237,5
477,0.007472237,5
478,0.007472237,5
479,0.007472237,5
480,0.007472237,5
481,0.007472237,5
482,0.007472237,5
483,0.007472237,5
484,0.007472237,5
485,0.007472237,5
486,0.007472237,5
487,0.007472237,5
488,0.007472237,5
489,0.007472237,5
490,0.007472237,5
491,0.007472237,5
492,0.007472237,5
493,0.007472237,5
494,0.007472237,5
495,0.007472237,5
496,0.007472237,5
497,0.007472237,5
498,0.007472237,5
499,0.007472237,5
500,0.007472237,5
501,0.007472237,5
502,0.007472237,5
503,0.007472237,5
504,0.007472237,5
505,0.007472237,5
506,0.007472237,5
507,0.007472237,5
508,0.007472237,5
509,0.007472237,5
510,0.007472237,5
511,0.007442157,5
512,0.007442157,5
513,0.007442157,5
514,0.007442157,5
515,0.007442157,5
516,0.007442157,5
517,0.007442157,5
518,0.007442157,5
519,0.007442157,5
520,0.007442157,5
521,0.007442157,5
522,0.007442157,5
523,0.007442157,5
524,0.007442157,5
525,0.007442157,5
526,0.007442157,5
527,0.007442157,5
528,0.007442157,5
529,0.007442157,5
530,0.007423109,5
531,0.007423109,5
532,0.007423109,5
533,0.007423109,5
534,0.007423109,5
535,0.007405772,5
536,0.007392244,5
537,0.007392244,5
538,0.007392244,5
539,0.007392244,5
540,0.007392244,5
541,0.00736965,5
542,0.00736965,5
543,0.00736965,5
544,0.00736965,5
545,0.00736965,5
546,0.00736965,5
547,0.00736965,5
548,0.00736965,5
549,0.007348506,5
550,0.007348506,5
551,0.007348506,5
552,0.007348506,5
553,0.007348506,5
554,0.007348506,5
555,0.007332062,5
556,0.007332062,5
557,0.007332062,5
558,0.007332062,5
559,0.007332062,5
560,0.007332062,5
561,0.007332062,5
562,0.007332062,5
563,0.007332062,5
564,0.007332062,5
565,0.007332062,5
566,0.007332062,5
567,0.007332062,5
568,0.007304994,5
569,0.007304994,5
570,0.007304994,5
571,0.007286204,5
572,0.007286204,5
573,0.007286204,5
574,0.007286204,5
575,0.007286204,5
576,0.007286204,5
577,0.007286204,5
578,0.007286204,5
579,0.007286204,5
580,0.007286204,5
581,0.007286204,5
582,0.007258731,5
583,0.007258731,5
584,0.007258731,5
585,0.007258731,5
586,0.007258731,5
587,0.007258731,5
588,0.007258731,5
589,0.007258731,5
590,0.007258731,5
591,0.007258731,5
592,0.007258731,5
593,0.007258731,5
594,0.007258731,5
595,0.007258731,5
596,0.007258731,5
597,0.007258731,5
598,0.007258731,5
599,0.007258731,5
600,0.007258731,5
601,0.007258731,5
602,0.007258731,5
603,0.007258731,5
604,0.007258731,5
605,0.007258731,5
606,0.007244,5
607,0.007244,5
608,0.007224355,5
609,0.007224355,5
610,0.007224355,5
611,0.007224355,5
612,0.007224355,5
613,0.007224355,5
614,0.007224355,5
615,0.007201075,5
616,0.007201075,5
617,0.007201075,5
618,0.007201075,5
619,0.007201075,5
620,0.007201075,5
20,0.008011965,10
21,0.008011965,10
22,0.008011965,10
23,0.008011965,10
24,0.008011965,10
25,0.008011898,10
26,0.008011898,10
27,0.008011898,10
28,0.008011898,10
29,0.008003153,10
30,0.008003153,10
31,0.008003153,10
32,0.008003153,10
33,0.008003153,10
34,0.008003153,10
35,0.008003153,10
36,0.008003153,10
37,0.008003153,10
38,0.008003153,10
39,0.008003153,10
40,0.008003153,10
41,0.008003153,10
42,0.008003153,10
43,0.008003153,10
44,0.008003153,10
45,0.008003153,10
46,0.0079907,10
47,0.0079907,10
48,0.0079907,10
49,0.0079907,10
50,0.0079907,10
51,0.0079907,10
52,0.0079907,10
53,0.0079907,10
54,0.0079907,10
55,0.0079907,10
56,0.0079907,10
57,0.0079907,10
58,0.0079907,10
59,0.0079907,10
60,0.0079907,10
61,0.007981893,10
62,0.007970655,10
63,0.007970655,10
64,0.007970655,10
65,0.007970655,10
66,0.007970655,10
67,0.007964273,10
68,0.007964273,10
69,0.007964273,10
70,0.007964273,10
71,0.007964273,10
72,0.007964273,10
73,0.007964273,10
74,0.007964273,10
75,0.007964273,10
76,0.007964273,10
77,0.007964273,10
78,0.007964273,10
79,0.007964273,10
80,0.007964273,10
81,0.007964273,10
82,0.007964273,10
83,0.007964273,10
84,0.007964273,10
85,0.007964273,10
86,0.007964273,10
87,0.007964273,10
88,0.007964273,10
89,0.007964273,10
90,0.007964273,10
91,0.007964273,10
92,0.007964273,10
93,0.007964273,10
94,0.007962031,10
95,0.007962031,10
96,0.007962031,10
97,0.007962031,10
98,0.007962031,10
99,0.007962031,10
100,0.007962031,10
101,0.007962031,10
102,0.007962031,10
103,0.007962031,10
104,0.007962031,10
105,0.007962031,10
106,0.007962031,10
107,0.007962031,10
108,0.007962031,10
109,0.007962031,10
110,0.007962031,10
111,0.007962031,10
112,0.007962031,10
113,0.007948204,10
114,0.007948204,10
115,0.007948204,10
116,0.007948204,10
117,0.007948204,10
118,0.007948204,10
119,0.007948204,10
120,0.007948204,10
121,0.007936671,10
122,0.007936671,10
123,0.007936671,10
124,0.007936671,10
125,0.007936671,10
126,0.007936671,10
127,0.007936671,10
128,0.007936671,10
129,0.007936671,10
130,0.007936671,10
131,0.007936671,10
132,0.007936671,10
133,0.007936671,10
134,0.007936671,10
135,0.007936671,10
136,0.007936671,10
137,0.007936671,10
138,0.007936671,10
139,0.007936671,10
140,0.007936671,10
141,0.007936671,10
142,0.007936671,10
143,0.007936671,10
144,0.007936671,10
145,0.007936671,10
146,0.007936671,10
147,0.007936671,10
148,0.007936671,10
149,0.007936671,10
150,0.007936671,10
151,0.007936671,10
152,0.007936671,10
153,0.007936671,10
154,0.007936671,10
155,0.007936671,10
156,0.007936671,10
157,0.007936671,10
158,0.007936671,10
159,0.007936671,10
160,0.007936671,10
161,0.007936671,10
162,0.007936671,10
163,0.007936671,10
164,0.007936671,10
165,0.007936671,10
166,0.007936671,10
167,0.007936671,10
168,0.007936671,10
169,0.007929835,10
170,0.007918012,10
171,0.007918012,10
172,0.007918012,10
173,0.007918012,10
174,0.007916281,10
175,0.007916281,10
176,0.007916281,10
177,0.007916281,10
178,0.007916281,10
179,0.007916281,10
180,0.007916281,10
181,0.007916281,10
182,0.007916281,10
183,0.007904925,10
184,0.007904925,10
185,0.007904925,10
186,0.007904925,10
187,0.007904925,10
188,0.007904925,10
189,0.007904925,10
190,0.007904925,10
191,0.007904925,10
192,0.007904925,10
193,0.007904925,10
194,0.007904925,10
195,0.007904925,10
196,0.007904925,10
197,0.007904925,10
198,0.007904925,10
199,0.007904925,10
200,0.007904925,10
201,0.007904925,10
202,0.007891844,10
203,0.007891844,10
204,0.007891844,10
205,0.007891844,10
206,0.007891844,10
207,0.007891844,10
208,0.007891844,10
209,0.007891844,10
210,0.007891844,10
211,0.007883995,10
212,0.007883995,10
213,0.007883995,10
214,0.007883995,10
215,0.007883995,10
216,0.007883995,10
217,0.007883995,10
218,0.007883995,10
219,0.007876779,10
220,0.007876779,10
221,0.007876779,10
222,0.007876779,10
223,0.007876779,10
224,0.007876779,10
225,0.007876779,10
226,0.007876779,10
227,0.007876779,10
228,0.007876779,10
229,0.007876779,10
230,0.007876779,10
231,0.007876779,10
232,0.007876779,10
233,0.007876779,10
234,0.007876779,10
235,0.007876779,10
236,0.007876779,10
237,0.007876779,10
238,0.007876779,10
239,0.007876779,10
240,0.007876779,10
241,0.007876779,10
242,0.007876779,10
243,0.007876779,10
244,0.007876779,10
245,0.007876779,10
246,0.007876779,10
247,0.007876779,10
248,0.007876779,10
249,0.007876779,10
250,0.007876779,10
251,0.007876779,10
252,0.007876779,10
253,0.007876779,10
254,0.007876779,10
255,0.007876779,10
256,0.007876779,10
257,0.007876779,10
258,0.007876779,10
259,0.007876779,10
260,0.007876779,10
261,0.007876779,10
262,0.007876779,10
263,0.007876779,10
264,0.007876779,10
265,0.007876779,10
266,0.007876779,10
267,0.007876779,10
268,0.007876779,10
269,0.007876779,10
270,0.007876779,10
271,0.007876779,10
272,0.007876779,10
273,0.007876779,10
274,0.007876779,10
275,0.007872955,10
276,0.007872955,10
277,0.007872955,10
278,0.007872955,10
279,0.007872955,10
280,0.007860986,10
281,0.007860986,10
282,0.007860986,10
283,0.007860986,10
284,0.007860986,10
285,0.007860986,10
286,0.007860986,10
287,0.007860986,10
288,0.007860986,10
289,0.007860986,10
290,0.007860986,10
291,0.007860986,10
292,0.007860986,10
293,0.007860986,10
294,0.007860986,10
295,0.007860986,10
296,0.007860986,10
297,0.007860986,10
298,0.007860986,10
299,0.007860986,10
300,0.007860986,10
301,0.007860986,10
302,0.007860986,10
303,0.007860986,10
304,0.007860986,10
305,0.007860986,10
306,0.007860986,10
307,0.007860986,10
308,0.007853184,10
309,0.007853184,10
310,0.007853184,10
311,0.007853184,10
312,0.007853184,10
313,0.007853184,10
314,0.007853184,10
315,0.007853184,10
316,0.007853184,10
317,0.007853184,10
318,0.007853184,10
319,0.007853184,10
320,0.007853184,10
321,0.007853184,10
322,0.007853184,10
323,0.007853184,10
324,0.007853184,10
325,0.007853184,10
326,0.007853184,10
327,0.007853184,10
328,0.007853184,10
329,0.007853184,10
330,0.007853184,10
331,0.007853184,10
332,0.007853184,10
333,0.007853184,10
334,0.007853184,10
335,0.007853184,10
336,0.007853184,10
337,0.007837281,10
338,0.007837281,10
339,0.007837281,10
340,0.007837281,10
341,0.007837281,10
342,0.007837281,10
343,0.007837281,10
344,0.007825556,10
345,0.007825556,10
346,0.007825556,10
347,0.007825556,10
348,0.007825556,10
349,0.007825556,10
350,0.007825556,10
351,0.007813132,10
352,0.007811729,10
353,0.007811729,10
354,0.007811729,10
355,0.007811729,10
356,0.007811729,10
357,0.007811729,10
358,0.007811729,10
359,0.007811729,10
360,0.007811729,10
361,0.007811729,10
362,0.007811729,10
363,0.007811729,10
364,0.007811729,10
365,0.007811729,10
366,0.007800333,10
367,0.007800333,10
368,0.007800333,10
369,0.007800333,10
370,0.007800333,10
371,0.007800333,10
372,0.007800333,10
373,0.007800333,10
374,0.007800333,10
375,0.007800333,10
376,0.007800333,10
377,0.007800333,10
378,0.007790143,10
379,0.007790143,10
380,0.007790143,10
381,0.007790143,10
382,0.007790143,10
383,0.007774921,10
384,0.007774921,10
385,0.007774921,10
386,0.007774921,10
387,0.007774921,10
388,0.007774921,10
389,0.007774921,10
390,0.007774921,10
391,0.007774921,10
392,0.007774921,10
393,0.007774921,10
394,0.007763613,10
395,0.007763613,10
396,0.007763613,10
397,0.007763613,10
398,0.007763613,10
399,0.007763613,10
400,0.007763613,10
401,0.007763613,10
402,0.007763613,10
403,0.007763613,10
404,0.007755149,10
405,0.007755149,10
406,0.007755149,10
407,0.007755149,10
408,0.007755149,10
409,0.007755149,10
410,0.007755149,10
411,0.007755149,10
412,0.007755149,10
413,0.007755149,10
414,0.007748862,10
415,0.007748862,10
416,0.007748862,10
417,0.007748862,10
418,0.007748862,10
419,0.007748862,10
420,0.007748862,10
421,0.007748862,10
422,0.007748862,10
423,0.007744037,10
424,0.007744037,10
425,0.007744037,10
426,0.007744037,10
427,0.007744037,10
428,0.007744037,10
429,0.007744037,10
430,0.007744037,10
431,0.007744037,10
432,0.007744037,10
433,0.007744037,10
434,0.007744037,10
435,0.007744037,10
436,0.007744037,10
437,0.007744037,10
438,0.007744037,10
439,0.007744037,10
440,0.007744037,10
441,0.007744037,10
442,0.007744037,10
443,0.007744037,10
444,0.007744037,10
445,0.007744037,10
446,0.007744037,10
447,0.007744037,10
448,0.007744037,10
449,0.007744037,10
450,0.007744037,10
451,0.00773588,10
452,0.00773588,10
453,0.00773588,10
454,0.00773588,10
455,0.00773588,10
456,0.00773588,10
457,0.00773588,10
458,0.00773588,10
459,0.00773588,10
460,0.00773588,10
461,0.00773588,10
462,0.00773588,10
463,0.00773588,10
464,0.007728348,10
465,0.007728348,10
466,0.007728348,10
467,0.007728348,10
468,0.007728348,10
469,0.007723321,10
470,0.007723321,10
471,0.007723321,10
472,0.007723321,10
473,0.007723321,10
474,0.007723321,10
475,0.007723321,10
476,0.007723321,10
477,0.007723321,10
478,0.007723321,10
479,0.007723321,10
480,0.007723321,10
481,0.007723321,10
482,0.007723321,10
483,0.007723321,10
484,0.007723321,10
485,0.007723321,10
486,0.007723321,10
487,0.007723321,10
488,0.007723321,10
489,0.007723321,10
490,0.007723321,10
491,0.007723321,10
492,0.007723321,10
493,0.007723321,10
494,0.007723321,10
495,0.007723321,10
496,0.007723321,10
497,0.007719953,10
498,0.00770228,10
499,0.00770228,10
500,0.00770228,10
501,0.00770228,10
502,0.00770228,10
503,0.00770228,10
504,0.00770228,10
505,0.00770228,10
506,0.00770228,10
507,0.007688621,10
508,0.007688621,10
509,0.007688621,10
510,0.007688621,10
511,0.007688621,10
512,0.007688621,10
513,0.007688621,10
514,0.007688621,10
515,0.007688621,10
516,0.007688621,10
517,0.007688621,10
518,0.007688621,10
519,0.007688621,10
520,0.007688621,10
521,0.007688621,10
522,0.007688621,10
523,0.007688621,10
524,0.007688621,10
525,0.007688621,10
526,0.007688621,10
527,0.007688621,10
528,0.007688621,10
529,0.007688621,10
530,0.007688621,10
531,0.007688621,10
532,0.007688621,10
533,0.007688621,10
534,0.007688621,10
535,0.007688621,10
536,0.007672416,10
537,0.007672416,10
538,0.007672416,10
539,0.007672416,10
540,0.007672416,10
541,0.007672416,10
542,0.007672416,10
543,0.007672416,10
544,0.007672416,10
545,0.007672416,10
546,0.007672416,10
547,0.007672416,10
548,0.007672416,10
549,0.007672416,10
550,0.007672416,10
551,0.007672416,10
552,0.007672416,10
553,0.007672416,10
554,0.007672416,10
555,0.007659502,10
556,0.007659502,10
557,0.007659502,10
558,0.007659502,10
559,0.007659502,10
560,0.007659502,10
561,0.007659502,10
562,0.007659502,10
563,0.007659502,10
564,0.007659502,10
565,0.007659502,10
566,0.007659502,10
567,0.007659502,10
568,0.007659502,10
569,0.007659502,10
570,0.007659502,10
571,0.007659502,10
572,0.007659502,10
573,0.007659502,10
574,0.007659502,10
575,0.007659502,10
576,0.007659502,10
577,0.007659502,10
578,0.007659502,10
579,0.007659502,10
580,0.007659502,10
581,0.007659502,10
582,0.007659502,10
583,0.007659502,10
584,0.007659502,10
585,0.007659502,10
586,0.007659502,10
587,0.007659502,10
588,0.007659502,10
589,0.007659502,10
590,0.007659502,10
591,0.007659502,10
592,0.007659502,10
593,0.007659502,10
594,0.007659502,10
595,0.007659502,10
596,0.007659502,10
597,0.007659502,10
598,0.007659502,10
599,0.007659502,10
600,0.007659502,10
601,0.007659502,10
602,0.007659502,10
603,0.007659502,10
604,0.007659502,10
605,0.007659502,10
606,0.007659502,10
607,0.007659502,10
608,0.007659502,10
609,0.007659502,10
610,0.007659502,10
611,0.007659502,10
612,0.007659502,10
613,0.007659502,10
614,0.007659502,10
615,0.007659502,10
616,0.007659502,10
617,0.007659502,10
618,0.007659502,10
619,0.007659502,10
620,0.007659502,10
20,0.008026891,15
21,0.008046164,15
22,0.008066239,15
23,0.008085256,15
24,0.008103828,15
25,0.008123721,15
26,0.008137498,15
27,0.008158761,15
28,0.008180075,15
29,0.008198054,15
30,0.008218894,15
31,0.008236455,15
32,0.008254623,15
33,0.008275533,15
34,0.00829804,15
35,0.008318394,15
36,0.00833821,15
37,0.008358532,15
38,0.008379857,15
39,0.008400113,15
40,0.008421342,15
41,0.00844151,15
42,0.008460635,15
43,0.0084812,15
44,0.008500723,15
45,0.008518734,15
46,0.008536704,15
47,0.00855559,15
48,0.008573943,15
49,0.008595074,15
50,0.008614236,15
51,0.008633411,15
52,0.008653352,15
53,0.008670452,15
54,0.00868704,15
55,0.008706295,15
56,0.008726363,15
57,0.008743204,15
58,0.008759982,15
59,0.008771713,15
60,0.008791025,15
61,0.008809365,15
62,0.008827619,15
63,0.008847076,15
64,0.008866,15
65,0.008883549,15
66,0.008901857,15
67,0.00891797,15
68,0.008935681,15
69,0.008954959,15
70,0.008974124,15
71,0.008991131,15
72,0.009007236,15
73,0.009026902,15
74,0.009042831,15
75,0.009061076,15
76,0.009076437,15
77,0.009095272,15
78,0.009112031,15
79,0.00912714,15
80,0.009144497,15
81,0.009162136,15
82,0.009178522,15
83,0.009196333,15
84,0.009213279,15
85,0.009230123,15
86,0.009245749,15
87,0.009262028,15
88,0.009278945,15
89,0.009295027,15
90,0.009310287,15
91,0.009326182,15
92,0.009342341,15
93,0.009359112,15
94,0.009375068,15
95,0.00939093,15
96,0.00940599,15
97,0.00941957,15
98,0.009433424,15
99,0.009448918,15
100,0.009463292,15
101,0.009478261,15
102,0.009491788,15
103,0.009505912,15
104,0.009522283,15
105,0.00953755,15
106,0.009553047,15
107,0.009567462,15
108,0.009582112,15
109,0.009596668,15
110,0.009611132,15
111,0.009624231,15
112,0.009637887,15
113,0.009651458,15
114,0.009666196,15
115,0.009677545,15
116,0.009690256,15
117,0.009703199,15
118,0.00971515,15
119,0.009727944,15
120,0.009741263,15
121,0.0097539,15
122,0.009766162,15
123,0.009780717,15
124,0.009793115,15
125,0.009805726,15
126,0.009817972,15
127,0.009829566,15
128,0.009842812,15
129,0.009855686,15
130,0.009867061,15
131,0.009879775,15
132,0.009891848,15
133,0.009904123,15
134,0.009916318,15
135,0.009928709,15
136,0.009939385,15
137,0.009950271,15
138,0.009962438,15
139,0.009974792,15
140,0.009987063,15
141,0.009999251,15
142,0.010010832,15
143,0.010022598,15
144,0.01003377,15
145,0.010044613,15
146,0.010055135,15
147,0.01006686,15
148,0.010077498,15
149,0.01008832,15
150,0.010098327,15
151,0.010110005,15
152,0.010121356,15
153,0.010131898,15
154,0.010142372,15
155,0.010152057,15
156,0.010162163,15
157,0.010172681,15
158,0.010182658,15
159,0.01019398,15
160,0.010204521,15
161,0.010216149,15
162,0.010225622,15
163,0.010235038,15
164,0.010245076,15
165,0.010255047,15
166,0.010264505,15
167,0.010274349,15
168,0.010284789,15
169,0.010294718,15
170,0.010303489,15
171,0.010313073,15
172,0.010322594,15
173,0.010331625,15
174,0.010341659,15
175,0.010349935,15
176,0.010357953,15
177,0.010366758,15
178,0.010377164,15
179,0.010386669,15
180,0.010395904,15
181,0.010404062,15
182,0.010411969,15
183,0.01042043,15
184,0.010428438,15
185,0.010436992,15
186,0.010445293,15
187,0.010453736,15
188,0.010462511,15
189,0.010470456,15
190,0.010479117,15
191,0.010487718,15
192,0.010496449,15
193,0.010505118,15
194,0.010513912,15
195,0.010522459,15
196,0.010530761,15
197,0.010538277,15
198,0.01054629,15
199,0.010554248,15
200,0.010561438,15
201,0.010570358,15
202,0.010577625,15
203,0.010585897,15
204,0.010593239,15
205,0.010601743,15
206,0.010608983,15
207,0.010616346,15
208,0.010622984,15
209,0.010630086,15
210,0.010636975,15
211,0.010644319,15
212,0.010651613,15
213,0.010658857,15
214,0.010665563,15
215,0.010672874,15
216,0.010679652,15
217,0.010686705,15
218,0.010693868,15
219,0.01070051,15
220,0.010707108,15
221,0.010713663,15
222,0.010720021,15
223,0.010726492,15
224,0.010733377,15
225,0.010739912,15
226,0.010747003,15
227,0.010753894,15
228,0.010760143,15
229,0.010766352,15
230,0.01077325,15
231,0.010779372,15
232,0.010786606,15
233,0.010792499,15
234,0.010798495,15
235,0.010803888,15
236,0.010809529,15
237,0.010815693,15
238,0.01082209,15
239,0.010827755,15
240,0.010833793,15
241,0.010839518,15
242,0.01084534,15
243,0.010850856,15
244,0.010856734,15
245,0.01086244,15
246,0.010868501,15
247,0.010874388,15
248,0.010879975,15
249,0.010885524,15
250,0.010891164,15
251,0.010897017,15
252,0.010902828,15
253,0.010908472,15
254,0.0109142,15
255,0.010919272,15
256,0.01092541,15
257,0.010930652,15
258,0.010936099,15
259,0.010941627,15
260,0.010946759,15
261,0.010951503,15
262,0.010955982,15
263,0.010961249,15
264,0.010965901,15
265,0.010970294,15
266,0.01097546,15
267,0.010980135,15
268,0.010984893,15
269,0.010990067,15
270,0.01099487,15
271,0.01099964,15
272,0.011004268,15
273,0.011009301,15
274,0.011013865,15
275,0.011018398,15
276,0.011022795,15
277,0.011027375,15
278,0.011031713,15
279,0.011036128,15
280,0.011040721,15
281,0.011044869,15
282,0.011049299,15
283,0.011053393,15
284,0.011057562,15
285,0.011061905,15
286,0.011066417,15
287,0.011070699,15
288,0.011075149,15
289,0.011079567,15
290,0.011083662,15
291,0.011087634,15
292,0.011091579,15
293,0.011095594,15
294,0.011099866,15
295,0.011104387,15
296,0.011108596,15
297,0.011112681,15
298,0.01111683,15
299,0.011120585,15
300,0.011124587,15
301,0.011128381,15
302,0.011132149,15
303,0.011136159,15
304,0.011140227,15
305,0.011143741,15
306,0.011147233,15
307,0.011151134,15
308,0.011154921,15
309,0.011158766,15
310,0.011162246,15
311,0.011166039,15
312,0.011169721,15
313,0.01117346,15
314,0.01117709,15
315,0.011180532,15
316,0.011184274,15
317,0.011187828,15
318,0.011191595,15
319,0.011184964,15
320,0.011174967,15
321,0.011178914,15
322,0.011182262,15
323,0.011185588,15
324,0.011189453,15
325,0.011192811,15
326,0.011195989,15
327,0.011198989,15
328,0.011202439,15
329,0.011206097,15
330,0.01120942,15
331,0.011212491,15
332,0.011215619,15
333,0.011218801,15
334,0.011221812,15
335,0.011225175,15
336,0.01122844,15
337,0.011231756,15
338,0.011234902,15
339,0.011237809,15
340,0.011240913,15
341,0.011243853,15
342,0.01124727,15
343,0.01125059,15
344,0.011253954,15
345,0.011257154,15
346,0.011260262,15
347,0.011263688,15
348,0.011266883,15
349,0.011269787,15
350,0.011272736,15
351,0.011262883,15
352,0.011266018,15
353,0.011268994,15
354,0.011271949,15
355,0.011274618,15
356,0.011277468,15
357,0.011280101,15
358,0.011282718,15
359,0.011285576,15
360,0.011288413,15
361,0.011287659,15
362,0.011290418,15
363,0.011293475,15
364,0.011296382,15
365,0.011299143,15
366,0.011301885,15
367,0.011304668,15
368,0.011307737,15
369,0.011310357,15
370,0.011312959,15
371,0.011315363,15
372,0.011317871,15
373,0.011320715,15
374,0.01132342,15
375,0.011326047,15
376,0.01132854,15
377,0.011331187,15
378,0.011333645,15
379,0.01133631,15
380,0.011338844,15
381,0.011341192,15
382,0.01134369,15
383,0.011346279,15
384,0.011348631,15
385,0.011351183,15
386,0.011353555,15
387,0.011355963,15
388,0.011358142,15
389,0.011360359,15
390,0.011362926,15
391,0.011365162,15
392,0.011367537,15
393,0.011369945,15
394,0.011372082,15
395,0.011374154,15
396,0.011376262,15
397,0.011378703,15
398,0.011380731,15
399,0.011382941,15
400,0.011385183,15
401,0.011387313,15
402,0.01138957,15
403,0.011380208,15
404,0.011382324,15
405,0.01138462,15
406,0.011386849,15
407,0.011389158,15
408,0.011391544,15
409,0.011393675,15
410,0.011395557,15
411,0.011397705,15
412,0.011399791,15
413,0.011402091,15
414,0.011404009,15
415,0.011406049,15
416,0.011407895,15
417,0.011409862,15
418,0.01141186,15
419,0.011413974,15
420,0.011415811,15
421,0.011417808,15
422,0.011419576,15
423,0.011421332,15
424,0.011423203,15
425,0.011424977,15
426,0.011426989,15
427,0.011428695,15
428,0.011430637,15
429,0.011432279,15
430,0.011434072,15
431,0.011435932,15
432,0.011437699,15
433,0.011439691,15
434,0.011441353,15
435,0.011442924,15
436,0.011444564,15
437,0.011446346,15
438,0.011448038,15
439,0.011449756,15
440,0.011451349,15
441,0.01145308,15
442,0.011454613,15
443,0.011456246,15
444,0.011457794,15
445,0.011459586,15
446,0.011461184,15
447,0.011462734,15
448,0.011464273,15
449,0.011465908,15
450,0.011467425,15
451,0.011469036,15
452,0.011470566,15
453,0.011472084,15
454,0.011473626,15
455,0.01147536,15
456,0.011476878,15
457,0.011478451,15
458,0.01147998,15
459,0.011481365,15
460,0.011482611,15
461,0.011483979,15
462,0.011485273,15
463,0.011486558,15
464,0.011487899,15
465,0.011489357,15
466,0.011490772,15
467,0.011492146,15
468,0.011493386,15
469,0.011494772,15
470,0.011496087,15
471,0.011497423,15
472,0.011498809,15
473,0.011500155,15
474,0.01150152,15
475,0.011502905,15
476,0.011504075,15
477,0.011495547,15
478,0.011496735,15
479,0.011498126,15
480,0.011499447,15
481,0.011500699,15
482,0.011501855,15
483,0.011503237,15
484,0.011504492,15
485,0.011505796,15
486,0.011507034,15
487,0.011508262,15
488,0.011509398,15
489,0.011510638,15
490,0.011511841,15
491,0.011513036,15
492,0.011514332,15
493,0.011515374,15
494,0.01151649,15
495,0.011517706,15
496,0.011518966,15
497,0.011520217,15
498,0.011521274,15
499,0.011522429,15
500,0.011523782,15
501,0.011524867,15
502,0.01152592,15
503,0.011527117,15
504,0.01152818,15
505,0.011529335,15
506,0.011530481,15
507,0.011531569,15
508,0.011532772,15
509,0.011533868,15
510,0.01153486,15
511,0.011535822,15
512,0.011536919,15
513,0.011537962,15
514,0.01153909,15
515,0.011540047,15
516,0.01154102,15
517,0.011542079,15
518,0.011543016,15
519,0.011543991,15
520,0.011544893,15
521,0.011545789,15
522,0.011546856,15
523,0.011547848,15
524,0.011548703,15
525,0.011549682,15
526,0.011550632,15
527,0.011551554,15
528,0.011552512,15
529,0.011553421,15
530,0.011554386,15
531,0.011555303,15
532,0.011556171,15
533,0.011557034,15
534,0.011558012,15
535,0.011558862,15
536,0.011559747,15
537,0.011560624,15
538,0.011561555,15
539,0.011562342,15
540,0.011563104,15
541,0.011563976,15
542,0.011564824,15
543,0.011565703,15
544,0.011566576,15
545,0.011567404,15
546,0.011568227,15
547,0.011569025,15
548,0.011569854,15
549,0.011570605,15
550,0.011571458,15
551,0.011572234,15
552,0.011573057,15
553,0.011573892,15
554,0.011574668,15
555,0.011575455,15
556,0.011576272,15
557,0.011577082,15
558,0.011577835,15
559,0.011578616,15
560,0.011579408,15
561,0.011580061,15
562,0.011580792,15
563,0.011581485,15
564,0.011582174,15
565,0.011582857,15
566,0.0115836,15
567,0.01158437,15
568,0.01158507,15
569,0.011585781,15
570,0.011586487,15
571,0.011587187,15
572,0.011587898,15
573,0.011588512,15
574,0.011589273,15
575,0.011589953,15
576,0.011590612,15
577,0.011591282,15
578,0.011591933,15
579,0.011592549,15
580,0.011593103,15
581,0.011593712,15
582,0.011594359,15
583,0.011595044,15
584,0.011595611,15
585,0.011596202,15
586,0.011596775,15
587,0.011597385,15
588,0.011597978,15
589,0.011598607,15
590,0.011599191,15
591,0.011599771,15
592,0.011600347,15
593,0.011600945,15
594,0.011601591,15
595,0.01160218,15
596,0.011602738,15
597,0.011603332,15
598,0.011603882,15
599,0.011604404,15
600,0.011604984,15
601,0.011605561,15
602,0.011606095,15
603,0.011606639,15
604,0.011607239,15
605,0.011607774,15
606,0.011608329,15
607,0.011608809,15
608,0.01160938,15
609,0.011609923,15
610,0.011610392,15
611,0.011610939,15
612,0.011611459,15
613,0.011611929,15
614,0.011612442,15
615,0.011612928,15
616,0.011613389,15
617,0.011613835,15
618,0.011614289,15
619,0.011614708,15
620,0.011615243,15
20,0.008106058,20
21,0.008210995,20
22,0.008316414,20
23,0.008422217,20
24,0.008534128,20
25,0.008636586,20
26,0.008741135,20
27,0.008845783,20
28,0.008955984,20
29,0.009069693,20
30,0.009179563,20
31,0.009289198,20
32,0.009400302,20
33,0.009505846,20
34,0.009612794,20
35,0.009722873,20
36,0.009832352,20
37,0.009936347,20
38,0.010045034,20
39,0.010144806,20
40,0.010250548,20
41,0.010354106,20
42,0.010460217,20
43,0.010559434,20
44,0.010661153,20
45,0.010762219,20
46,0.010856577,20
47,0.010959321,20
48,0.011052436,20
49,0.011143477,20
50,0.011239723,20
51,0.01133382,20
52,0.011434321,20
53,0.01152695,20
54,0.011618861,20
55,0.011719685,20
56,0.011816861,20
57,0.011909121,20
58,0.011999247,20
59,0.012095193,20
60,0.012187611,20
61,0.012281745,20
62,0.012374955,20
63,0.012462191,20
64,0.012547356,20
65,0.012634197,20
66,0.012722633,20
67,0.012802913,20
68,0.012892012,20
69,0.012976611,20
70,0.013057996,20
71,0.013142028,20
72,0.013220589,20
73,0.013299485,20
74,0.013382036,20
75,0.013458146,20
76,0.013534559,20
77,0.013610162,20
78,0.013689231,20
79,0.013761062,20
80,0.013833183,20
81,0.013907629,20
82,0.013980214,20
83,0.014054003,20
84,0.014127933,20
85,0.014200989,20
86,0.014274148,20
87,0.014341619,20
88,0.014410222,20
89,0.01448177,20
90,0.014550128,20
91,0.014618099,20
92,0.014681625,20
93,0.014748873,20
94,0.014809993,20
95,0.014872147,20
96,0.014934419,20
97,0.014996782,20
98,0.015060049,20
99,0.015120851,20
100,0.015182528,20
101,0.015237763,20
102,0.01529554,20
103,0.015351811,20
104,0.015407389,20
105,0.015465349,20
106,0.015518005,20
107,0.015571522,20
108,0.015622152,20
109,0.015672907,20
110,0.015725205,20
111,0.015774701,20
112,0.015826401,20
113,0.015877428,20
114,0.01592642,20
115,0.015973436,20
116,0.016019869,20
117,0.016067043,20
118,0.016111009,20
119,0.01615637,20
120,0.016203692,20
121,0.016249127,20
122,0.016295199,20
123,0.016339431,20
124,0.016380673,20
125,0.016422589,20
126,0.016462792,20
127,0.016503649,20
128,0.016545691,20
129,0.016584347,20
130,0.016622517,20
131,0.016663499,20
132,0.016701751,20
133,0.016740038,20
134,0.016779927,20
135,0.016819256,20
136,0.016857008,20
137,0.016894242,20
138,0.016929468,20
139,0.016963244,20
140,0.016997073,20
141,0.01703142,20
142,0.017066252,20
143,0.017099201,20
144,0.017132634,20
145,0.017165154,20
146,0.017199026,20
147,0.017231972,20
148,0.017263582,20
149,0.017295186,20
150,0.017326348,20
151,0.017355822,20
152,0.017386135,20
153,0.017415617,20
154,0.01744509,20
155,0.017474542,20
156,0.017502407,20
157,0.017531041,20
158,0.017560398,20
159,0.017585593,20
160,0.017612667,20
161,0.017637182,20
162,0.017661736,20
163,0.017687377,20
164,0.017712658,20
165,0.017736898,20
166,0.017761484,20
167,0.017786724,20
168,0.017810937,20
169,0.017835776,20
170,0.017857053,20
171,0.017879,20
172,0.017903135,20
173,0.017926599,20
174,0.01794911,20
175,0.0179707,20
176,0.017991983,20
177,0.018012964,20
178,0.018033077,20
179,0.018052631,20
180,0.018072196,20
181,0.018092309,20
182,0.018111593,20
183,0.018131136,20
184,0.018150657,20
185,0.01816912,20
186,0.01818783,20
187,0.018205517,20
188,0.018224439,20
189,0.018241374,20
190,0.018259034,20
191,0.018277383,20
192,0.018294287,20
193,0.01831026,20
194,0.018327144,20
195,0.018342887,20
196,0.01835841,20
197,0.018373716,20
198,0.018388807,20
199,0.018403686,20
200,0.018419394,20
201,0.018434253,20
202,0.018448091,20
203,0.018462138,20
204,0.018476771,20
205,0.018490801,20
206,0.018505008,20
207,0.018518066,20
208,0.018530758,20
209,0.018543823,20
210,0.01855724,20
211,0.01856975,20
212,0.018583129,20
213,0.018595444,20
214,0.018607414,20
215,0.018620049,20
216,0.018632985,20
217,0.018644748,20
218,0.01865586,20
219,0.018667761,20
220,0.018678087,20
221,0.018689039,20
222,0.018699382,20
223,0.018709434,20
224,0.018720082,20
225,0.018730286,20
226,0.018740914,20
227,0.018750962,20
228,0.018760865,20
229,0.018770216,20
230,0.018779708,20
231,0.018789461,20
232,0.01879959,20
233,0.018808663,20
234,0.018817481,20
235,0.018826424,20
236,0.018835237,20
237,0.018844529,20
238,0.018853558,20
239,0.018862918,20
240,0.018870857,20
241,0.018878914,20
242,0.01888708,20
243,0.018895016,20
244,0.018902837,20
245,0.018910759,20
246,0.018918034,20
247,0.018925521,20
248,0.018932899,20
249,0.018940171,20
250,0.018947037,20
251,0.018954201,20
252,0.018961066,20
253,0.018967833,20
254,0.018974691,20
255,0.018981449,20
256,0.018988107,20
257,0.018994666,20
258,0.019001218,20
259,0.019007146,20
260,0.019013684,20
261,0.019019867,20
262,0.019025706,20
263,0.019031794,20
264,0.019037383,20
265,0.019043387,20
266,0.019048815,20
267,0.0190544,20
268,0.019060212,20
269,0.019065329,20
270,0.019070674,20
271,0.019076308,20
272,0.019081493,20
273,0.019086816,20
274,0.019091707,20
275,0.019096529,20
276,0.01910135,20
277,0.019106304,20
278,0.019110433,20
279,0.019114989,20
280,0.019119738,20
281,0.019124416,20
282,0.019128903,20
283,0.019133443,20
284,0.019137794,20
285,0.019142201,20
286,0.019146305,20
287,0.01915041,20
288,0.019154398,20
289,0.019158395,20
290,0.019162214,20
291,0.019166034,20
292,0.019169746,20
293,0.019173726,20
294,0.019177382,20
295,0.019181246,20
296,0.019184948,20
297,0.019188595,20
298,0.019192238,20
299,0.019195875,20
300,0.019199216,20
301,0.019202593,20
302,0.019206106,20
303,0.019209622,20
304,0.019212948,20
305,0.01921618,20
306,0.019219232,20
307,0.019222241,20
308,0.019225377,20
309,0.019228423,20
310,0.019231342,20
311,0.019234382,20
312,0.019237255,20
313,0.019240046,20
314,0.019242835,20
315,0.019245814,20
316,0.019248557,20
317,0.019251036,20
318,0.019253664,20
319,0.019256254,20
320,0.019258913,20
321,0.019261496,20
322,0.019264178,20
323,0.019266682,20
324,0.01926898,20
325,0.019271378,20
326,0.01927387,20
327,0.019269924,20
328,0.019272243,20
329,0.019274625,20
330,0.019277034,20
331,0.019279344,20
332,0.019281433,20
333,0.019283554,20
334,0.019276837,20
335,0.019278896,20
336,0.019281239,20
337,0.019283515,20
338,0.019285372,20
339,0.019287408,20
340,0.019289385,20
341,0.019291303,20
342,0.019293368,20
343,0.019295319,20
344,0.019297297,20
345,0.019299016,20
346,0.01930094,20
347,0.019302756,20
348,0.019304677,20
349,0.019306544,20
350,0.019308407,20
351,0.019310218,20
352,0.019311977,20
353,0.019313516,20
354,0.019315298,20
355,0.019316926,20
356,0.019318725,20
357,0.019320428,20
358,0.019322126,20
359,0.019323688,20
360,0.019325336,20
361,0.019326873,20
362,0.019328387,20
363,0.019329816,20
364,0.019331287,20
365,0.019332664,20
366,0.019334153,20
367,0.019335501,20
368,0.019336908,20
369,0.019338212,20
370,0.019339616,20
371,0.019340924,20
372,0.019342213,20
373,0.019343519,20
374,0.019344753,20
375,0.019345934,20
376,0.019347151,20
377,0.019348349,20
378,0.019349447,20
379,0.019350629,20
380,0.019333501,20
381,0.019321304,20
382,0.019322945,20
383,0.019324582,20
384,0.01932613,20
385,0.019327677,20
386,0.019329179,20
387,0.019330659,20
388,0.019331946,20
389,0.019333123,20
390,0.019334585,20
391,0.019335946,20
392,0.019337327,20
393,0.0193385,20
394,0.019339843,20
395,0.019341166,20
396,0.01934247,20
397,0.019343826,20
398,0.019345073,20
399,0.019346267,20
400,0.019347479,20
401,0.019348757,20
402,0.019349916,20
403,0.019351206,20
404,0.01935241,20
405,0.019353485,20
406,0.01935456,20
407,0.019355577,20
408,0.019356531,20
409,0.019357563,20
410,0.019358641,20
411,0.019359489,20
412,0.019360581,20
413,0.019361585,20
414,0.01936256,20
415,0.019363535,20
416,0.019364246,20
417,0.019364908,20
418,0.019365796,20
419,0.019366425,20
420,0.019367292,20
421,0.019368237,20
422,0.019369129,20
423,0.019370046,20
424,0.019370888,20
425,0.019371589,20
426,0.019372193,20
427,0.019373051,20
428,0.019373909,20
429,0.019374788,20
430,0.01937554,20
431,0.019376296,20
432,0.019377046,20
433,0.019377508,20
434,0.019378298,20
435,0.019379054,20
436,0.01937979,20
437,0.019380494,20
438,0.019381178,20
439,0.019381882,20
440,0.019382635,20
441,0.019383256,20
442,0.01938393,20
443,0.019384537,20
444,0.019385183,20
445,0.019385793,20
446,0.01938643,20
447,0.019387023,20
448,0.019387634,20
449,0.019388068,20
450,0.019388672,20
451,0.019389038,20
452,0.019389645,20
453,0.019390218,20
454,0.019390808,20
455,0.01939138,20
456,0.01939192,20
457,0.019392523,20
458,0.019393078,20
459,0.019393594,20
460,0.019394118,20
461,0.019394664,20
462,0.019395158,20
463,0.019395652,20
464,0.019396146,20
465,0.019396639,20
466,0.019397119,20
467,0.019397558,20
468,0.019398038,20
469,0.019398484,20
470,0.019398706,20
471,0.01939913,20
472,0.019399567,20
473,0.019399998,20
474,0.019400441,20
475,0.019400673,20
476,0.0194011,20
477,0.019401503,20
478,0.019401669,20
479,0.019402075,20
480,0.019402465,20
481,0.019402827,20
482,0.019403212,20
483,0.019403447,20
484,0.019403535,20
485,0.019403893,20
486,0.019404288,20
487,0.019404327,20
488,0.019404705,20
489,0.019405062,20
490,0.019405445,20
491,0.019405796,20
492,0.019406172,20
493,0.019406532,20
494,0.019389658,20
495,0.019390231,20
496,0.01939082,20
497,0.019391352,20
498,0.019391909,20
499,0.019392457,20
500,0.019392983,20
501,0.0193935,20
502,0.019394003,20
503,0.019394493,20
504,0.019394989,20
505,0.019395478,20
506,0.01939601,20
507,0.019396519,20
508,0.019397028,20
509,0.019397502,20
510,0.019397976,20
511,0.019398449,20
512,0.019398928,20
513,0.019399374,20
514,0.019399845,20
515,0.019400284,20
516,0.019400735,20
517,0.019401143,20
518,0.01940154,20
519,0.019401989,20
520,0.019402425,20
521,0.019402803,20
522,0.019403221,20
523,0.019403599,20
524,0.019403983,20
525,0.019404367,20
526,0.019404765,20
527,0.019405134,20
528,0.019405495,20
529,0.01940587,20
530,0.019406216,20
531,0.01940658,20
532,0.01940692,20
533,0.01940725,20
534,0.019407589,20
535,0.01940791,20
536,0.019408252,20
537,0.019408563,20
538,0.019408873,20
539,0.019409179,20
540,0.019409472,20
541,0.019409765,20
542,0.019410066,20
543,0.019410355,20
544,0.01941067,20
545,0.019410958,20
546,0.019411237,20
547,0.019411496,20
548,0.019411756,20
549,0.019412023,20
550,0.019412195,20
551,0.019412466,20
552,0.01941274,20
553,0.01941301,20
554,0.019413265,20
555,0.019413503,20
556,0.01941374,20
557,0.019413958,20
558,0.019414179,20
559,0.019414417,20
560,0.019414628,20
561,0.019414868,20
562,0.019415082,20
563,0.019415291,20
564,0.019415493,20
565,0.019415707,20
566,0.019415907,20
567,0.019416109,20
568,0.019416302,20
569,0.019416485,20
570,0.019416681,20
571,0.01941688,20
572,0.019417078,20
573,0.019417258,20
574,0.019417435,20
575,0.019417324,20
576,0.019417311,20
577,0.019417495,20
578,0.019407487,20
579,0.019407832,20
580,0.019408153,20
581,0.019408452,20
582,0.019408747,20
583,0.019409067,20
584,0.019409392,20
585,0.019409686,20
586,0.01940998,20
587,0.019410261,20
588,0.019410551,20
589,0.01941082,20
590,0.019411113,20
591,0.019411393,20
592,0.019411666,20
593,0.019411909,20
594,0.019412162,20
595,0.01941242,20
596,0.019412673,20
597,0.019412913,20
598,0.019413173,20
599,0.019413412,20
600,0.019413634,20
601,0.019413839,20
602,0.019414078,20
603,0.019414304,20
604,0.019414524,20
605,0.019414737,20
606,0.019414944,20
607,0.01941516,20
608,0.01941538,20
609,0.019415607,20
610,0.019415817,20
611,0.019416023,20
612,0.019416226,20
613,0.019416424,20
614,0.019416629,20
615,0.019416823,20
616,0.019417017,20
617,0.019417208,20
618,0.019417388,20
619,0.019417564,20
620,0.019417727,20
20,0.008190412,25
21,0.008388858,25
22,0.008589191,25
23,0.008791349,25
24,0.008993642,25
25,0.00919591,25
26,0.009399988,25
27,0.009587403,25
28,0.009788792,25
29,0.00998494,25
30,0.010171269,25
31,0.010370701,25
32,0.010566978,25
33,0.010768944,25
34,0.010956578,25
35,0.011145363,25
36,0.011330877,25
37,0.011511004,25
38,0.011702496,25
39,0.011882218,25
40,0.012070791,25
41,0.012261781,25
42,0.012441129,25
43,0.012618915,25
44,0.012798958,25
45,0.012965833,25
46,0.013134967,25
47,0.013308048,25
48,0.013479339,25
49,0.013650618,25
50,0.013820009,25
51,0.01398749,25
52,0.014153039,25
53,0.014314932,25
54,0.014473221,25
55,0.014631289,25
56,0.014793979,25
57,0.01494646,25
58,0.015097034,25
59,0.015247265,25
60,0.015398631,25
61,0.015552521,25
62,0.015692218,25
63,0.015831565,25
64,0.015979249,25
65,0.016121896,25
66,0.016261058,25
67,0.016394025,25
68,0.016533326,25
69,0.016665106,25
70,0.016794937,25
71,0.016924137,25
72,0.017057797,25
73,0.017182979,25
74,0.017311198,25
75,0.017435072,25
76,0.017555574,25
77,0.0176706,25
78,0.017783831,25
79,0.017892993,25
80,0.017999339,25
81,0.018110703,25
82,0.018216957,25
83,0.018324719,25
84,0.018430681,25
85,0.018528648,25
86,0.018628121,25
87,0.018727963,25
88,0.018830058,25
89,0.018923582,25
90,0.019021268,25
91,0.019113495,25
92,0.019203236,25
93,0.019289654,25
94,0.019376409,25
95,0.01946343,25
96,0.019548074,25
97,0.019626199,25
98,0.019706358,25
99,0.019785959,25
100,0.019864178,25
101,0.019943389,25
102,0.02001809,25
103,0.020094525,25
104,0.020163624,25
105,0.020237416,25
106,0.020306275,25
107,0.020374643,25
108,0.020440422,25
109,0.020505744,25
110,0.020568585,25
111,0.020631003,25
112,0.020696206,25
113,0.0207583,25
114,0.020821759,25
115,0.020882803,25
116,0.020939122,25
117,0.020997991,25
118,0.021054611,25
119,0.021110763,25
120,0.021163095,25
121,0.021218334,25
122,0.02127199,25
123,0.021322009,25
124,0.0213732,25
125,0.021420901,25
126,0.021471241,25
127,0.021521596,25
128,0.021569054,25
129,0.021615151,25
130,0.021660388,25
131,0.0217084,25
132,0.02175544,25
133,0.021796753,25
134,0.021840726,25
135,0.021880907,25
136,0.021922399,25
137,0.021961879,25
138,0.022001799,25
139,0.022040556,25
140,0.022077427,25
141,0.022115097,25
142,0.022152761,25
143,0.022186454,25
144,0.02222129,25
145,0.022256491,25
146,0.02229032,25
147,0.022324153,25
148,0.022357964,25
149,0.022388227,25
150,0.022420115,25
151,0.022450756,25
152,0.022480799,25
153,0.022509077,25
154,0.022538267,25
155,0.022566314,25
156,0.022594648,25
157,0.022622958,25
158,0.022649093,25
159,0.022674724,25
160,0.022700373,25
161,0.022726521,25
162,0.022750412,25
163,0.022774328,25
164,0.022798487,25
165,0.022822158,25
166,0.022844218,25
167,0.022866967,25
168,0.022888603,25
169,0.022910028,25
170,0.022931029,25
171,0.022950174,25
172,0.022969572,25
173,0.022989193,25
174,0.023008429,25
175,0.023028236,25
176,0.02304633,25
177,0.023064258,25
178,0.023081478,25
179,0.023098368,25
180,0.02311528,25
181,0.023131524,25
182,0.023147622,25
183,0.023163246,25
184,0.023178411,25
185,0.023193601,25
186,0.02320865,25
187,0.023222802,25
188,0.023236688,25
189,0.023250748,25
190,0.023264348,25
191,0.023277731,25
192,0.023292357,25
193,0.023305735,25
194,0.02331905,25
195,0.02333138,25
196,0.023344352,25
197,0.023357302,25
198,0.023369256,25
199,0.023380382,25
200,0.023392224,25
201,0.023403257,25
202,0.023413963,25
203,0.023424134,25
204,0.023435079,25
205,0.02344559,25
206,0.023455478,25
207,0.02346588,25
208,0.023476066,25
209,0.023485074,25
210,0.023494673,25
211,0.023503518,25
212,0.023512649,25
213,0.023521597,25
214,0.023530276,25
215,0.02353872,25
216,0.023546805,25
217,0.023555227,25
218,0.023563315,25
219,0.023571325,25
220,0.023578704,25
221,0.02358647,25
222,0.023593852,25
223,0.023601523,25
224,0.023608675,25
225,0.023615892,25
226,0.023622617,25
227,0.023629208,25
228,0.023635405,25
229,0.023641935,25
230,0.023648206,25
231,0.023654476,25
232,0.023660374,25
233,0.023666215,25
234,0.023671423,25
235,0.023677085,25
236,0.02368278,25
237,0.023688342,25
238,0.023693735,25
239,0.02369902,25
240,0.0237043,25
241,0.023709067,25
242,0.023713892,25
243,0.023718864,25
244,0.023723591,25
245,0.02372827,25
246,0.023732717,25
247,0.02373721,25
248,0.023741744,25
249,0.023745797,25
250,0.023749856,25
251,0.023753836,25
252,0.02375786,25
253,0.023761843,25
254,0.023765784,25
255,0.023769606,25
256,0.023773574,25
257,0.023777274,25
258,0.023780863,25
259,0.023784273,25
260,0.023787252,25
261,0.023790469,25
262,0.023793421,25
263,0.023796584,25
264,0.02379978,25
265,0.023802861,25
266,0.023805776,25
267,0.023808755,25
268,0.023811821,25
269,0.023814328,25
270,0.02381722,25
271,0.023819968,25
272,0.023822103,25
273,0.023824646,25
274,0.023827323,25
275,0.023829842,25
276,0.023831727,25
277,0.023834084,25
278,0.023836338,25
279,0.023838241,25
280,0.023840495,25
281,0.023842798,25
282,0.023845053,25
283,0.023847196,25
284,0.023849449,25
285,0.023851526,25
286,0.023853562,25
287,0.023855558,25
288,0.023857332,25
289,0.023859331,25
290,0.023860632,25
291,0.023861938,25
292,0.023863299,25
293,0.023864927,25
294,0.023866731,25
295,0.023868028,25
296,0.023869787,25
297,0.02387156,25
298,0.023873146,25
299,0.023874567,25
300,0.023876143,25
301,0.023877439,25
302,0.023878957,25
303,0.0238804,25
304,0.023881294,25
305,0.023882677,25
306,0.023884077,25
307,0.023885449,25
308,0.023886822,25
309,0.023887979,25
310,0.0238893,25
311,0.023890621,25
312,0.023891586,25
313,0.023892261,25
314,0.023892734,25
315,0.023893954,25
316,0.023894903,25
317,0.023896132,25
318,0.023897193,25
319,0.023898258,25
320,0.023898912,25
321,0.02389925,25
322,0.023900366,25
323,0.02390147,25
324,0.023902498,25
325,0.023903516,25
326,0.023904011,25
327,0.023904989,25
328,0.023906006,25
329,0.023906925,25
330,0.023907845,25
331,0.023908738,25
332,0.023909631,25
333,0.023909969,25
334,0.023910635,25
335,0.023911464,25
336,0.02391232,25
337,0.023913158,25
338,0.023913017,25
339,0.023913349,25
340,0.023913224,25
341,0.023914019,25
342,0.02391444,25
343,0.023914804,25
344,0.023915576,25
345,0.023916325,25
346,0.023917082,25
347,0.023917793,25
348,0.023918549,25
349,0.023919246,25
350,0.023919901,25
351,0.023920571,25
352,0.023921228,25
353,0.023921262,25
354,0.023921931,25
355,0.023922242,25
356,0.023922884,25
357,0.0239231,25
358,0.023923706,25
359,0.023923633,25
360,0.023923762,25
361,0.023924367,25
362,0.023924966,25
363,0.023924874,25
364,0.023925439,25
365,0.023926033,25
366,0.023926339,25
367,0.023926864,25
368,0.023927389,25
369,0.023927899,25
370,0.023928404,25
371,0.023928909,25
372,0.023928824,25
373,0.023929326,25
374,0.023929553,25
375,0.023929371,25
376,0.023929842,25
377,0.023930304,25
378,0.023930761,25
379,0.023931209,25
380,0.023931355,25
381,0.023931744,25
382,0.023931752,25
383,0.023932198,25
384,0.023932657,25
385,0.023932332,25
386,0.023932319,25
387,0.02393274,25
388,0.023932508,25
389,0.023932913,25
390,0.023933332,25
391,0.023933713,25
392,0.023933579,25
393,0.023933275,25
394,0.023933678,25
395,0.023934068,25
396,0.023934447,25
397,0.023934822,25
398,0.023934675,25
399,0.023934777,25
400,0.023935134,25
401,0.023935507,25
402,0.023935868,25
403,0.023936215,25
404,0.023936542,25
405,0.02393648,25
406,0.023936822,25
407,0.023937157,25
408,0.023937499,25
409,0.02393782,25
410,0.023937856,25
411,0.023938186,25
412,0.023938493,25
413,0.023938547,25
414,0.023938847,25
415,0.023939132,25
416,0.023939435,25
417,0.02393972,25
418,0.023940005,25
419,0.023940292,25
420,0.023940158,25
421,0.023940423,25
422,0.023939929,25
423,0.023939537,25
424,0.023939818,25
425,0.023939531,25
426,0.023939803,25
427,0.023938789,25
428,0.023937979,25
429,0.023937463,25
430,0.023937782,25
431,0.023937489,25
432,0.023937814,25
433,0.023938125,25
434,0.023938446,25
435,0.023938718,25
436,0.023938828,25
437,0.023939108,25
438,0.023939405,25
439,0.023939412,25
440,0.023939698,25
441,0.02394,25
442,0.023940268,25
443,0.023940536,25
444,0.023940027,25
445,0.023940302,25
446,0.023940024,25
447,0.0239403,25
448,0.023940565,25
449,0.023940819,25
450,0.023940615,25
451,0.02394073,25
452,0.023940304,25
453,0.023940502,25
454,0.023940754,25
455,0.023941,25
456,0.02394126,25
457,0.023941505,25
458,0.023941746,25
459,0.023941986,25
460,0.023942207,25
461,0.023942426,25
462,0.023942639,25
463,0.023942834,25
464,0.023943041,25
465,0.023943181,25
466,0.023943391,25
467,0.023943007,25
468,0.023943139,25
469,0.02394335,25
470,0.023943568,25
471,0.02394377,25
472,0.023943971,25
473,0.023944155,25
474,0.023943927,25
475,0.02394412,25
476,0.023944311,25
477,0.0239445,25
478,0.023944682,25
479,0.023944855,25
480,0.023945024,25
481,0.023945189,25
482,0.023945349,25
483,0.023945511,25
484,0.023945609,25
485,0.023945281,25
486,0.023944733,25
487,0.023943678,25
488,0.023943872,25
489,0.023943886,25
490,0.023943433,25
491,0.023943633,25
492,0.023943442,25
493,0.023943637,25
494,0.023943835,25
495,0.023943599,25
496,0.023943797,25
497,0.023943995,25
498,0.023943475,25
499,0.023943555,25
500,0.02394375,25
501,0.023943944,25
502,0.023943655,25
503,0.023943852,25
504,0.023944039,25
505,0.023944226,25
506,0.023944413,25
507,0.023944587,25
508,0.023944762,25
509,0.023944935,25
510,0.023945109,25
511,0.023945278,25
512,0.023945439,25
513,0.0239456,25
514,0.023945757,25
515,0.023945904,25
516,0.023946046,25
517,0.0239462,25
518,0.023946344,25
519,0.023946483,25
520,0.023946615,25
521,0.023946755,25
522,0.023946885,25
523,0.023947018,25
524,0.023947144,25
525,0.023947277,25
526,0.023947396,25
527,0.023947511,25
528,0.023947485,25
529,0.023947265,25
530,0.023947384,25
531,0.023947512,25
532,0.023947625,25
533,0.023947737,25
534,0.023947846,25
535,0.023947955,25
536,0.023948063,25
537,0.023948172,25
538,0.023948275,25
539,0.023948373,25
540,0.023948474,25
541,0.023948574,25
542,0.023948673,25
543,0.023948768,25
544,0.023948863,25
545,0.023948954,25
546,0.023949047,25
547,0.023949136,25
548,0.023949218,25
549,0.0239493,25
550,0.023949382,25
551,0.023949462,25
552,0.023949137,25
553,0.023948925,25
554,0.023949013,25
555,0.023949099,25
556,0.023949186,25
557,0.023949269,25
558,0.023949351,25
559,0.023949432,25
560,0.023949509,25
561,0.023949585,25
562,0.023949661,25
563,0.023949733,25
564,0.023949806,25
565,0.023949876,25
566,0.023949943,25
567,0.023950011,25
568,0.023950078,25
569,0.023950147,25
570,0.023950213,25
571,0.023950274,25
572,0.023950337,25
573,0.023950398,25
574,0.023950458,25
575,0.023950516,25
576,0.023950211,25
577,0.023950275,25
578,0.023950338,25
579,0.023950399,25
580,0.023950459,25
581,0.023950518,25
582,0.023950577,25
583,0.023950634,25
584,0.023950688,25
585,0.023950741,25
586,0.023950793,25
587,0.023950844,25
588,0.023950896,25
589,0.023950949,25
590,0.023950999,25
591,0.023951048,25
592,0.023951097,25
593,0.023951144,25
594,0.023951191,25
595,0.023951236,25
596,0.023951281,25
597,0.023951323,25
598,0.023951363,25
599,0.023951404,25
600,0.023951446,25
601,0.023950741,25
602,0.023950795,25
603,0.023950848,25
604,0.023950899,25
605,0.023950949,25
606,0.023950997,25
607,0.023951046,25
608,0.023951092,25
609,0.023951139,25
610,0.023951183,25
611,0.023951227,25
612,0.023951272,25
613,0.023951316,25
614,0.02395136,25
615,0.023951401,25
616,0.023951443,25
617,0.023951484,25
618,0.023951525,25
619,0.023951561,25
620,0.023951597,25
20,0.008240661,30
21,0.008495249,30
22,0.008737908,30
23,0.008983386,30
24,0.009241016,30
25,0.009488826,30
26,0.009729242,30
27,0.009978499,30
28,0.010224693,30
29,0.010472235,30
30,0.010716434,30
31,0.010952814,30
32,0.011196638,30
33,0.01144319,30
34,0.011685858,30
35,0.011924598,30
36,0.012155269,30
37,0.012395036,30
38,0.012627759,30
39,0.01285632,30
40,0.013086535,30
41,0.013308618,30
42,0.013528384,30
43,0.013740205,30
44,0.013957062,30
45,0.014180397,30
46,0.01439026,30
47,0.014604546,30
48,0.014802273,30
49,0.015007733,30
50,0.015210438,30
51,0.015402164,30
52,0.015605875,30
53,0.015803401,30
54,0.016000979,30
55,0.016191081,30
56,0.016376795,30
57,0.016568576,30
58,0.016747033,30
59,0.016919851,30
60,0.017088585,30
61,0.017258856,30
62,0.017426378,30
63,0.017593837,30
64,0.017750601,30
65,0.017917746,30
66,0.018074329,30
67,0.018233219,30
68,0.018386842,30
69,0.018531761,30
70,0.018675386,30
71,0.018817675,30
72,0.018960858,30
73,0.019098091,30
74,0.019232867,30
75,0.019366285,30
76,0.019501467,30
77,0.019636135,30
78,0.019764139,30
79,0.019888722,30
80,0.020009973,30
81,0.020128932,30
82,0.020248436,30
83,0.020363769,30
84,0.020472376,30
85,0.020584245,30
86,0.02068959,30
87,0.020792934,30
88,0.020895967,30
89,0.020995363,30
90,0.021099863,30
91,0.02119767,30
92,0.02129736,30
93,0.02138973,30
94,0.021478809,30
95,0.021568315,30
96,0.021654618,30
97,0.021744452,30
98,0.021828829,30
99,0.021914192,30
100,0.021994274,30
101,0.022077828,30
102,0.022155848,30
103,0.022231648,30
104,0.022307683,30
105,0.022382116,30
106,0.022452689,30
107,0.022525733,30
108,0.022596094,30
109,0.022661193,30
110,0.02272707,30
111,0.022790383,30
112,0.022854041,30
113,0.022915859,30
114,0.022977461,30
115,0.023036654,30
116,0.023095365,30
117,0.0231525,30
118,0.023208846,30
119,0.023263537,30
120,0.02331652,30
121,0.02336973,30
122,0.023422963,30
123,0.023473828,30
124,0.023524711,30
125,0.023571797,30
126,0.023618698,30
127,0.023665115,30
128,0.023710806,30
129,0.023753847,30
130,0.023795184,30
131,0.023835791,30
132,0.023876558,30
133,0.02391574,30
134,0.023953845,30
135,0.023990042,30
136,0.02402566,30
137,0.024062214,30
138,0.024097629,30
139,0.024131552,30
140,0.024166868,30
141,0.024199517,30
142,0.024231725,30
143,0.024263744,30
144,0.024294307,30
145,0.024324699,30
146,0.024355616,30
147,0.024385128,30
148,0.024413296,30
149,0.024441965,30
150,0.024468457,30
151,0.024496217,30
152,0.024521541,30
153,0.024546932,30
154,0.024572481,30
155,0.024596162,30
156,0.024619522,30
157,0.024643677,30
158,0.024666185,30
159,0.024688343,30
160,0.024710738,30
161,0.02473194,30
162,0.024753004,30
163,0.024773259,30
164,0.024793232,30
165,0.024812912,30
166,0.024832602,30
167,0.024851074,30
168,0.02486959,30
169,0.024887826,30
170,0.02490578,30
171,0.024923453,30
172,0.024940184,30
173,0.02495651,30
174,0.024972869,30
175,0.024988356,30
176,0.025003904,30
177,0.0250187,30
178,0.025033383,30
179,0.025047954,30
180,0.025061764,30
181,0.025075567,30
182,0.025088631,30
183,0.025101812,30
184,0.025114288,30
185,0.025126306,30
186,0.025138136,30
187,0.025150077,30
188,0.025161399,30
189,0.025172438,30
190,0.025183765,30
191,0.025195389,30
192,0.025205885,30
193,0.025215861,30
194,0.025225615,30
195,0.025235543,30
196,0.025245317,30
197,0.025254642,30
198,0.025263465,30
199,0.02527252,30
200,0.025281573,30
201,0.02529021,30
202,0.025297988,30
203,0.025306233,30
204,0.025313858,30
205,0.02532142,30
206,0.025328715,30
207,0.025336204,30
208,0.025343694,30
209,0.025350629,30
210,0.025357505,30
211,0.02536428,30
212,0.0253709,30
213,0.025377154,30
214,0.025383392,30
215,0.025389877,30
216,0.025395455,30
217,0.025401318,30
218,0.025407233,30
219,0.025412919,30
220,0.025418298,30
221,0.025423302,30
222,0.025428336,30
223,0.025433497,30
224,0.02543828,30
225,0.025443293,30
226,0.025448151,30
227,0.025452672,30
228,0.025457314,30
229,0.025461778,30
230,0.025466071,30
231,0.025470465,30
232,0.025474391,30
233,0.025478458,30
234,0.025482507,30
235,0.025486431,30
236,0.025490358,30
237,0.025493846,30
238,0.025497026,30
239,0.025500152,30
240,0.025503467,30
241,0.025506526,30
242,0.025509442,30
243,0.025512606,30
244,0.025515972,30
245,0.025519081,30
246,0.02552202,30
247,0.025524969,30
248,0.02552783,30
249,0.025530787,30
250,0.025533586,30
251,0.025536299,30
252,0.025538952,30
253,0.025541586,30
254,0.025544139,30
255,0.025546655,30
256,0.025549289,30
257,0.025551687,30
258,0.02555403,30
259,0.025555512,30
260,0.025557731,30
261,0.025559954,30
262,0.025562108,30
263,0.025564279,30
264,0.025566302,30
265,0.025568246,30
266,0.025570133,30
267,0.02557164,30
268,0.025573496,30
269,0.025574923,30
270,0.025576734,30
271,0.025578504,30
272,0.025580008,30
273,0.025581716,30
274,0.025583438,30
275,0.025585029,30
276,0.025586646,30
277,0.025588251,30
278,0.025589645,30
279,0.025591166,30
280,0.02559256,30
281,0.025593934,30
282,0.025595299,30
283,0.025596644,30
284,0.02559801,30
285,0.025599262,30
286,0.025600496,30
287,0.025600967,30
288,0.025602172,30
289,0.02560336,30
290,0.025603755,30
291,0.025604925,30
292,0.025605634,30
293,0.025606751,30
294,0.025607842,30
295,0.025608925,30
296,0.025609974,30
297,0.025610374,30
298,0.025610866,30
299,0.025611311,30
300,0.025612312,30
301,0.025613244,30
302,0.025614186,30
303,0.025614745,30
304,0.025615694,30
305,0.025616579,30
306,0.025616985,30
307,0.02561784,30
308,0.025618708,30
309,0.025619461,30
310,0.025619907,30
311,0.025620679,30
312,0.025621149,30
313,0.025621899,30
314,0.025622159,30
315,0.0256229,30
316,0.025623613,30
317,0.025624287,30
318,0.025624983,30
319,0.025625389,30
320,0.025625718,30
321,0.025626154,30
322,0.025626467,30
323,0.025627061,30
324,0.025627673,30
325,0.025628266,30
326,0.025628851,30
327,0.025629422,30
328,0.025629976,30
329,0.025630081,30
330,0.025630616,30
331,0.025631138,30
332,0.025631666,30
333,0.025632174,30
334,0.025632681,30
335,0.025632807,30
336,0.02563328,30
337,0.025633755,30
338,0.025634222,30
339,0.025634507,30
340,0.025634935,30
341,0.025635372,30
342,0.025635805,30
343,0.025636029,30
344,0.025636437,30
345,0.025636833,30
346,0.025637232,30
347,0.025637532,30
348,0.025637352,30
349,0.025637733,30
350,0.025638099,30
351,0.025638469,30
352,0.02563835,30
353,0.0256387,30
354,0.025639044,30
355,0.025639384,30
356,0.025639724,30
357,0.025639541,30
358,0.02563988,30
359,0.025640201,30
360,0.025639626,30
361,0.02563948,30
362,0.025639821,30
363,0.02564015,30
364,0.025640475,30
365,0.025640779,30
366,0.025641082,30
367,0.025641375,30
368,0.025641664,30
369,0.025641942,30
370,0.025642215,30
371,0.025642063,30
372,0.025642343,30
373,0.025642247,30
374,0.025642527,30
375,0.025642791,30
376,0.025643045,30
377,0.0256433,30
378,0.025643539,30
379,0.02564379,30
380,0.025643572,30
381,0.025643816,30
382,0.025643512,30
383,0.025643239,30
384,0.025643499,30
385,0.025643736,30
386,0.025643566,30
387,0.025643807,30
388,0.025644049,30
389,0.025644284,30
390,0.025644511,30
391,0.025644722,30
392,0.025644934,30
393,0.025645052,30
394,0.025645263,30
395,0.025645464,30
396,0.025645111,30
397,0.025644709,30
398,0.025644927,30
399,0.02564464,30
400,0.025644858,30
401,0.02564507,30
402,0.025645276,30
403,0.025645481,30
404,0.025645041,30
405,0.025644951,30
406,0.025645151,30
407,0.025645352,30
408,0.025645547,30
409,0.025645096,30
410,0.025645114,30
411,0.025645313,30
412,0.02564551,30
413,0.025645711,30
414,0.025645581,30
415,0.025645778,30
416,0.025645977,30
417,0.025646161,30
418,0.02564634,30
419,0.025646341,30
420,0.02564594,30
421,0.02564612,30
422,0.025646073,30
423,0.025646119,30
424,0.025646296,30
425,0.025646475,30
426,0.025646641,30
427,0.025646168,30
428,0.025646345,30
429,0.025645723,30
430,0.025645921,30
431,0.02564611,30
432,0.025645883,30
433,0.02564607,30
434,0.025646249,30
435,0.025646419,30
436,0.025646592,30
437,0.025646756,30
438,0.025646677,30
439,0.025646841,30
440,0.025647009,30
441,0.025647166,30
442,0.025647321,30
443,0.025647471,30
444,0.025647623,30
445,0.025647176,30
446,0.025647336,30
447,0.025646973,30
448,0.025647138,30
449,0.025647294,30
450,0.025647055,30
451,0.025647222,30
452,0.025647378,30
453,0.025647533,30
454,0.025647677,30
455,0.02564704,30
456,0.025647002,30
457,0.02564717,30
458,0.025647332,30
459,0.025647484,30
460,0.025647366,30
461,0.025647517,30
462,0.025647333,30
463,0.025647479,30
464,0.02564709,30
465,0.025647249,30
466,0.025647408,30
467,0.0256472,30
468,0.025647254,30
469,0.02564719,30
470,0.025647347,30
471,0.025647502,30
472,0.025647647,30
473,0.025647667,30
474,0.025647522,30
475,0.025647318,30
476,0.025646915,30
477,0.025647077,30
478,0.025647236,30
479,0.025647394,30
480,0.025647549,30
481,0.025647693,30
482,0.025647693,30
483,0.025647203,30
484,0.02564736,30
485,0.025647517,30
486,0.025647668,30
487,0.025647008,30
488,0.025647172,30
489,0.025647086,30
490,0.025646867,30
491,0.025647025,30
492,0.025647048,30
493,0.02564721,30
494,0.025646079,30
495,0.025646258,30
496,0.02564547,30
497,0.025645665,30
498,0.025645848,30
499,0.025646037,30
500,0.025646215,30
501,0.025646391,30
502,0.025645698,30
503,0.025645275,30
504,0.025645473,30
505,0.025645662,30
506,0.025645863,30
507,0.025646052,30
508,0.025646229,30
509,0.025646268,30
510,0.02564645,30
511,0.025646617,30
512,0.025646782,30
513,0.025646947,30
514,0.025647111,30
515,0.025647268,30
516,0.025647423,30
517,0.025647572,30
518,0.025647719,30
519,0.025647859,30
520,0.025647472,30
521,0.025647624,30
522,0.025647772,30
523,0.025647915,30
524,0.025648058,30
525,0.02564819,30
526,0.025647808,30
527,0.025647952,30
528,0.025648085,30
529,0.025648145,30
530,0.025648278,30
531,0.025648405,30
532,0.025648534,30
533,0.025648317,30
534,0.025647759,30
535,0.025647905,30
536,0.025648044,30
537,0.025647716,30
538,0.025647363,30
539,0.025647518,30
540,0.025647662,30
541,0.025647806,30
542,0.025647948,30
543,0.025648087,30
544,0.025648222,30
545,0.025648183,30
546,0.025648317,30
547,0.02564802,30
548,0.02564816,30
549,0.025648294,30
550,0.025648426,30
551,0.025648553,30
552,0.025648678,30
553,0.025648582,30
554,0.025648705,30
555,0.025648828,30
556,0.025648321,30
557,0.025648449,30
558,0.02564858,30
559,0.025648704,30
560,0.025648177,30
561,0.025648308,30
562,0.02564735,30
563,0.025647504,30
564,0.025647482,30
565,0.025647633,30
566,0.025647777,30
567,0.025647914,30
568,0.025648051,30
569,0.02564819,30
570,0.025648327,30
571,0.025648455,30
572,0.025648579,30
573,0.02564828,30
574,0.025648416,30
575,0.025648545,30
576,0.025648379,30
577,0.025648505,30
578,0.025648632,30
579,0.025647756,30
580,0.025647904,30
581,0.025647498,30
582,0.025647526,30
583,0.025647676,30
584,0.025647663,30
585,0.025647806,30
586,0.025647948,30
587,0.025648051,30
588,0.025648192,30
589,0.025648324,30
590,0.025648454,30
591,0.025648382,30
592,0.025648512,30
593,0.025648642,30
594,0.025648762,30
595,0.025648883,30
596,0.025649003,30
597,0.025649122,30
598,0.025648763,30
599,0.025648882,30
600,0.025648965,30
601,0.025649076,30
602,0.025649187,30
603,0.025648656,30
604,0.025648782,30
605,0.025648892,30
606,0.025648569,30
607,0.025648697,30
608,0.025648816,30
609,0.025648355,30
610,0.025648489,30
611,0.025648613,30
612,0.025648501,30
613,0.025648463,30
614,0.025648597,30
615,0.025648609,30
616,0.025648737,30
617,0.025648859,30
618,0.025648975,30
619,0.025648701,30
620,0.025648824,30
20,0.008267701,35
21,0.008536485,35
22,0.008823497,35
23,0.009097783,35
24,0.009384379,35
25,0.009658479,35
26,0.009926796,35
27,0.010197719,35
28,0.010468325,35
29,0.010735635,35
30,0.010999958,35
31,0.011266233,35
32,0.011523803,35
33,0.011783723,35
34,0.012048757,35
35,0.012301535,35
36,0.012551304,35
37,0.012804886,35
38,0.013067201,35
39,0.013318777,35
40,0.013567363,35
41,0.013802446,35
42,0.014037187,35
43,0.014268497,35
44,0.014501628,35
45,0.014724615,35
46,0.014945123,35
47,0.015165422,35
48,0.015382014,35
49,0.015594956,35
50,0.015808428,35
51,0.016020191,35
52,0.01622253,35
53,0.016420776,35
54,0.016624507,35
55,0.016819846,35
56,0.01701131,35
57,0.017197872,35
58,0.017388223,35
59,0.01756476,35
60,0.017747576,35
61,0.017928166,35
62,0.018100629,35
63,0.018278744,35
64,0.018448436,35
65,0.01860652,35
66,0.01876588,35
67,0.018922312,35
68,0.019077849,35
69,0.01922272,35
70,0.01937416,35
71,0.019520031,35
72,0.019658485,35
73,0.019795711,35
74,0.019934824,35
75,0.02007304,35
76,0.020200824,35
77,0.020327433,35
78,0.020442715,35
79,0.020556336,35
80,0.020674812,35
81,0.020789102,35
82,0.020896361,35
83,0.021000713,35
84,0.021117149,35
85,0.021226437,35
86,0.021330432,35
87,0.021426817,35
88,0.021525404,35
89,0.021622121,35
90,0.02172113,35
91,0.021812121,35
92,0.021907368,35
93,0.022001728,35
94,0.022079592,35
95,0.022155667,35
96,0.0222421,35
97,0.022324038,35
98,0.022400335,35
99,0.022478091,35
100,0.022544316,35
101,0.022623328,35
102,0.02269612,35
103,0.022750658,35
104,0.022817274,35
105,0.022880291,35
106,0.022942935,35
107,0.023005835,35
108,0.02305265,35
109,0.023105921,35
110,0.023173219,35
111,0.02323448,35
112,0.023277568,35
113,0.023330978,35
114,0.023378487,35
115,0.023431248,35
116,0.023488545,35
117,0.023539702,35
118,0.023591538,35
119,0.023629313,35
120,0.023679103,35
121,0.023732198,35
122,0.02377798,35
123,0.023811541,35
124,0.02385145,35
125,0.023899639,35
126,0.023945567,35
127,0.023985452,35
128,0.024024783,35
129,0.024061397,35
130,0.024102502,35
131,0.024143306,35
132,0.024179326,35
133,0.02420992,35
134,0.024233089,35
135,0.024266856,35
136,0.024298668,35
137,0.024325733,35
138,0.024339875,35
139,0.024371017,35
140,0.024406747,35
141,0.024433419,35
142,0.024459999,35
143,0.024476897,35
144,0.024496908,35
145,0.024517527,35
146,0.024545342,35
147,0.024561881,35
148,0.024572211,35
149,0.024596377,35
150,0.024620688,35
151,0.024632885,35
152,0.024655878,35
153,0.024671894,35
154,0.024680268,35
155,0.024695924,35
156,0.024730532,35
157,0.024748013,35
158,0.0247597,35
159,0.024787586,35
160,0.024811738,35
161,0.024826965,35
162,0.024838103,35
163,0.02486059,35
164,0.024877131,35
165,0.02488098,35
166,0.02489656,35
167,0.024906744,35
168,0.024919281,35
169,0.024915191,35
170,0.02492234,35
171,0.024941656,35
172,0.02496824,35
173,0.024987455,35
174,0.024994907,35
175,0.025005327,35
176,0.025011511,35
177,0.025022945,35
178,0.025044313,35
179,0.025061033,35
180,0.025075251,35
181,0.025094086,35
182,0.025112839,35
183,0.02510581,35
184,0.025111963,35
185,0.025114414,35
186,0.025118304,35
187,0.025134626,35
188,0.02514506,35
189,0.025144181,35
190,0.025151723,35
191,0.025148525,35
192,0.025166285,35
193,0.025150492,35
194,0.025166637,35
195,0.025173735,35
196,0.025177078,35
197,0.025184586,35
198,0.025196794,35
199,0.025198571,35
200,0.025217015,35
201,0.025216654,35
202,0.025218921,35
203,0.025236666,35
204,0.025245991,35
205,0.025259404,35
206,0.025265532,35
207,0.025274575,35
208,0.025287294,35
209,0.0253034,35
210,0.025292212,35
211,0.025311042,35
212,0.025315445,35
213,0.025306227,35
214,0.025301007,35
215,0.025311657,35
216,0.025307809,35
217,0.025296484,35
218,0.025303122,35
219,0.025311781,35
220,0.025316879,35
221,0.025311551,35
222,0.025321369,35
223,0.025325878,35
224,0.025307902,35
225,0.025315099,35
226,0.025319669,35
227,0.02533035,35
228,0.025333761,35
229,0.025342587,35
230,0.025348895,35
231,0.025363403,35
232,0.02537824,35
233,0.025377063,35
234,0.025379691,35
235,0.025377534,35
236,0.02537106,35
237,0.025366505,35
238,0.025368819,35
239,0.025380267,35
240,0.025381447,35
241,0.025384132,35
242,0.025389626,35
243,0.025392459,35
244,0.025403135,35
245,0.025405648,35
246,0.025407061,35
247,0.025414029,35
248,0.025423641,35
249,0.025427008,35
250,0.025421273,35
251,0.025420029,35
252,0.025424779,35
253,0.025436286,35
254,0.025447981,35
255,0.025455389,35
256,0.025458584,35
257,0.025461722,35
258,0.025467043,35
259,0.02547463,35
260,0.025475526,35
261,0.025481621,35
262,0.025486818,35
263,0.025479605,35
264,0.025490379,35
265,0.025477277,35
266,0.025471264,35
267,0.025473395,35
268,0.025472487,35
269,0.025478244,35
270,0.025480896,35
271,0.025484505,35
272,0.025478095,35
273,0.025479823,35
274,0.025486104,35
275,0.025484908,35
276,0.025477186,35
277,0.025483892,35
278,0.02548609,35
279,0.025497959,35
280,0.025505979,35
281,0.025518736,35
282,0.025519072,35
283,0.025520117,35
284,0.025516811,35
285,0.025515214,35
286,0.025512898,35
287,0.025505476,35
288,0.025501566,35
289,0.025501732,35
290,0.025509305,35
291,0.025511508,35
292,0.0255144,35
293,0.025520021,35
294,0.025525162,35
295,0.025528945,35
296,0.025525196,35
297,0.025525287,35
298,0.025510861,35
299,0.02549827,35
300,0.025486815,35
301,0.025491941,35
302,0.025485832,35
303,0.025480228,35
304,0.02548629,35
305,0.025497751,35
306,0.02548902,35
307,0.025493325,35
308,0.025484563,35
309,0.02548985,35
310,0.025493332,35
311,0.025509773,35
312,0.025514608,35
313,0.025522483,35
314,0.025530574,35
315,0.025532715,35
316,0.025540579,35
317,0.025537067,35
318,0.025521291,35
319,0.025520533,35
320,0.025526994,35
321,0.025514134,35
322,0.025500281,35
323,0.025504106,35
324,0.02550092,35
325,0.025483428,35
326,0.025483088,35
327,0.025476251,35
328,0.025493095,35
329,0.025497575,35
330,0.025492629,35
331,0.02550189,35
332,0.025507913,35
333,0.025511593,35
334,0.025515736,35
335,0.025525018,35
336,0.025524413,35
337,0.025528923,35
338,0.025529218,35
339,0.025527127,35
340,0.025532343,35
341,0.025524161,35
342,0.025522788,35
343,0.025520992,35
344,0.02552789,35
345,0.025517369,35
346,0.025521997,35
347,0.025521428,35
348,0.025530564,35
349,0.025535561,35
350,0.025532253,35
351,0.025534379,35
352,0.025536781,35
353,0.025548367,35
354,0.025548923,35
355,0.025554756,35
356,0.025541207,35
357,0.025537667,35
358,0.025548981,35
359,0.025546316,35
360,0.025533951,35
361,0.025537315,35
362,0.025534868,35
363,0.025535103,35
364,0.025541119,35
365,0.025542304,35
366,0.025545556,35
367,0.025541565,35
368,0.025535246,35
369,0.025543011,35
370,0.025552102,35
371,0.025543029,35
372,0.025542526,35
373,0.025548505,35
374,0.025541617,35
375,0.025540966,35
376,0.025529177,35
377,0.025528938,35
378,0.025526661,35
379,0.02553471,35
380,0.025532103,35
381,0.025531108,35
382,0.025536094,35
383,0.025537893,35
384,0.025536691,35
385,0.025544105,35
386,0.025554309,35
387,0.025558917,35
388,0.02556072,35
389,0.025567078,35
390,0.025573309,35
391,0.02556633,35
392,0.025575769,35
393,0.025575393,35
394,0.025582257,35
395,0.025582889,35
396,0.025587293,35
397,0.02558012,35
398,0.025566753,35
399,0.025556634,35
400,0.02556056,35
401,0.025564166,35
402,0.025549245,35
403,0.025549902,35
404,0.025540402,35
405,0.025539417,35
406,0.02554867,35
407,0.025561664,35
408,0.025569602,35
409,0.025569772,35
410,0.025557885,35
411,0.025557986,35
412,0.025560472,35
413,0.025571649,35
414,0.025573697,35
415,0.02557026,35
416,0.025580089,35
417,0.02558075,35
418,0.025584395,35
419,0.025590046,35
420,0.025590008,35
421,0.025583851,35
422,0.025577977,35
423,0.025581765,35
424,0.025583005,35
425,0.025591035,35
426,0.025587021,35
427,0.025582434,35
428,0.025593312,35
429,0.025584335,35
430,0.025579362,35
431,0.025580644,35
432,0.025576414,35
433,0.025581522,35
434,0.025579939,35
435,0.025584222,35
436,0.025588763,35
437,0.025578196,35
438,0.025586312,35
439,0.025583603,35
440,0.025582489,35
441,0.025567141,35
442,0.025563533,35
443,0.025574199,35
444,0.025572351,35
445,0.025569385,35
446,0.02556637,35
447,0.025565126,35
448,0.025562858,35
449,0.025562234,35
450,0.025567481,35
451,0.025572519,35
452,0.025575243,35
453,0.025567654,35
454,0.025571874,35
455,0.025567716,35
456,0.025556838,35
457,0.025563966,35
458,0.025564999,35
459,0.025552451,35
460,0.025549609,35
461,0.025544093,35
462,0.025544033,35
463,0.025551888,35
464,0.025549458,35
465,0.025553744,35
466,0.025553077,35
467,0.025544608,35
468,0.025556124,35
469,0.025562682,35
470,0.025570174,35
471,0.025567099,35
472,0.025564077,35
473,0.025563218,35
474,0.025552421,35
475,0.025557217,35
476,0.025557851,35
477,0.025556316,35
478,0.025559995,35
479,0.025559273,35
480,0.0255581,35
481,0.025554798,35
482,0.025547262,35
483,0.025549933,35
484,0.025543698,35
485,0.02554114,35
486,0.025527099,35
487,0.025533668,35
488,0.025531731,35
489,0.025527765,35
490,0.025534617,35
491,0.025520226,35
492,0.025523345,35
493,0.02552958,35
494,0.025518939,35
495,0.025519788,35
496,0.025511149,35
497,0.02550815,35
498,0.025514417,35
499,0.025509424,35
500,0.025521725,35
501,0.025525128,35
502,0.025535771,35
503,0.025544264,35
504,0.025554106,35
505,0.025536996,35
506,0.025521498,35
507,0.025528504,35
508,0.02551572,35
509,0.025522673,35
510,0.025503476,35
511,0.025511011,35
512,0.02551985,35
513,0.025519418,35
514,0.025532834,35
515,0.025534144,35
516,0.025530722,35
517,0.025527309,35
518,0.025537947,35
519,0.025528098,35
520,0.025529817,35
521,0.025523323,35
522,0.025534473,35
523,0.025530689,35
524,0.025527455,35
525,0.025518829,35
526,0.025514148,35
527,0.025524306,35
528,0.025514967,35
529,0.025530896,35
530,0.025526333,35
531,0.025537724,35
532,0.025540925,35
533,0.025532093,35
534,0.025535091,35
535,0.025537516,35
536,0.025552708,35
537,0.025553941,35
538,0.025556638,35
539,0.025547938,35
540,0.02554663,35
541,0.025549067,35
542,0.025534533,35
543,0.02555,35
544,0.025556046,35
545,0.025542124,35
546,0.025553384,35
547,0.025539494,35
548,0.025544083,35
549,0.025537436,35
550,0.025539941,35
551,0.025544855,35
552,0.025532304,35
553,0.025532177,35
554,0.025538374,35
555,0.025532672,35
556,0.025528778,35
557,0.025533799,35
558,0.025536134,35
559,0.02553879,35
560,0.025533418,35
561,0.025548705,35
562,0.025561684,35
563,0.025573212,35
564,0.025576201,35
565,0.025560712,35
566,0.02555442,35
567,0.025543024,35
568,0.025548266,35
569,0.025546012,35
570,0.025543736,35
571,0.025542191,35
572,0.025535222,35
573,0.025534838,35
574,0.025534193,35
575,0.02553574,35
576,0.02553593,35
577,0.025534467,35
578,0.025547486,35
579,0.025547276,35
580,0.025546882,35
581,0.025515768,35
582,0.025506328,35
583,0.025514668,35
584,0.025514742,35
585,0.025520351,35
586,0.025515644,35
587,0.025516148,35
588,0.025508708,35
589,0.025519901,35
590,0.025517058,35
591,0.025507979,35
592,0.025502458,35
593,0.025518467,35
594,0.025512722,35
595,0.025499933,35
596,0.025491309,35
597,0.025499046,35
598,0.025503129,35
599,0.025515001,35
600,0.025523788,35
601,0.025527314,35
602,0.025537106,35
603,0.025541215,35
604,0.025542909,35
605,0.025545034,35
606,0.025522463,35
607,0.025523065,35
608,0.025526391,35
609,0.025530822,35
610,0.025525082,35
611,0.025518545,35
612,0.025516276,35
613,0.025506952,35
614,0.025517145,35
615,0.025513482,35
616,0.025517536,35
617,0.025528758,35
618,0.025537046,35
619,0.02553356,35
620,0.02554116,35
20,0.00828402,40
21,0.008562569,40
22,0.008841518,40
23,0.009120576,40
24,0.009399469,40
25,0.009677936,40
26,0.009955733,40
27,0.010232627,40
28,0.0105084,40
29,0.010782845,40
30,0.011055769,40
31,0.011326993,40
32,0.011596348,40
33,0.011863675,40
34,0.01212883,40
35,0.012391677,40
36,0.012652089,40
37,0.012909953,40
38,0.013165162,40
39,0.013417619,40
40,0.013667237,40
41,0.013913935,40
42,0.014157641,40
43,0.014398291,40
44,0.014635829,40
45,0.014870203,40
46,0.01510137,40
47,0.015329292,40
48,0.015553937,40
49,0.015775278,40
50,0.015993296,40
51,0.016207973,40
52,0.016419298,40
53,0.016627264,40
54,0.016831867,40
55,0.017033108,40
56,0.017230992,40
57,0.017425526,40
58,0.017616722,40
59,0.017804592,40
60,0.017989154,40
61,0.018170427,40
62,0.018348431,40
63,0.018523192,40
64,0.018694733,40
65,0.018863084,40
66,0.019028272,40
67,0.019190329,40
68,0.019349287,40
69,0.019505179,40
70,0.01965804,40
71,0.019807905,40
72,0.019954812,40
73,0.020098798,40
74,0.0202399,40
75,0.020378159,40
76,0.020513612,40
77,0.0206463,40
78,0.020776264,40
79,0.020903543,40
80,0.021028179,40
81,0.021150213,40
82,0.021269686,40
83,0.021386639,40
84,0.021501113,40
85,0.02161315,40
86,0.021722791,40
87,0.021830078,40
88,0.02193505,40
89,0.022037748,40
90,0.022138215,40
91,0.022236488,40
92,0.022332609,40
93,0.022426617,40
94,0.022518552,40
95,0.022608452,40
96,0.022696357,40
97,0.022782304,40
98,0.022866331,40
99,0.022948476,40
100,0.023028775,40
101,0.023107265,40
102,0.023183983,40
103,0.023258963,40
104,0.023332241,40
105,0.023403852,40
106,0.023473829,40
107,0.023542206,40
108,0.023609016,40
109,0.023674292,40
110,0.023738067,40
111,0.02380037,40
112,0.023861235,40
113,0.02392069,40
114,0.023978767,40
115,0.024035495,40
116,0.024090902,40
117,0.024145018,40
118,0.024197871,40
119,0.024249487,40
120,0.024299894,40
121,0.024349119,40
122,0.024397187,40
123,0.024444124,40
124,0.024489956,40
125,0.024534706,40
126,0.024578399,40
127,0.024621059,40
128,0.024662708,40
129,0.02470337,40
130,0.024743067,40
131,0.02478182,40
132,0.024819651,40
133,0.024856581,40
134,0.024892631,40
135,0.02492782,40
136,0.024962168,40
137,0.024995695,40
138,0.02502842,40
139,0.02506036,40
140,0.025091535,40
141,0.025121961,40
142,0.025151656,40
143,0.025180638,40
144,0.025208922,40
145,0.025236525,40
146,0.025263463,40
147,0.025289752,40
148,0.025315406,40
149,0.02534044,40
150,0.025364869,40
151,0.025388708,40
152,0.02541197,40
153,0.025434669,40
154,0.025456817,40
155,0.025478429,40
156,0.025499517,40
157,0.025520092,40
158,0.025540168,40
159,0.025559757,40
160,0.025578869,40
161,0.025597516,40
162,0.02561571,40
163,0.02563346,40
164,0.025650779,40
165,0.025667675,40
166,0.025684159,40
167,0.025700242,40
168,0.025715932,40
169,0.025731238,40
170,0.025746172,40
171,0.02576074,40
172,0.025774952,40
173,0.025788817,40
174,0.025802343,40
175,0.025815538,40
176,0.025828409,40
177,0.025840966,40
178,0.025853215,40
179,0.025865165,40
180,0.025876821,40
181,0.025888192,40
182,0.025899283,40
183,0.025910103,40
184,0.025920658,40
185,0.025930953,40
186,0.025940995,40
187,0.025950791,40
188,0.025960347,40
189,0.025969668,40
190,0.025978759,40
191,0.025987627,40
192,0.025996278,40
193,0.026004715,40
194,0.026012945,40
195,0.026020973,40
196,0.026028803,40
197,0.02603644,40
198,0.026043889,40
199,0.026051155,40
200,0.026058242,40
201,0.026065155,40
202,0.026071897,40
203,0.026078473,40
204,0.026084887,40
205,0.026091143,40
206,0.026097245,40
207,0.026103196,40
208,0.026109001,40
209,0.026114663,40
210,0.026120185,40
211,0.02612557,40
212,0.026130823,40
213,0.026135946,40
214,0.026140943,40
215,0.026145817,40
216,0.02615057,40
217,0.026155206,40
218,0.026159727,40
219,0.026164137,40
220,0.026168438,40
221,0.026172632,40
222,0.026176723,40
223,0.026180713,40
224,0.026184605,40
225,0.0261884,40
226,0.026192101,40
227,0.026195711,40
228,0.026199232,40
229,0.026202666,40
230,0.026206015,40
231,0.026209281,40
232,0.026212466,40
233,0.026215573,40
234,0.026218603,40
235,0.026221557,40
236,0.026224439,40
237,0.02622725,40
238,0.026229991,40
239,0.026232664,40
240,0.026235271,40
241,0.026237814,40
242,0.026240293,40
243,0.026242712,40
244,0.02624507,40
245,0.02624737,40
246,0.026249614,40
247,0.026251801,40
248,0.026253935,40
249,0.026256016,40
250,0.026258045,40
251,0.026260024,40
252,0.026261954,40
253,0.026263836,40
254,0.026265672,40
255,0.026267462,40
256,0.026269208,40
257,0.02627091,40
258,0.026272571,40
259,0.02627419,40
260,0.02627577,40
261,0.02627731,40
262,0.026278812,40
263,0.026280277,40
264,0.026281705,40
265,0.026283098,40
266,0.026284457,40
267,0.026285782,40
268,0.026287074,40
269,0.026288334,40
270,0.026289563,40
271,0.026290762,40
272,0.026291931,40
273,0.02629307,40
274,0.026294182,40
275,0.026295266,40
276,0.026296323,40
277,0.026297354,40
278,0.02629836,40
279,0.026299341,40
280,0.026300297,40
281,0.026301229,40
282,0.026302139,40
283,0.026303026,40
284,0.026303891,40
285,0.026304734,40
286,0.026305557,40
287,0.026306359,40
288,0.026307141,40
289,0.026307904,40
290,0.026308648,40
291,0.026309374,40
292,0.026310082,40
293,0.026310772,40
294,0.026311445,40
295,0.026312101,40
296,0.026312741,40
297,0.026313365,40
298,0.026313974,40
299,0.026314568,40
300,0.026315146,40
301,0.026315711,40
302,0.026316262,40
303,0.026316798,40
304,0.026317322,40
305,0.026317833,40
306,0.026318331,40
307,0.026318816,40
308,0.02631929,40
309,0.026319752,40
310,0.026320202,40
311,0.026320641,40
312,0.02632107,40
313,0.026321487,40
314,0.026321895,40
315,0.026322292,40
316,0.026322679,40
317,0.026323057,40
318,0.026323426,40
319,0.026323785,40
320,0.026324135,40
321,0.026324477,40
322,0.02632481,40
323,0.026325135,40
324,0.026325452,40
325,0.026325761,40
326,0.026326062,40
327,0.026326356,40
328,0.026326643,40
329,0.026326923,40
330,0.026327195,40
331,0.026327461,40
332,0.02632772,40
333,0.026327973,40
334,0.02632822,40
335,0.02632846,40
336,0.026328694,40
337,0.026328923,40
338,0.026329146,40
339,0.026329364,40
340,0.026329576,40
341,0.026329782,40
342,0.026329984,40
343,0.026330181,40
344,0.026330373,40
345,0.02633056,40
346,0.026330742,40
347,0.02633092,40
348,0.026331093,40
349,0.026331262,40
350,0.026331427,40
351,0.026331588,40
352,0.026331745,40
353,0.026331898,40
354,0.026332047,40
355,0.026332193,40
356,0.026332335,40
357,0.026332473,40
358,0.026332608,40
359,0.02633274,40
360,0.026332868,40
361,0.026332993,40
362,0.026333115,40
363,0.026333234,40
364,0.02633335,40
365,0.026333464,40
366,0.026333574,40
367,0.026333682,40
368,0.026333787,40
369,0.026333889,40
370,0.026333989,40
371,0.026334086,40
372,0.026334181,40
373,0.026334274,40
374,0.026334364,40
375,0.026334452,40
376,0.026334538,40
377,0.026334622,40
378,0.026334703,40
379,0.026334783,40
380,0.026334861,40
381,0.026334936,40
382,0.02633501,40
383,0.026335082,40
384,0.026335153,40
385,0.026335221,40
386,0.026335288,40
387,0.026335353,40
388,0.026335416,40
389,0.026335478,40
390,0.026335539,40
391,0.026335598,40
392,0.026335655,40
393,0.026335711,40
394,0.026335766,40
395,0.026335819,40
396,0.026335871,40
397,0.026335922,40
398,0.026335971,40
399,0.026336019,40
400,0.026336066,40
401,0.026336112,40
402,0.026336157,40
403,0.026336201,40
404,0.026336243,40
405,0.026336285,40
406,0.026336325,40
407,0.026336364,40
408,0.026336403,40
409,0.02633644,40
410,0.026336477,40
411,0.026336513,40
412,0.026336547,40
413,0.026336581,40
414,0.026336614,40
415,0.026336647,40
416,0.026336678,40
417,0.026336709,40
418,0.026336739,40
419,0.026336768,40
420,0.026336796,40
421,0.026336824,40
422,0.026336851,40
423,0.026336877,40
424,0.026336903,40
425,0.026336928,40
426,0.026336953,40
427,0.026336976,40
428,0.026337,40
429,0.026337022,40
430,0.026337045,40
431,0.026337066,40
432,0.026337087,40
433,0.026337108,40
434,0.026337128,40
435,0.026337147,40
436,0.026337166,40
437,0.026337185,40
438,0.026337203,40
439,0.026337221,40
440,0.026337238,40
441,0.026337255,40
442,0.026337271,40
443,0.026337287,40
444,0.026337302,40
445,0.026337318,40
446,0.026337332,40
447,0.026337347,40
448,0.026337361,40
449,0.026337375,40
450,0.026337388,40
451,0.026337401,40
452,0.026337414,40
453,0.026337426,40
454,0.026337438,40
455,0.02633745,40
456,0.026337462,40
457,0.026337473,40
458,0.026337484,40
459,0.026337495,40
460,0.026337505,40
461,0.026337515,40
462,0.026337525,40
463,0.026337535,40
464,0.026337544,40
465,0.026337553,40
466,0.026337562,40
467,0.026337571,40
468,0.026337579,40
469,0.026337588,40
470,0.026337596,40
471,0.026337604,40
472,0.026337611,40
473,0.026337619,40
474,0.026337626,40
475,0.026337633,40
476,0.02633764,40
477,0.026337647,40
478,0.026337654,40
479,0.02633766,40
480,0.026337667,40
481,0.026337673,40
482,0.026337679,40
483,0.026337685,40
484,0.02633769,40
485,0.026337696,40
486,0.026337701,40
487,0.026337707,40
488,0.026337712,40
489,0.026337717,40
490,0.026337722,40
491,0.026337726,40
492,0.026337731,40
493,0.026337736,40
494,0.02633774,40
495,0.026337744,40
496,0.026337749,40
497,0.026337753,40
498,0.026337757,40
499,0.026337761,40
500,0.026337764,40
501,0.026337768,40
502,0.026337772,40
503,0.026337775,40
504,0.026337779,40
505,0.026337782,40
506,0.026337785,40
507,0.026337789,40
508,0.026337792,40
509,0.026337795,40
510,0.026337798,40
511,0.026337801,40
512,0.026337803,40
513,0.026337806,40
514,0.026337809,40
515,0.026337812,40
516,0.026337814,40
517,0.026337817,40
518,0.026337819,40
519,0.026337821,40
520,0.026337824,40
521,0.026337826,40
522,0.026337828,40
523,0.02633783,40
524,0.026337832,40
525,0.026337834,40
526,0.026337836,40
527,0.026337838,40
528,0.02633784,40
529,0.026337842,40
530,0.026337844,40
531,0.026337846,40
532,0.026337847,40
533,0.026337849,40
534,0.026337851,40
535,0.026337852,40
536,0.026337854,40
537,0.026337855,40
538,0.026337857,40
539,0.026337858,40
540,0.02633786,40
541,0.026337861,40
542,0.026337862,40
543,0.026337864,40
544,0.026337865,40
545,0.026337866,40
546,0.026337867,40
547,0.026337868,40
548,0.02633787,40
549,0.026337871,40
550,0.026337872,40
551,0.026337873,40
552,0.026337874,40
553,0.026337875,40
554,0.026337876,40
555,0.026337877,40
556,0.026337878,40
557,0.026337879,40
558,0.026337879,40
559,0.02633788,40
560,0.026337881,40
561,0.026337882,40
562,0.026337883,40
563,0.026337884,40
564,0.026337884,40
565,0.026337885,40
566,0.026337886,40
567,0.026337887,40
568,0.026337887,40
569,0.026337888,40
570,0.026337889,40
571,0.026337889,40
572,0.02633789,40
573,0.02633789,40
574,0.026337891,40
575,0.026337892,40
576,0.026337892,40
577,0.026337893,40
578,0.026337893,40
579,0.026337894,40
580,0.026337894,40
581,0.026337895,40
582,0.026337895,40
583,0.026337896,40
584,0.026337896,40
585,0.026337897,40
586,0.026337897,40
587,0.026337898,40
588,0.026337898,40
589,0.026337898,40
590,0.026337899,40
591,0.026337899,40
592,0.0263379,40
593,0.0263379,40
594,0.0263379,40
595,0.026337901,40
596,0.026337901,40
597,0.026337901,40
598,0.026337902,40
599,0.026337902,40
600,0.026337902,40
601,0.026337903,40
602,0.026337903,40
603,0.026337903,40
604,0.026337903,40
605,0.026337904,40
606,0.026337904,40
607,0.026337904,40
608,0.026337904,40
609,0.026337905,40
610,0.026337905,40
611,0.026337905,40
612,0.026337905,40
613,0.026337906,40
614,0.026337906,40
615,0.026337906,40
616,0.026337906,40
617,0.026337906,40
618,0.026337907,40
619,0.026337907,40
620,0.026337907,40
