-0.008043042906294318,0.002501316872427939,0.00250131687242805,0.002501316872427939,0.00250131687242805,0.002501316872427939,0.002501316872427939,0.00250131687242805,0.002501316872427939,0.00250131687242805,0.002501316872427939,0.002501316872427939,0.00250131687242805,0.002501316872427939,0.00250131687242805,0.002501316872427939,0.002501316872427939,0.00250131687242805,0.002501316872427939,0.00250131687242805,0.002501316872427939,0.002501316872427939,0.00250131687242805,0.002501316872427939,0.00250131687242805,0.002501316872427939,0.002501316872427939,0.00250131687242805,0.002501316872427939,0.00250131687242805,0.002501316872427939,-0.0030281362007168466,-0.0030281362007168466,-0.0030281362007168466,-0.0030281362007168466,-0.0030281362007168466,-0.0030281362007168466,-0.0030281362007168466,-0.0030281362007168466,-0.0030281362007168466,-0.0030281362007168466,-0.0030281362007168466,-0.0030281362007168466,-0.0030281362007168466,-0.0030281362007168466,-0.0030281362007168466,-0.0030281362007167356,-0.0030281362007168466,-0.0030281362007168466,-0.0030281362007168466,-0.0030281362007168466,-0.0030281362007168466,-0.0030281362007168466,-0.0030281362007168466,-0.0030281362007168466,-0.0030281362007168466,-0.0030281362007168466,-0.0030281362007168466,-0.0030281362007168466,-0.0030281362007168466,-0.0030281362007168466,-0.0030281362007168466,3.480246913579732e-4,3.480246913580842e-4,3.480246913579732e-4,3.480246913580842e-4,3.480246913579732e-4,3.480246913580842e-4,3.480246913579732e-4,3.480246913580842e-4,3.480246913579732e-4,3.480246913580842e-4,3.480246913579732e-4,3.480246913580842e-4,3.480246913579732e-4,3.480246913580842e-4,3.480246913579732e-4,3.480246913579732e-4,3.480246913580842e-4,3.480246913579732e-4,3.480246913580842e-4,3.480246913579732e-4,3.480246913580842e-4,3.480246913579732e-4,3.480246913580842e-4,3.480246913579732e-4,3.480246913580842e-4,3.480246913579732e-4,3.480246913580842e-4,3.480246913579732e-4,3.480246913580842e-4,3.480246913579732e-4,9.519713261648688e-4,9.519713261648688e-4,9.519713261648688e-4,9.519713261648688e-4,9.519713261648688e-4,9.519713261648688e-4,9.519713261648688e-4,9.519713261648688e-4,9.519713261648688e-4,9.519713261648688e-4,9.519713261648688e-4,9.519713261648688e-4,9.519713261648688e-4,9.519713261648688e-4,9.519713261648688e-4,9.519713261649798e-4,9.519713261648688e-4,9.519713261648688e-4,9.519713261648688e-4,9.519713261648688e-4,9.519713261648688e-4,9.519713261648688e-4,9.519713261648688e-4,9.519713261648688e-4,9.519713261648688e-4,9.519713261648688e-4,9.519713261648688e-4,9.519713261648688e-4,9.519713261648688e-4,9.519713261648688e-4,9.519713261648688e-4,-9.380326563122043e-4,-9.380326563122043e-4,-9.380326563123154e-4,-9.380326563122043e-4,-9.380326563122043e-4,-9.380326563122043e-4,-9.380326563122043e-4,-9.380326563123154e-4,-9.380326563122043e-4,-9.380326563122043e-4,-9.380326563122043e-4,-9.380326563122043e-4,-9.380326563123154e-4,-9.380326563122043e-4,-9.380326563122043e-4,-9.380326563122043e-4,-9.380326563122043e-4,-9.380326563122043e-4,-9.380326563123154e-4,-9.380326563122043e-4,-9.380326563122043e-4,-9.380326563122043e-4,-9.380326563122043e-4,-9.380326563123154e-4,-9.380326563122043e-4,-9.380326563122043e-4,-9.380326563122043e-4,-9.380326563122043e-4,-9.380326563123154e-4,-9.380326563122043e-4,-9.380326563122043e-4,-6.505144032922239e-4,-6.505144032921129e-4,-6.505144032922239e-4,-6.505144032922239e-4,-6.505144032921129e-4,-6.505144032922239e-4,-6.505144032921129e-4,-6.505144032922239e-4,-6.505144032922239e-4,-6.505144032921129e-4,-6.505144032922239e-4,-6.505144032922239e-4,-6.505144032921129e-4,-6.505144032922239e-4,-6.505144032922239e-4,-6.505144032921129e-4,-6.505144032922239e-4,-6.505144032921129e-4,-6.505144032922239e-4,-6.505144032922239e-4,-6.505144032921129e-4,-6.505144032922239e-4,-6.505144032922239e-4,-6.505144032921129e-4,-6.505144032922239e-4,-6.505144032921129e-4,-6.505144032922239e-4,-6.505144032922239e-4,-6.505144032921129e-4
-0.0502505009107469,0.002919423868312787,0.002919423868312787,0.002919423868312676,0.002919423868312787,0.002919423868312787,0.002919423868312787,0.002919423868312676,0.002919423868312787,0.002919423868312787,0.002919423868312787,0.002919423868312676,0.002919423868312787,0.002919423868312787,0.002919423868312787,0.002919423868312676,0.002919423868312787,0.002919423868312787,0.002919423868312787,0.002919423868312787,0.002919423868312676,0.002919423868312787,0.002919423868312787,0.002919423868312787,0.002919423868312676,0.002919423868312787,0.002919423868312787,0.002919423868312787,0.002919423868312787,0.002919423868312676,0.002919423868312787,-0.002295479888490659,-0.002295479888490659,-0.002295479888490659,-0.002295479888490548,-0.002295479888490659,-0.002295479888490659,-0.002295479888490659,-0.002295479888490659,-0.002295479888490659,-0.002295479888490548,-0.002295479888490659,-0.002295479888490659,-0.002295479888490659,-0.002295479888490659,-0.002295479888490659,-0.002295479888490548,-0.002295479888490659,-0.002295479888490659,-0.002295479888490659,-0.002295479888490659,-0.002295479888490659,-0.002295479888490659,-0.002295479888490548,-0.002295479888490659,-0.002295479888490659,-0.002295479888490659,-0.002295479888490659,-0.002295479888490548,-0.002295479888490659,-0.002295479888490659,-0.002295479888490659,0.0012933744855967433,0.0012933744855966323,0.0012933744855967433,0.0012933744855967433,0.0012933744855966323,0.0012933744855967433,0.0012933744855967433,0.0012933744855966323,0.0012933744855967433,0.0012933744855967433,0.0012933744855966323,0.0012933744855967433,0.0012933744855967433,0.0012933744855966323,0.0012933744855967433,0.0012933744855967433,0.0012933744855966323,0.0012933744855967433,0.0012933744855967433,0.0012933744855966323,0.0012933744855967433,0.0012933744855967433,0.0012933744855966323,0.0012933744855967433,0.0012933744855967433,0.0012933744855966323,0.0012933744855967433,0.0012933744855967433,0.0012933744855966323,0.0012933744855967433,4.957785742731868e-4,4.957785742731868e-4,4.957785742731868e-4,4.957785742732979e-4,4.957785742731868e-4,4.957785742731868e-4,4.957785742731868e-4,4.957785742731868e-4,4.957785742731868e-4,4.957785742731868e-4,4.957785742731868e-4,4.957785742732979e-4,4.957785742731868e-4,4.957785742731868e-4,4.957785742731868e-4,4.957785742731868e-4,4.957785742731868e-4,4.957785742731868e-4,4.957785742731868e-4,4.957785742732979e-4,4.957785742731868e-4,4.957785742731868e-4,4.957785742731868e-4,4.957785742731868e-4,4.957785742731868e-4,4.957785742731868e-4,4.957785742731868e-4,4.957785742732979e-4,4.957785742731868e-4,4.957785742731868e-4,4.957785742731868e-4,-8.118279569891973e-4,-8.118279569893083e-4,-8.118279569891973e-4,-8.118279569893083e-4,-8.118279569891973e-4,-8.118279569893083e-4,-8.118279569891973e-4,-8.118279569893083e-4,-8.118279569891973e-4,-8.118279569893083e-4,-8.118279569891973e-4,-8.118279569893083e-4,-8.118279569891973e-4,-8.118279569893083e-4,-8.118279569891973e-4,-8.118279569893083e-4,-8.118279569891973e-4,-8.118279569893083e-4,-8.118279569891973e-4,-8.118279569893083e-4,-8.118279569891973e-4,-8.118279569893083e-4,-8.118279569891973e-4,-8.118279569893083e-4,-8.118279569891973e-4,-8.118279569893083e-4,-8.118279569891973e-4,-8.118279569893083e-4,-8.118279569891973e-4,-8.118279569893083e-4,-8.118279569891973e-4,2.454115226337983e-4,2.4541152263368726e-4,2.454115226337983e-4,2.4541152263368726e-4,2.454115226337983e-4,2.4541152263368726e-4,2.454115226337983e-4,2.454115226337983e-4,2.4541152263368726e-4,2.454115226337983e-4,2.4541152263368726e-4,2.454115226337983e-4,2.4541152263368726e-4,2.454115226337983e-4,2.454115226337983e-4,2.4541152263368726e-4,2.454115226337983e-4,2.4541152263368726e-4,2.454115226337983e-4,2.4541152263368726e-4,2.454115226337983e-4,2.4541152263368726e-4,2.454115226337983e-4,2.454115226337983e-4,2.4541152263368726e-4,2.454115226337983e-4,2.4541152263368726e-4,2.454115226337983e-4,2.4541152263368726e-4
-0.048588688187276574,0.003069012345679023,0.003069012345679023,0.003069012345679023,0.003069012345679023,0.003069012345679023,0.003069012345679023,0.003069012345679023,0.003069012345678912,0.003069012345679023,0.003069012345679023,0.003069012345679023,0.003069012345679023,0.003069012345679023,0.003069012345679023,0.003069012345679023,0.003069012345679023,0.003069012345679023,0.003069012345679023,0.003069012345679023,0.003069012345679023,0.003069012345679023,0.003069012345678912,0.003069012345679134,0.003069012345678912,0.003069012345679023,0.003069012345679023,0.003069012345679023,0.003069012345679023,0.003069012345679023,0.003069012345679023,-0.0014348466746316735,-0.0014348466746315625,-0.0014348466746316735,-0.0014348466746315625,-0.0014348466746316735,-0.0014348466746315625,-0.0014348466746316735,-0.0014348466746315625,-0.0014348466746316735,-0.0014348466746315625,-0.0014348466746316735,-0.0014348466746316735,-0.0014348466746315625,-0.0014348466746316735,-0.0014348466746315625,-0.0014348466746316735,-0.0014348466746315625,-0.0014348466746316735,-0.0014348466746315625,-0.0014348466746316735,-0.0014348466746315625,-0.0014348466746316735,-0.0014348466746316735,-0.0014348466746315625,-0.0014348466746316735,-0.0014348466746315625,-0.0014348466746316735,-0.0014348466746315625,-0.0014348466746316735,-0.0014348466746315625,-0.0014348466746316735,-1.4351851851857056e-4,-1.4351851851845954e-4,-1.4351851851857056e-4,-1.4351851851845954e-4,-1.4351851851857056e-4,-1.4351851851845954e-4,-1.4351851851857056e-4,-1.4351851851845954e-4,-1.4351851851857056e-4,-1.4351851851845954e-4,-1.4351851851857056e-4,-1.4351851851845954e-4,-1.4351851851857056e-4,-1.4351851851845954e-4,-1.4351851851857056e-4,-1.4351851851857056e-4,-1.4351851851845954e-4,-1.4351851851857056e-4,-1.4351851851845954e-4,-1.4351851851857056e-4,-1.4351851851845954e-4,-1.4351851851857056e-4,-1.4351851851845954e-4,-1.4351851851857056e-4,-1.4351851851845954e-4,-1.4351851851857056e-4,-1.4351851851845954e-4,-1.4351851851857056e-4,-1.4351851851845954e-4,-1.4351851851857056e-4,1.3191955396252286e-4,1.3191955396263388e-4,1.3191955396252286e-4,1.3191955396263388e-4,1.3191955396252286e-4,1.3191955396252286e-4,1.3191955396263388e-4,1.3191955396252286e-4,1.3191955396252286e-4,1.3191955396263388e-4,1.3191955396252286e-4,1.3191955396263388e-4,1.3191955396252286e-4,1.3191955396252286e-4,1.3191955396263388e-4,1.3191955396252286e-4,1.3191955396263388e-4,1.3191955396252286e-4,1.3191955396252286e-4,1.3191955396263388e-4,1.3191955396252286e-4,1.3191955396263388e-4,1.3191955396252286e-4,1.3191955396252286e-4,1.3191955396263388e-4,1.3191955396252286e-4,1.3191955396252286e-4,1.3191955396263388e-4,1.3191955396252286e-4,1.3191955396263388e-4,1.3191955396252286e-4,6.190163281560856e-4,6.190163281561967e-4,6.190163281560856e-4,6.190163281560856e-4,6.190163281560856e-4,6.190163281561967e-4,6.190163281560856e-4,6.190163281560856e-4,6.190163281560856e-4,6.190163281561967e-4,6.190163281560856e-4,6.190163281560856e-4,6.190163281560856e-4,6.190163281561967e-4,6.190163281560856e-4,6.190163281560856e-4,6.190163281560856e-4,6.190163281561967e-4,6.190163281560856e-4,6.190163281560856e-4,6.190163281560856e-4,6.190163281561967e-4,6.190163281560856e-4,6.190163281560856e-4,6.190163281560856e-4,6.190163281561967e-4,6.190163281560856e-4,6.190163281560856e-4,6.190163281560856e-4,6.190163281561967e-4,6.190163281560856e-4,-0.0026483950617284258,-0.0026483950617283147,-0.0026483950617284258,-0.0026483950617284258,-0.0026483950617284258,-0.0026483950617283147,-0.0026483950617284258,-0.0026483950617284258,-0.0026483950617284258,-0.0026483950617283147,-0.0026483950617284258,-0.0026483950617284258,-0.0026483950617284258,-0.0026483950617283147,-0.0026483950617284258,-0.0026483950617284258,-0.0026483950617283147,-0.0026483950617284258,-0.0026483950617284258,-0.0026483950617284258,-0.0026483950617283147,-0.0026483950617284258,-0.0026483950617284258,-0.0026483950617284258,-0.0026483950617283147,-0.0026483950617284258,-0.0026483950617284258,-0.0026483950617284258,-0.0026483950617283147
0.0033984618498279495,0.00227450617283953,0.00227450617283953,0.002274506172839419,0.00227450617283953,0.00227450617283953,0.00227450617283953,0.00227450617283953,0.002274506172839419,0.00227450617283953,0.00227450617283953,0.00227450617283953,0.00227450617283953,0.002274506172839419,0.00227450617283953,0.00227450617283953,0.00227450617283953,0.00227450617283953,0.002274506172839419,0.00227450617283953,0.00227450617283953,0.00227450617283953,0.00227450617283953,0.002274506172839419,0.00227450617283953,0.00227450617283953,0.00227450617283953,0.00227450617283953,0.002274506172839419,0.00227450617283953,0.00227450617283953,-0.002760673038630035,-0.002760673038630035,-0.002760673038630035,-0.002760673038630035,-0.002760673038630035,-0.002760673038630035,-0.002760673038630035,-0.002760673038629924,-0.002760673038630035,-0.002760673038630035,-0.002760673038630035,-0.002760673038630035,-0.002760673038630035,-0.002760673038630035,-0.002760673038630035,-0.002760673038630035,-0.002760673038630035,-0.002760673038630035,-0.002760673038630035,-0.002760673038630035,-0.002760673038630035,-0.002760673038630035,-0.002760673038629924,-0.002760673038630035,-0.002760673038630035,-0.002760673038630035,-0.002760673038630035,-0.002760673038630035,-0.002760673038630035,-0.002760673038630035,-0.002760673038630035,-0.002998333333333325,-0.002998333333333325,-0.002998333333333325,-0.002998333333333325,-0.002998333333333436,-0.002998333333333325,-0.002998333333333325,-0.002998333333333325,-0.002998333333333325,-0.002998333333333325,-0.002998333333333325,-0.002998333333333325,-0.002998333333333325,-0.002998333333333325,-0.002998333333333325,-0.002998333333333436,-0.002998333333333325,-0.002998333333333325,-0.002998333333333325,-0.002998333333333325,-0.002998333333333325,-0.002998333333333325,-0.002998333333333325,-0.002998333333333325,-0.002998333333333436,-0.002998333333333325,-0.002998333333333325,-0.002998333333333325,-0.002998333333333325,-0.002998333333333325,0.002393687773795339,0.002393687773795228,0.002393687773795339,0.002393687773795339,0.002393687773795228,0.002393687773795339,0.002393687773795228,0.002393687773795339,0.002393687773795339,0.002393687773795228,0.002393687773795339,0.002393687773795339,0.002393687773795228,0.002393687773795339,0.002393687773795339,0.002393687773795228,0.002393687773795339,0.002393687773795339,0.002393687773795228,0.002393687773795339,0.002393687773795339,0.002393687773795228,0.002393687773795339,0.002393687773795228,0.002393687773795339,0.002393687773795339,0.002393687773795228,0.002393687773795339,0.002393687773795339,0.002393687773795228,0.002393687773795339,0.002777279968140145,0.002777279968140256,0.002777279968140145,0.002777279968140256,0.002777279968140145,0.002777279968140145,0.002777279968140256,0.002777279968140145,0.002777279968140145,0.002777279968140256,0.002777279968140145,0.002777279968140256,0.002777279968140145,0.002777279968140145,0.002777279968140256,0.002777279968140145,0.002777279968140256,0.002777279968140145,0.002777279968140145,0.002777279968140256,0.002777279968140145,0.002777279968140256,0.002777279968140145,0.002777279968140145,0.002777279968140256,0.002777279968140145,0.002777279968140256,0.002777279968140145,0.002777279968140145,0.002777279968140256,0.002777279968140145,-5.997530864197964e-4,-5.997530864196854e-4,-5.997530864197964e-4,-5.997530864197964e-4,-5.997530864196854e-4,-5.997530864197964e-4,-5.997530864196854e-4,-5.997530864197964e-4,-5.997530864197964e-4,-5.997530864196854e-4,-5.997530864197964e-4,-5.997530864197964e-4,-5.997530864196854e-4,-5.997530864197964e-4,-5.997530864196854e-4,-5.997530864197964e-4,-5.997530864197964e-4,-5.997530864196854e-4,-5.997530864197964e-4,-5.997530864197964e-4,-5.997530864196854e-4,-5.997530864197964e-4,-5.997530864197964e-4,-5.997530864196854e-4,-5.997530864197964e-4,-5.997530864196854e-4,-5.997530864197964e-4,-5.997530864197964e-4,-5.997530864196854e-4
-0.03505528739121633,0.0024862139917695147,0.0024862139917696258,0.0024862139917695147,0.0024862139917695147,0.0024862139917695147,0.0024862139917696258,0.0024862139917695147,0.0024862139917695147,0.0024862139917695147,0.0024862139917696258,0.0024862139917695147,0.0024862139917695147,0.0024862139917695147,0.0024862139917696258,0.0024862139917695147,0.0024862139917695147,0.0024862139917696258,0.0024862139917695147,0.0024862139917695147,0.0024862139917695147,0.0024862139917696258,0.0024862139917695147,0.0024862139917695147,0.0024862139917695147,0.0024862139917696258,0.0024862139917695147,0.0024862139917695147,0.0024862139917696258,0.0024862139917695147,0.0024862139917695147,-0.001419972122660318,-0.001419972122660318,-0.001419972122660207,-0.001419972122660318,-0.001419972122660318,-0.001419972122660318,-0.001419972122660207,-0.001419972122660318,-0.001419972122660318,-0.001419972122660318,-0.001419972122660318,-0.001419972122660207,-0.001419972122660318,-0.001419972122660318,-0.001419972122660318,-0.001419972122660207,-0.001419972122660318,-0.001419972122660318,-0.001419972122660318,-0.001419972122660207,-0.001419972122660318,-0.001419972122660318,-0.001419972122660318,-0.001419972122660318,-0.001419972122660207,-0.001419972122660318,-0.001419972122660318,-0.001419972122660318,-0.001419972122660207,-0.001419972122660318,-0.001419972122660318,-8.502263374485786e-4,-8.502263374485786e-4,-8.502263374484675e-4,-8.502263374485786e-4,-8.502263374485786e-4,-8.502263374485786e-4,-8.502263374485786e-4,-8.502263374484675e-4,-8.502263374485786e-4,-8.502263374485786e-4,-8.502263374485786e-4,-8.502263374485786e-4,-8.502263374484675e-4,-8.502263374485786e-4,-8.502263374485786e-4,-8.502263374485786e-4,-8.502263374485786e-4,-8.502263374484675e-4,-8.502263374485786e-4,-8.502263374485786e-4,-8.502263374485786e-4,-8.502263374485786e-4,-8.502263374484675e-4,-8.502263374485786e-4,-8.502263374485786e-4,-8.502263374485786e-4,-8.502263374485786e-4,-8.502263374484675e-4,-8.502263374485786e-4,-8.502263374485786e-4,0.0019497610513738994,0.0019497610513740105,0.0019497610513738994,0.0019497610513740105,0.0019497610513738994,0.0019497610513740105,0.0019497610513738994,0.0019497610513740105,0.0019497610513738994,0.0019497610513738994,0.0019497610513740105,0.0019497610513738994,0.0019497610513740105,0.0019497610513738994,0.0019497610513740105,0.0019497610513738994,0.0019497610513740105,0.0019497610513738994,0.0019497610513740105,0.0019497610513738994,0.0019497610513738994,0.0019497610513740105,0.0019497610513738994,0.0019497610513740105,0.0019497610513738994,0.0019497610513740105,0.0019497610513738994,0.0019497610513740105,0.0019497610513738994,0.0019497610513740105,0.0019497610513738994,1.128235762644092e-4,1.1282357626452022e-4,1.128235762644092e-4,1.128235762644092e-4,1.128235762644092e-4,1.1282357626452022e-4,1.128235762644092e-4,1.128235762644092e-4,1.128235762644092e-4,1.1282357626452022e-4,1.128235762644092e-4,1.128235762644092e-4,1.128235762644092e-4,1.1282357626452022e-4,1.128235762644092e-4,1.128235762644092e-4,1.128235762644092e-4,1.1282357626452022e-4,1.128235762644092e-4,1.128235762644092e-4,1.128235762644092e-4,1.1282357626452022e-4,1.128235762644092e-4,1.128235762644092e-4,1.128235762644092e-4,1.1282357626452022e-4,1.128235762644092e-4,1.128235762644092e-4,1.128235762644092e-4,1.1282357626452022e-4,1.128235762644092e-4,-0.004786296296296344,-0.004786296296296233,-0.004786296296296344,-0.004786296296296233,-0.004786296296296344,-0.004786296296296233,-0.004786296296296344,-0.004786296296296233,-0.004786296296296344,-0.004786296296296344,-0.004786296296296233,-0.004786296296296344,-0.004786296296296233,-0.004786296296296344,-0.004786296296296344,-0.004786296296296233,-0.004786296296296344,-0.004786296296296233,-0.004786296296296344,-0.004786296296296233,-0.004786296296296344,-0.004786296296296233,-0.004786296296296344,-0.004786296296296344,-0.004786296296296233,-0.004786296296296344,-0.004786296296296233,-0.004786296296296344,-0.004786296296296344
-0.010026160358901692,0.002710905349794235,0.002710905349794235,0.002710905349794235,0.002710905349794235,0.002710905349794235,0.002710905349794235,0.002710905349794235,0.002710905349794235,0.002710905349794235,0.002710905349794235,0.002710905349794235,0.002710905349794235,0.002710905349794235,0.002710905349794235,0.002710905349794235,0.002710905349794235,0.002710905349794346,0.002710905349794235,0.002710905349794235,0.002710905349794235,0.002710905349794235,0.002710905349794235,0.002710905349794235,0.002710905349794235,0.002710905349794235,0.002710905349794235,0.002710905349794235,0.002710905349794235,0.002710905349794235,0.002710905349794235,-0.00173211867781764,-0.001732118677817529,-0.00173211867781764,-0.00173211867781764,-0.001732118677817529,-0.00173211867781764,-0.00173211867781764,-0.001732118677817529,-0.00173211867781764,-0.001732118677817529,-0.00173211867781764,-0.00173211867781764,-0.001732118677817529,-0.00173211867781764,-0.00173211867781764,-0.001732118677817529,-0.00173211867781764,-0.00173211867781764,-0.001732118677817529,-0.00173211867781764,-0.00173211867781764,-0.001732118677817529,-0.00173211867781764,-0.001732118677817529,-0.00173211867781764,-0.00173211867781764,-0.001732118677817529,-0.00173211867781764,-0.00173211867781764,-0.001732118677817529,-0.00173211867781764,-0.0021787448559670297,-0.0021787448559671407,-0.0021787448559670297,-0.0021787448559671407,-0.0021787448559670297,-0.0021787448559671407,-0.0021787448559670297,-0.0021787448559671407,-0.0021787448559670297,-0.0021787448559671407,-0.0021787448559670297,-0.0021787448559671407,-0.0021787448559670297,-0.0021787448559671407,-0.0021787448559670297,-0.0021787448559670297,-0.0021787448559671407,-0.0021787448559670297,-0.0021787448559671407,-0.0021787448559670297,-0.0021787448559671407,-0.0021787448559670297,-0.0021787448559671407,-0.0021787448559670297,-0.0021787448559671407,-0.0021787448559670297,-0.0021787448559671407,-0.0021787448559670297,-0.0021787448559670297,-0.0021787448559671407,-2.2869374751099958e-4,-2.2869374751088856e-4,-2.2869374751099958e-4,-2.2869374751088856e-4,-2.2869374751099958e-4,-2.2869374751088856e-4,-2.2869374751099958e-4,-2.2869374751088856e-4,-2.2869374751099958e-4,-2.2869374751088856e-4,-2.2869374751099958e-4,-2.2869374751099958e-4,-2.2869374751088856e-4,-2.2869374751099958e-4,-2.2869374751088856e-4,-2.2869374751099958e-4,-2.2869374751088856e-4,-2.2869374751099958e-4,-2.2869374751088856e-4,-2.2869374751099958e-4,-2.2869374751099958e-4,-2.2869374751088856e-4,-2.2869374751099958e-4,-2.2869374751088856e-4,-2.2869374751099958e-4,-2.2869374751088856e-4,-2.2869374751099958e-4,-2.2869374751088856e-4,-2.2869374751099958e-4,-2.2869374751088856e-4,-2.2869374751099958e-4,0.0023915571485464415,0.0023915571485463305,0.0023915571485464415,0.0023915571485463305,0.0023915571485464415,0.0023915571485464415,0.0023915571485463305,0.0023915571485464415,0.0023915571485464415,0.0023915571485463305,0.0023915571485464415,0.0023915571485463305,0.0023915571485464415,0.0023915571485464415,0.0023915571485463305,0.0023915571485464415,0.0023915571485463305,0.0023915571485464415,0.0023915571485464415,0.0023915571485463305,0.0023915571485464415,0.0023915571485463305,0.0023915571485464415,0.0023915571485464415,0.0023915571485463305,0.0023915571485464415,0.0023915571485463305,0.0023915571485464415,0.0023915571485464415,0.0023915571485463305,0.0023915571485464415,-6.150205761317196e-4,-6.150205761316085e-4,-6.150205761317196e-4,-6.150205761317196e-4,-6.150205761317196e-4,-6.150205761316085e-4,-6.150205761317196e-4,-6.150205761317196e-4,-6.150205761317196e-4,-6.150205761316085e-4,-6.150205761317196e-4,-6.150205761317196e-4,-6.150205761317196e-4,-6.150205761316085e-4,-6.150205761317196e-4,-6.150205761317196e-4,-6.150205761316085e-4,-6.150205761317196e-4,-6.150205761317196e-4,-6.150205761317196e-4,-6.150205761316085e-4,-6.150205761317196e-4,-6.150205761317196e-4,-6.150205761317196e-4,-6.150205761316085e-4,-6.150205761317196e-4,-6.150205761317196e-4,-6.150205761317196e-4,-6.150205761316085e-4
0.0038009967617891327,1.8555555555554992e-4,1.8555555555554992e-4,1.8555555555554992e-4,1.8555555555554992e-4,1.8555555555554992e-4,1.8555555555554992e-4,1.8555555555554992e-4,1.8555555555566094e-4,1.8555555555554992e-4,1.8555555555554992e-4,1.8555555555554992e-4,1.8555555555554992e-4,1.8555555555554992e-4,1.8555555555554992e-4,1.8555555555554992e-4,1.8555555555554992e-4,1.8555555555554992e-4,1.8555555555554992e-4,1.8555555555554992e-4,1.8555555555554992e-4,1.8555555555554992e-4,1.8555555555554992e-4,1.8555555555566094e-4,1.8555555555554992e-4,1.8555555555554992e-4,1.8555555555554992e-4,1.8555555555554992e-4,1.8555555555554992e-4,1.8555555555554992e-4,1.8555555555554992e-4,-1.1829948227792819e-4,-1.1829948227803921e-4,-1.1829948227792819e-4,-1.1829948227803921e-4,-1.1829948227792819e-4,-1.1829948227803921e-4,-1.1829948227792819e-4,-1.1829948227803921e-4,-1.1829948227792819e-4,-1.1829948227803921e-4,-1.1829948227792819e-4,-1.1829948227792819e-4,-1.1829948227803921e-4,-1.1829948227792819e-4,-1.1829948227803921e-4,-1.1829948227792819e-4,-1.1829948227803921e-4,-1.1829948227792819e-4,-1.1829948227803921e-4,-1.1829948227792819e-4,-1.1829948227792819e-4,-1.1829948227803921e-4,-1.1829948227792819e-4,-1.1829948227803921e-4,-1.1829948227792819e-4,-1.1829948227803921e-4,-1.1829948227792819e-4,-1.1829948227803921e-4,-1.1829948227792819e-4,-1.1829948227803921e-4,-1.1829948227792819e-4,-0.0026285596707819048,-0.0026285596707819048,-0.0026285596707819048,-0.0026285596707819048,-0.0026285596707819048,-0.0026285596707819048,-0.0026285596707819048,-0.0026285596707817938,-0.0026285596707819048,-0.0026285596707819048,-0.0026285596707819048,-0.0026285596707819048,-0.0026285596707819048,-0.0026285596707819048,-0.0026285596707819048,-0.0026285596707819048,-0.0026285596707819048,-0.0026285596707819048,-0.0026285596707819048,-0.0026285596707819048,-0.0026285596707819048,-0.0026285596707817938,-0.002628559670782016,-0.0026285596707817938,-0.0026285596707819048,-0.0026285596707819048,-0.0026285596707819048,-0.0026285596707819048,-0.0026285596707819048,-0.0026285596707819048,0.002779291119076044,0.002779291119076044,0.002779291119076155,0.002779291119076044,0.002779291119076044,0.002779291119076044,0.002779291119076155,0.002779291119076044,0.002779291119076044,0.002779291119076044,0.002779291119076044,0.002779291119076155,0.002779291119076044,0.002779291119076044,0.002779291119076044,0.002779291119076155,0.002779291119076044,0.002779291119076044,0.002779291119076044,0.002779291119076044,0.002779291119076155,0.002779291119076044,0.002779291119076044,0.002779291119076044,0.002779291119076155,0.002779291119076044,0.002779291119076044,0.002779291119076044,0.002779291119076044,0.002779291119076155,0.002779291119076044,5.698924731182275e-4,5.698924731183386e-4,5.698924731182275e-4,5.698924731183386e-4,5.698924731182275e-4,5.698924731183386e-4,5.698924731182275e-4,5.698924731183386e-4,5.698924731182275e-4,5.698924731183386e-4,5.698924731182275e-4,5.698924731182275e-4,5.698924731183386e-4,5.698924731182275e-4,5.698924731183386e-4,5.698924731182275e-4,5.698924731183386e-4,5.698924731182275e-4,5.698924731183386e-4,5.698924731182275e-4,5.698924731182275e-4,5.698924731183386e-4,5.698924731182275e-4,5.698924731183386e-4,5.698924731182275e-4,5.698924731183386e-4,5.698924731182275e-4,5.698924731183386e-4,5.698924731182275e-4,5.698924731183386e-4,5.698924731182275e-4,-1.617078189299903e-4,-1.6170781893010133e-4,-1.617078189299903e-4,-1.6170781893010133e-4,-1.617078189299903e-4,-1.6170781893010133e-4,-1.617078189299903e-4,-1.617078189299903e-4,-1.6170781893010133e-4,-1.617078189299903e-4,-1.6170781893010133e-4,-1.617078189299903e-4,-1.6170781893010133e-4,-1.617078189299903e-4,-1.617078189299903e-4,-1.6170781893010133e-4,-1.617078189299903e-4,-1.6170781893010133e-4,-1.617078189299903e-4,-1.6170781893010133e-4,-1.617078189299903e-4,-1.6170781893010133e-4,-1.617078189299903e-4,-1.617078189299903e-4,-1.6170781893010133e-4,-1.617078189299903e-4,-1.6170781893010133e-4,-1.617078189299903e-4,-1.6170781893010133e-4
0.017054977062672783,6.435185185185155e-4,6.435185185185155e-4,6.435185185185155e-4,6.435185185185155e-4,6.435185185185155e-4,6.435185185185155e-4,6.435185185185155e-4,6.435185185185155e-4,6.435185185185155e-4,6.435185185185155e-4,6.435185185185155e-4,6.435185185185155e-4,6.435185185185155e-4,6.435185185185155e-4,6.435185185186265e-4,6.435185185185155e-4,6.435185185185155e-4,6.435185185185155e-4,6.435185185185155e-4,6.435185185185155e-4,6.435185185185155e-4,6.435185185185155e-4,6.435185185185155e-4,6.435185185185155e-4,6.435185185185155e-4,6.435185185185155e-4,6.435185185185155e-4,6.435185185185155e-4,6.435185185185155e-4,6.435185185185155e-4,-0.002067921146953422,-0.002067921146953422,-0.002067921146953422,-0.002067921146953311,-0.002067921146953422,-0.002067921146953422,-0.002067921146953422,-0.002067921146953422,-0.002067921146953422,-0.002067921146953311,-0.002067921146953422,-0.002067921146953422,-0.002067921146953422,-0.002067921146953422,-0.002067921146953422,-0.002067921146953311,-0.002067921146953422,-0.002067921146953422,-0.002067921146953422,-0.002067921146953422,-0.002067921146953422,-0.002067921146953311,-0.002067921146953422,-0.002067921146953422,-0.002067921146953422,-0.002067921146953422,-0.002067921146953422,-0.002067921146953422,-0.002067921146953311,-0.002067921146953422,-0.002067921146953422,6.763374485596607e-4,6.763374485596607e-4,6.763374485596607e-4,6.763374485596607e-4,6.763374485597717e-4,6.763374485596607e-4,6.763374485596607e-4,6.763374485596607e-4,6.763374485596607e-4,6.763374485596607e-4,6.763374485596607e-4,6.763374485596607e-4,6.763374485596607e-4,6.763374485596607e-4,6.763374485596607e-4,6.763374485597717e-4,6.763374485596607e-4,6.763374485596607e-4,6.763374485596607e-4,6.763374485596607e-4,6.763374485596607e-4,6.763374485596607e-4,6.763374485596607e-4,6.763374485596607e-4,6.763374485597717e-4,6.763374485596607e-4,6.763374485596607e-4,6.763374485596607e-4,6.763374485596607e-4,6.763374485596607e-4,5.266029470331057e-4,5.266029470329947e-4,5.266029470331057e-4,5.266029470329947e-4,5.266029470331057e-4,5.266029470329947e-4,5.266029470331057e-4,5.266029470329947e-4,5.266029470331057e-4,5.266029470329947e-4,5.266029470331057e-4,5.266029470331057e-4,5.266029470329947e-4,5.266029470331057e-4,5.266029470329947e-4,5.266029470331057e-4,5.266029470329947e-4,5.266029470331057e-4,5.266029470329947e-4,5.266029470331057e-4,5.266029470331057e-4,5.266029470329947e-4,5.266029470331057e-4,5.266029470329947e-4,5.266029470331057e-4,5.266029470329947e-4,5.266029470331057e-4,5.266029470329947e-4,5.266029470331057e-4,5.266029470329947e-4,5.266029470331057e-4,-3.1011549183590503e-4,-3.1011549183590503e-4,-3.1011549183590503e-4,-3.1011549183601606e-4,-3.1011549183590503e-4,-3.1011549183590503e-4,-3.1011549183590503e-4,-3.1011549183590503e-4,-3.1011549183590503e-4,-3.1011549183601606e-4,-3.1011549183590503e-4,-3.1011549183590503e-4,-3.1011549183590503e-4,-3.1011549183590503e-4,-3.1011549183590503e-4,-3.1011549183601606e-4,-3.1011549183590503e-4,-3.1011549183590503e-4,-3.1011549183590503e-4,-3.1011549183590503e-4,-3.1011549183590503e-4,-3.1011549183601606e-4,-3.1011549183590503e-4,-3.1011549183590503e-4,-3.1011549183590503e-4,-3.1011549183590503e-4,-3.1011549183590503e-4,-3.1011549183601606e-4,-3.1011549183590503e-4,-3.1011549183590503e-4,-3.1011549183590503e-4,-0.0012442386831276186,-0.0012442386831275076,-0.0012442386831276186,-0.0012442386831275076,-0.0012442386831276186,-0.0012442386831276186,-0.0012442386831275076,-0.0012442386831276186,-0.0012442386831275076,-0.0012442386831276186,-0.0012442386831276186,-0.0012442386831275076,-0.0012442386831276186,-0.0012442386831275076,-0.0012442386831276186,-0.0012442386831276186,-0.0012442386831275076,-0.0012442386831276186,-0.0012442386831275076,-0.0012442386831276186,-0.0012442386831276186,-0.0012442386831275076,-0.0012442386831276186,-0.0012442386831275076,-0.0012442386831276186,-0.0012442386831276186,-0.0012442386831275076,-0.0012442386831276186,-0.0012442386831275076
-0.03353462861768863,5.728806584361923e-4,5.728806584361923e-4,5.728806584363033e-4,5.728806584361923e-4,5.728806584361923e-4,5.728806584361923e-4,5.728806584361923e-4,5.728806584363033e-4,5.728806584361923e-4,5.728806584361923e-4,5.728806584361923e-4,5.728806584361923e-4,5.728806584363033e-4,5.728806584361923e-4,5.728806584361923e-4,5.728806584361923e-4,5.728806584361923e-4,5.728806584363033e-4,5.728806584361923e-4,5.728806584361923e-4,5.728806584361923e-4,5.728806584361923e-4,5.728806584363033e-4,5.728806584361923e-4,5.728806584361923e-4,5.728806584361923e-4,5.728806584361923e-4,5.728806584363033e-4,5.728806584361923e-4,5.728806584361923e-4,0.0012002787733970122,0.0012002787733971232,0.0012002787733970122,0.0012002787733970122,0.0012002787733971232,0.0012002787733970122,0.0012002787733970122,0.0012002787733971232,0.0012002787733970122,0.0012002787733971232,0.0012002787733970122,0.0012002787733970122,0.0012002787733971232,0.0012002787733970122,0.0012002787733970122,0.0012002787733971232,0.0012002787733970122,0.0012002787733970122,0.0012002787733971232,0.0012002787733970122,0.0012002787733970122,0.0012002787733971232,0.0012002787733970122,0.0012002787733970122,0.0012002787733971232,0.0012002787733970122,0.0012002787733971232,0.0012002787733970122,0.0012002787733970122,0.0012002787733971232,0.0012002787733970122,-2.74115226337468e-4,-2.74115226337468e-4,-2.74115226337468e-4,-2.7411522633735697e-4,-2.74115226337468e-4,-2.74115226337468e-4,-2.74115226337468e-4,-2.74115226337468e-4,-2.7411522633735697e-4,-2.74115226337468e-4,-2.74115226337468e-4,-2.74115226337468e-4,-2.74115226337468e-4,-2.74115226337468e-4,-2.74115226337468e-4,-2.7411522633735697e-4,-2.74115226337468e-4,-2.74115226337468e-4,-2.74115226337468e-4,-2.74115226337468e-4,-2.7411522633735697e-4,-2.74115226337468e-4,-2.74115226337468e-4,-2.74115226337468e-4,-2.74115226337468e-4,-2.74115226337468e-4,-2.74115226337468e-4,-2.7411522633735697e-4,-2.74115226337468e-4,-2.74115226337468e-4,6.724810832338113e-4,6.724810832337003e-4,6.724810832338113e-4,6.724810832337003e-4,6.724810832338113e-4,6.724810832338113e-4,6.724810832337003e-4,6.724810832338113e-4,6.724810832338113e-4,6.724810832337003e-4,6.724810832338113e-4,6.724810832337003e-4,6.724810832338113e-4,6.724810832338113e-4,6.724810832337003e-4,6.724810832338113e-4,6.724810832337003e-4,6.724810832338113e-4,6.724810832338113e-4,6.724810832337003e-4,6.724810832338113e-4,6.724810832337003e-4,6.724810832338113e-4,6.724810832338113e-4,6.724810832337003e-4,6.724810832338113e-4,6.724810832338113e-4,6.724810832337003e-4,6.724810832338113e-4,6.724810832337003e-4,6.724810832338113e-4,-0.00103144165671043,-0.0010314416567105411,-0.00103144165671043,-0.00103144165671043,-0.0010314416567105411,-0.00103144165671043,-0.00103144165671043,-0.0010314416567105411,-0.00103144165671043,-0.0010314416567105411,-0.00103144165671043,-0.00103144165671043,-0.0010314416567105411,-0.00103144165671043,-0.00103144165671043,-0.0010314416567105411,-0.00103144165671043,-0.00103144165671043,-0.0010314416567105411,-0.00103144165671043,-0.00103144165671043,-0.0010314416567105411,-0.00103144165671043,-0.00103144165671043,-0.0010314416567105411,-0.00103144165671043,-0.0010314416567105411,-0.00103144165671043,-0.00103144165671043,-0.0010314416567105411,-0.00103144165671043,-0.002549835390946553,-0.002549835390946442,-0.002549835390946553,-0.002549835390946442,-0.002549835390946553,-0.002549835390946442,-0.002549835390946553,-0.002549835390946442,-0.002549835390946553,-0.002549835390946442,-0.002549835390946553,-0.002549835390946442,-0.002549835390946553,-0.002549835390946553,-0.002549835390946442,-0.002549835390946442,-0.002549835390946553,-0.002549835390946553,-0.002549835390946442,-0.002549835390946553,-0.002549835390946442,-0.002549835390946553,-0.002549835390946442,-0.002549835390946553,-0.002549835390946442,-0.002549835390946553,-0.002549835390946442,-0.002549835390946553,-0.002549835390946442
-0.05923921608311411,0.0036424074074073998,0.0036424074074073998,0.0036424074074073998,0.0036424074074073998,0.003642407407407511,0.0036424074074073998,0.0036424074074073998,0.0036424074074073998,0.0036424074074073998,0.0036424074074073998,0.0036424074074073998,0.0036424074074073998,0.0036424074074073998,0.0036424074074073998,0.0036424074074073998,0.003642407407407511,0.0036424074074073998,0.0036424074074073998,0.0036424074074073998,0.0036424074074073998,0.0036424074074073998,0.0036424074074073998,0.0036424074074073998,0.0036424074074073998,0.003642407407407511,0.0036424074074073998,0.0036424074074073998,0.0036424074074073998,0.0036424074074073998,0.0036424074074073998,-0.0015252489048187545,-0.0015252489048188655,-0.0015252489048187545,-0.0015252489048188655,-0.0015252489048187545,-0.0015252489048188655,-0.0015252489048187545,-0.0015252489048187545,-0.0015252489048188655,-0.0015252489048187545,-0.0015252489048188655,-0.0015252489048187545,-0.0015252489048187545,-0.0015252489048188655,-0.0015252489048187545,-0.0015252489048188655,-0.0015252489048187545,-0.0015252489048188655,-0.0015252489048187545,-0.0015252489048187545,-0.0015252489048188655,-0.0015252489048187545,-0.0015252489048188655,-0.0015252489048187545,-0.0015252489048187545,-0.0015252489048188655,-0.0015252489048187545,-0.0015252489048188655,-0.0015252489048187545,-0.0015252489048188655,-0.0015252489048187545,9.267901234567555e-4,9.267901234568665e-4,9.267901234567555e-4,9.267901234567555e-4,9.267901234568665e-4,9.267901234567555e-4,9.267901234567555e-4,9.267901234568665e-4,9.267901234567555e-4,9.267901234567555e-4,9.267901234568665e-4,9.267901234567555e-4,9.267901234567555e-4,9.267901234568665e-4,9.267901234567555e-4,9.267901234567555e-4,9.267901234568665e-4,9.267901234567555e-4,9.267901234567555e-4,9.267901234568665e-4,9.267901234567555e-4,9.267901234567555e-4,9.267901234568665e-4,9.267901234567555e-4,9.267901234567555e-4,9.267901234568665e-4,9.267901234567555e-4,9.267901234567555e-4,9.267901234568665e-4,9.267901234567555e-4,-2.57626443647907e-4,-2.57626443648018e-4,-2.57626443647907e-4,-2.57626443648018e-4,-2.57626443647907e-4,-2.57626443648018e-4,-2.57626443647907e-4,-2.57626443647907e-4,-2.57626443648018e-4,-2.57626443647907e-4,-2.57626443648018e-4,-2.57626443647907e-4,-2.57626443647907e-4,-2.57626443648018e-4,-2.57626443647907e-4,-2.57626443648018e-4,-2.57626443647907e-4,-2.57626443648018e-4,-2.57626443647907e-4,-2.57626443647907e-4,-2.57626443648018e-4,-2.57626443647907e-4,-2.57626443648018e-4,-2.57626443647907e-4,-2.57626443647907e-4,-2.57626443648018e-4,-2.57626443647907e-4,-2.57626443648018e-4,-2.57626443647907e-4,-2.57626443648018e-4,-2.57626443647907e-4,-0.0021306451612903565,-0.0021306451612902455,-0.0021306451612903565,-0.0021306451612903565,-0.0021306451612902455,-0.0021306451612903565,-0.0021306451612903565,-0.0021306451612902455,-0.0021306451612903565,-0.0021306451612903565,-0.0021306451612902455,-0.0021306451612903565,-0.0021306451612903565,-0.0021306451612902455,-0.0021306451612903565,-0.0021306451612903565,-0.0021306451612902455,-0.0021306451612903565,-0.0021306451612903565,-0.0021306451612903565,-0.0021306451612902455,-0.0021306451612903565,-0.0021306451612903565,-0.0021306451612902455,-0.0021306451612903565,-0.0021306451612903565,-0.0021306451612902455,-0.0021306451612903565,-0.0021306451612903565,-0.0021306451612902455,-0.0021306451612903565,-8.424485596707498e-4,-8.424485596708609e-4,-8.424485596707498e-4,-8.424485596707498e-4,-8.424485596707498e-4,-8.424485596708609e-4,-8.424485596707498e-4,-8.424485596707498e-4,-8.424485596707498e-4,-8.424485596708609e-4,-8.424485596707498e-4,-8.424485596707498e-4,-8.424485596707498e-4,-8.424485596708609e-4,-8.424485596707498e-4,-8.424485596707498e-4,-8.424485596708609e-4,-8.424485596707498e-4,-8.424485596707498e-4,-8.424485596707498e-4,-8.424485596708609e-4,-8.424485596707498e-4,-8.424485596707498e-4,-8.424485596707498e-4,-8.424485596708609e-4,-8.424485596707498e-4,-8.424485596707498e-4,-8.424485596707498e-4,-8.424485596708609e-4
-0.08286795351818121,0.004052016460905361,0.004052016460905361,0.004052016460905361,0.004052016460905361,0.004052016460905361,0.00405201646090525,0.004052016460905361,0.004052016460905361,0.004052016460905361,0.004052016460905361,0.004052016460905361,0.004052016460905361,0.004052016460905361,0.004052016460905361,0.00405201646090525,0.004052016460905361,0.004052016460905361,0.004052016460905361,0.004052016460905361,0.004052016460905361,0.004052016460905361,0.004052016460905361,0.004052016460905361,0.004052016460905361,0.004052016460905361,0.00405201646090525,0.004052016460905361,0.004052016460905361,0.004052016460905361,0.004052016460905361,-0.0011054759060135089,-0.0011054759060136199,-0.0011054759060135089,-0.0011054759060135089,-0.0011054759060135089,-0.0011054759060136199,-0.0011054759060135089,-0.0011054759060135089,-0.0011054759060136199,-0.0011054759060135089,-0.0011054759060135089,-0.0011054759060135089,-0.0011054759060136199,-0.0011054759060135089,-0.0011054759060135089,-0.0011054759060136199,-0.0011054759060135089,-0.0011054759060135089,-0.0011054759060136199,-0.0011054759060135089,-0.0011054759060135089,-0.0011054759060135089,-0.0011054759060136199,-0.0011054759060135089,-0.0011054759060135089,-0.0011054759060136199,-0.0011054759060135089,-0.0011054759060135089,-0.0011054759060135089,-0.0011054759060136199,-0.0011054759060135089,5.7777777777823225e-5,5.77777777777122e-5,5.7777777777823225e-5,5.77777777777122e-5,5.7777777777823225e-5,5.7777777777823225e-5,5.77777777777122e-5,5.7777777777823225e-5,5.77777777777122e-5,5.7777777777823225e-5,5.7777777777823225e-5,5.77777777777122e-5,5.7777777777823225e-5,5.77777777777122e-5,5.7777777777823225e-5,5.7777777777823225e-5,5.77777777777122e-5,5.7777777777823225e-5,5.77777777777122e-5,5.7777777777823225e-5,5.7777777777823225e-5,5.77777777777122e-5,5.7777777777823225e-5,5.77777777777122e-5,5.7777777777823225e-5,5.7777777777823225e-5,5.77777777777122e-5,5.7777777777823225e-5,5.77777777777122e-5,5.7777777777823225e-5,8.632218239744693e-4,8.632218239745804e-4,8.632218239744693e-4,8.632218239744693e-4,8.632218239745804e-4,8.632218239744693e-4,8.632218239744693e-4,8.632218239745804e-4,8.632218239744693e-4,8.632218239745804e-4,8.632218239744693e-4,8.632218239744693e-4,8.632218239745804e-4,8.632218239744693e-4,8.632218239744693e-4,8.632218239745804e-4,8.632218239744693e-4,8.632218239744693e-4,8.632218239745804e-4,8.632218239744693e-4,8.632218239744693e-4,8.632218239745804e-4,8.632218239744693e-4,8.632218239744693e-4,8.632218239745804e-4,8.632218239744693e-4,8.632218239745804e-4,8.632218239744693e-4,8.632218239744693e-4,8.632218239745804e-4,8.632218239744693e-4,-0.0015587813620071556,-0.0015587813620071556,-0.0015587813620071556,-0.0015587813620071556,-0.0015587813620071556,-0.0015587813620072666,-0.0015587813620071556,-0.0015587813620071556,-0.0015587813620071556,-0.0015587813620071556,-0.0015587813620071556,-0.0015587813620071556,-0.0015587813620071556,-0.0015587813620071556,-0.0015587813620071556,-0.0015587813620072666,-0.0015587813620071556,-0.0015587813620071556,-0.0015587813620071556,-0.0015587813620071556,-0.0015587813620071556,-0.0015587813620071556,-0.0015587813620071556,-0.0015587813620071556,-0.0015587813620071556,-0.0015587813620071556,-0.0015587813620072666,-0.0015587813620071556,-0.0015587813620071556,-0.0015587813620071556,-0.0015587813620071556,-0.0012538888888888877,-0.0012538888888888877,-0.0012538888888888877,-0.0012538888888888877,-0.0012538888888888877,-0.0012538888888888877,-0.0012538888888888877,-0.0012538888888888877,-0.0012538888888888877,-0.0012538888888888877,-0.0012538888888888877,-0.0012538888888888877,-0.0012538888888888877,-0.0012538888888888877,-0.0012538888888888877,-0.0012538888888889987,-0.0012538888888888877,-0.0012538888888888877,-0.0012538888888888877,-0.0012538888888888877,-0.0012538888888888877,-0.0012538888888888877,-0.0012538888888888877,-0.0012538888888888877,-0.0012538888888888877,-0.0012538888888888877,-0.0012538888888888877,-0.0012538888888888877,-0.0012538888888888877
0.022430332928557006,-3.219753086419752e-4,-3.219753086419752e-4,-3.219753086419752e-4,-3.219753086419752e-4,-3.219753086419752e-4,-3.219753086419752e-4,-3.219753086419752e-4,-3.219753086419752e-4,-3.219753086419752e-4,-3.219753086419752e-4,-3.219753086419752e-4,-3.219753086419752e-4,-3.219753086419752e-4,-3.219753086419752e-4,-3.219753086419752e-4,-3.219753086419752e-4,-3.219753086419752e-4,-3.219753086419752e-4,-3.219753086419752e-4,-3.219753086419752e-4,-3.219753086419752e-4,-3.219753086419752e-4,-3.219753086419752e-4,-3.219753086419752e-4,-3.219753086419752e-4,-3.219753086419752e-4,-3.219753086419752e-4,-3.219753086419752e-4,-3.219753086419752e-4,-3.219753086419752e-4,-5.808641975308948e-4,-5.808641975307838e-4,-5.808641975308948e-4,-5.808641975308948e-4,-5.808641975308948e-4,-5.808641975307838e-4,-5.808641975308948e-4,-5.808641975308948e-4,-5.808641975307838e-4,-5.808641975308948e-4,-5.808641975308948e-4,-5.808641975308948e-4,-5.808641975307838e-4,-5.808641975308948e-4,-5.808641975308948e-4,-5.808641975307838e-4,-5.808641975308948e-4,-5.808641975308948e-4,-5.808641975307838e-4,-5.808641975308948e-4,-5.808641975308948e-4,-5.808641975308948e-4,-5.808641975307838e-4,-5.808641975308948e-4,-5.808641975308948e-4,-5.808641975307838e-4,-5.808641975308948e-4,-5.808641975308948e-4,-5.808641975308948e-4,-5.808641975307838e-4,-5.808641975308948e-4,-4.587860082304607e-4,-4.587860082304607e-4,-4.587860082304607e-4,-4.587860082304607e-4,-4.587860082304607e-4,-4.587860082304607e-4,-4.587860082304607e-4,-4.5878600823034965e-4,-4.587860082304607e-4,-4.587860082304607e-4,-4.587860082304607e-4,-4.587860082304607e-4,-4.587860082304607e-4,-4.587860082304607e-4,-4.587860082304607e-4,-4.587860082304607e-4,-4.587860082304607e-4,-4.587860082304607e-4,-4.587860082304607e-4,-4.587860082304607e-4,-4.587860082304607e-4,-4.587860082304607e-4,-4.5878600823034965e-4,-4.587860082304607e-4,-4.587860082304607e-4,-4.587860082304607e-4,-4.587860082304607e-4,-4.587860082304607e-4,-4.587860082304607e-4,-4.587860082304607e-4,0.0010284747112704329,0.0010284747112704329,0.0010284747112703219,0.0010284747112704329,0.0010284747112704329,0.0010284747112704329,0.0010284747112703219,0.0010284747112704329,0.0010284747112704329,0.0010284747112704329,0.0010284747112704329,0.0010284747112703219,0.0010284747112704329,0.0010284747112704329,0.0010284747112704329,0.0010284747112703219,0.0010284747112704329,0.0010284747112704329,0.0010284747112704329,0.0010284747112703219,0.0010284747112704329,0.0010284747112704329,0.0010284747112704329,0.0010284747112704329,0.0010284747112703219,0.0010284747112704329,0.0010284747112704329,0.0010284747112704329,0.0010284747112703219,0.0010284747112704329,0.0010284747112704329,-7.203504579849085e-4,-7.203504579847975e-4,-7.203504579849085e-4,-7.203504579847975e-4,-7.203504579849085e-4,-7.203504579849085e-4,-7.203504579847975e-4,-7.203504579849085e-4,-7.203504579849085e-4,-7.203504579847975e-4,-7.203504579849085e-4,-7.203504579847975e-4,-7.203504579849085e-4,-7.203504579849085e-4,-7.203504579847975e-4,-7.203504579849085e-4,-7.203504579847975e-4,-7.203504579849085e-4,-7.203504579849085e-4,-7.203504579847975e-4,-7.203504579849085e-4,-7.203504579849085e-4,-7.203504579847975e-4,-7.203504579849085e-4,-7.203504579847975e-4,-7.203504579849085e-4,-7.203504579849085e-4,-7.203504579847975e-4,-7.203504579849085e-4,-7.203504579847975e-4,-7.203504579849085e-4,6.37448559670517e-5,6.37448559670517e-5,6.374485596716273e-5,6.37448559670517e-5,6.37448559670517e-5,6.37448559670517e-5,6.374485596716273e-5,6.37448559670517e-5,6.37448559670517e-5,6.37448559670517e-5,6.374485596716273e-5,6.37448559670517e-5,6.37448559670517e-5,6.37448559670517e-5,6.374485596716273e-5,6.37448559670517e-5,6.37448559670517e-5,6.37448559670517e-5,6.37448559670517e-5,6.374485596716273e-5,6.37448559670517e-5,6.37448559670517e-5,6.37448559670517e-5,6.374485596716273e-5,6.37448559670517e-5,6.37448559670517e-5,6.37448559670517e-5,6.374485596716273e-5,6.37448559670517e-5
-0.003772714700128188,0.0031920781893004513,0.0031920781893003403,0.0031920781893004513,0.0031920781893004513,0.0031920781893003403,0.0031920781893004513,0.0031920781893003403,0.0031920781893004513,0.0031920781893004513,0.0031920781893003403,0.0031920781893004513,0.0031920781893004513,0.0031920781893003403,0.0031920781893004513,0.0031920781893003403,0.0031920781893004513,0.0031920781893004513,0.0031920781893003403,0.0031920781893004513,0.0031920781893004513,0.0031920781893003403,0.0031920781893004513,0.0031920781893004513,0.0031920781893003403,0.0031920781893004513,0.0031920781893003403,0.0031920781893004513,0.0031920781893004513,0.0031920781893003403,0.0031920781893004513,-0.0028440661091199138,-0.0028440661091198027,-0.0028440661091199138,-0.0028440661091198027,-0.0028440661091199138,-0.0028440661091199138,-0.0028440661091198027,-0.0028440661091199138,-0.0028440661091199138,-0.0028440661091198027,-0.0028440661091199138,-0.0028440661091198027,-0.0028440661091199138,-0.0028440661091199138,-0.0028440661091198027,-0.0028440661091199138,-0.0028440661091198027,-0.0028440661091199138,-0.0028440661091199138,-0.0028440661091198027,-0.0028440661091199138,-0.0028440661091198027,-0.0028440661091199138,-0.0028440661091199138,-0.0028440661091198027,-0.0028440661091199138,-0.0028440661091199138,-0.0028440661091198027,-0.0028440661091199138,-0.0028440661091198027,-0.0028440661091199138,0.0012133333333332885,0.0012133333333333995,0.0012133333333332885,0.0012133333333333995,0.0012133333333332885,0.0012133333333332885,0.0012133333333333995,0.0012133333333332885,0.0012133333333333995,0.0012133333333332885,0.0012133333333332885,0.0012133333333333995,0.0012133333333332885,0.0012133333333333995,0.0012133333333332885,0.0012133333333332885,0.0012133333333333995,0.0012133333333332885,0.0012133333333333995,0.0012133333333332885,0.0012133333333332885,0.0012133333333333995,0.0012133333333332885,0.0012133333333333995,0.0012133333333332885,0.0012133333333332885,0.0012133333333333995,0.0012133333333332885,0.0012133333333333995,0.0012133333333332885,-0.0029947630426124805,-0.0029947630426124805,-0.0029947630426125915,-0.0029947630426124805,-0.0029947630426124805,-0.0029947630426124805,-0.0029947630426125915,-0.0029947630426124805,-0.0029947630426124805,-0.0029947630426124805,-0.0029947630426125915,-0.0029947630426124805,-0.0029947630426124805,-0.0029947630426124805,-0.0029947630426124805,-0.0029947630426125915,-0.0029947630426124805,-0.0029947630426124805,-0.0029947630426124805,-0.0029947630426124805,-0.0029947630426125915,-0.0029947630426124805,-0.0029947630426124805,-0.0029947630426124805,-0.0029947630426125915,-0.0029947630426124805,-0.0029947630426124805,-0.0029947630426124805,-0.0029947630426125915,-0.0029947630426124805,-0.0029947630426124805,-5.97650338510558e-4,-5.97650338510558e-4,-5.97650338510558e-4,-5.97650338510558e-4,-5.97650338510558e-4,-5.97650338510558e-4,-5.97650338510558e-4,-5.97650338510558e-4,-5.97650338510558e-4,-5.97650338510558e-4,-5.97650338510558e-4,-5.97650338510558e-4,-5.97650338510558e-4,-5.97650338510558e-4,-5.97650338510558e-4,-5.97650338510447e-4,-5.97650338510558e-4,-5.97650338510558e-4,-5.97650338510558e-4,-5.97650338510558e-4,-5.97650338510558e-4,-5.97650338510558e-4,-5.97650338510558e-4,-5.97650338510558e-4,-5.97650338510558e-4,-5.97650338510558e-4,-5.97650338510558e-4,-5.97650338510558e-4,-5.97650338510558e-4,-5.97650338510558e-4,-5.97650338510558e-4,0.0017051646090534556,0.0017051646090535666,0.0017051646090534556,0.0017051646090534556,0.0017051646090535666,0.0017051646090534556,0.0017051646090535666,0.0017051646090534556,0.0017051646090534556,0.0017051646090535666,0.0017051646090534556,0.0017051646090534556,0.0017051646090535666,0.0017051646090534556,0.0017051646090535666,0.0017051646090534556,0.0017051646090534556,0.0017051646090535666,0.0017051646090534556,0.0017051646090534556,0.0017051646090535666,0.0017051646090534556,0.0017051646090534556,0.0017051646090535666,0.0017051646090534556,0.0017051646090535666,0.0017051646090534556,0.0017051646090534556,0.0017051646090535666
-0.034208385616946724,-0.002376810699588505,-0.002376810699588394,-0.002376810699588505,-0.002376810699588505,-0.002376810699588505,-0.002376810699588394,-0.002376810699588505,-0.002376810699588505,-0.002376810699588505,-0.002376810699588394,-0.002376810699588505,-0.002376810699588505,-0.002376810699588505,-0.002376810699588394,-0.002376810699588505,-0.002376810699588505,-0.002376810699588394,-0.002376810699588505,-0.002376810699588505,-0.002376810699588505,-0.002376810699588394,-0.002376810699588505,-0.002376810699588505,-0.002376810699588505,-0.002376810699588394,-0.002376810699588505,-0.002376810699588505,-0.002376810699588394,-0.002376810699588505,-0.002376810699588505,0.004807228195937929,0.004807228195937818,0.004807228195937929,0.004807228195937818,0.004807228195937929,0.004807228195937818,0.004807228195937929,0.004807228195937818,0.004807228195937929,0.004807228195937818,0.004807228195937929,0.004807228195937818,0.004807228195937929,0.004807228195937818,0.004807228195937929,0.004807228195937818,0.004807228195937929,0.004807228195937818,0.004807228195937929,0.004807228195937818,0.004807228195937929,0.004807228195937818,0.004807228195937929,0.004807228195937818,0.004807228195937929,0.004807228195937929,0.004807228195937818,0.004807228195937818,0.004807228195937929,0.004807228195937929,0.004807228195937818,-8.07798353909428e-4,-8.07798353909539e-4,-8.07798353909428e-4,-8.07798353909428e-4,-8.07798353909539e-4,-8.07798353909428e-4,-8.07798353909428e-4,-8.07798353909539e-4,-8.07798353909428e-4,-8.07798353909428e-4,-8.07798353909539e-4,-8.07798353909428e-4,-8.07798353909428e-4,-8.07798353909539e-4,-8.07798353909428e-4,-8.07798353909428e-4,-8.07798353909539e-4,-8.07798353909428e-4,-8.07798353909428e-4,-8.07798353909539e-4,-8.07798353909428e-4,-8.07798353909428e-4,-8.07798353909539e-4,-8.07798353909428e-4,-8.07798353909428e-4,-8.07798353909539e-4,-8.07798353909428e-4,-8.07798353909428e-4,-8.07798353909539e-4,-8.07798353909428e-4,-1.1025487853444371e-4,-1.1025487853444371e-4,-1.1025487853444371e-4,-1.1025487853444371e-4,-1.1025487853444371e-4,-1.1025487853444371e-4,-1.1025487853444371e-4,-1.1025487853455473e-4,-1.1025487853444371e-4,-1.1025487853444371e-4,-1.1025487853444371e-4,-1.1025487853444371e-4,-1.1025487853444371e-4,-1.1025487853444371e-4,-1.1025487853444371e-4,-1.1025487853444371e-4,-1.1025487853444371e-4,-1.1025487853444371e-4,-1.1025487853444371e-4,-1.1025487853444371e-4,-1.1025487853444371e-4,-1.1025487853444371e-4,-1.1025487853444371e-4,-1.1025487853455473e-4,-1.1025487853444371e-4,-1.1025487853444371e-4,-1.1025487853444371e-4,-1.1025487853444371e-4,-1.1025487853444371e-4,-1.1025487853444371e-4,-1.1025487853444371e-4,1.6365989645561463e-4,1.6365989645561463e-4,1.636598964555036e-4,1.6365989645561463e-4,1.6365989645561463e-4,1.6365989645561463e-4,1.6365989645561463e-4,1.636598964555036e-4,1.6365989645561463e-4,1.6365989645561463e-4,1.6365989645561463e-4,1.6365989645561463e-4,1.636598964555036e-4,1.6365989645561463e-4,1.6365989645561463e-4,1.6365989645561463e-4,1.6365989645561463e-4,1.6365989645561463e-4,1.636598964555036e-4,1.6365989645561463e-4,1.6365989645561463e-4,1.6365989645561463e-4,1.6365989645561463e-4,1.636598964555036e-4,1.6365989645561463e-4,1.6365989645561463e-4,1.6365989645561463e-4,1.6365989645561463e-4,1.636598964555036e-4,1.6365989645561463e-4,1.6365989645561463e-4,9.18806584362164e-4,9.18806584362164e-4,9.18806584362164e-4,9.18806584362053e-4,9.18806584362164e-4,9.18806584362164e-4,9.18806584362164e-4,9.18806584362164e-4,9.18806584362053e-4,9.18806584362164e-4,9.18806584362164e-4,9.18806584362164e-4,9.18806584362164e-4,9.18806584362164e-4,9.18806584362164e-4,9.18806584362053e-4,9.18806584362164e-4,9.18806584362164e-4,9.18806584362164e-4,9.18806584362164e-4,9.18806584362053e-4,9.18806584362164e-4,9.18806584362164e-4,9.18806584362164e-4,9.18806584362164e-4,9.18806584362164e-4,9.18806584362164e-4,9.18806584362053e-4,9.18806584362164e-4
-0.01845866221412673,8.364197530864592e-4,8.364197530863482e-4,8.364197530864592e-4,8.364197530864592e-4,8.364197530863482e-4,8.364197530864592e-4,8.364197530863482e-4,8.364197530864592e-4,8.364197530864592e-4,8.364197530863482e-4,8.364197530864592e-4,8.364197530864592e-4,8.364197530863482e-4,8.364197530864592e-4,8.364197530863482e-4,8.364197530864592e-4,8.364197530864592e-4,8.364197530863482e-4,8.364197530864592e-4,8.364197530864592e-4,8.364197530863482e-4,8.364197530864592e-4,8.364197530864592e-4,8.364197530863482e-4,8.364197530864592e-4,8.364197530863482e-4,8.364197530864592e-4,8.364197530864592e-4,8.364197530863482e-4,8.364197530864592e-4,-3.1274392672242524e-4,-3.1274392672242524e-4,-3.1274392672242524e-4,-3.1274392672242524e-4,-3.1274392672242524e-4,-3.1274392672242524e-4,-3.1274392672242524e-4,-3.1274392672242524e-4,-3.1274392672242524e-4,-3.1274392672242524e-4,-3.1274392672242524e-4,-3.1274392672242524e-4,-3.1274392672242524e-4,-3.1274392672242524e-4,-3.1274392672242524e-4,-3.127439267223142e-4,-3.1274392672242524e-4,-3.1274392672242524e-4,-3.1274392672242524e-4,-3.1274392672242524e-4,-3.1274392672242524e-4,-3.1274392672242524e-4,-3.1274392672242524e-4,-3.1274392672242524e-4,-3.1274392672242524e-4,-3.1274392672242524e-4,-3.1274392672242524e-4,-3.1274392672242524e-4,-3.1274392672242524e-4,-3.1274392672242524e-4,-3.1274392672242524e-4,-1.3339506172838078e-4,-1.3339506172838078e-4,-1.3339506172838078e-4,-1.3339506172838078e-4,-1.3339506172838078e-4,-1.333950617284918e-4,-1.3339506172838078e-4,-1.3339506172838078e-4,-1.3339506172838078e-4,-1.3339506172838078e-4,-1.3339506172838078e-4,-1.3339506172838078e-4,-1.3339506172838078e-4,-1.3339506172838078e-4,-1.333950617284918e-4,-1.3339506172838078e-4,-1.3339506172838078e-4,-1.3339506172838078e-4,-1.3339506172838078e-4,-1.3339506172838078e-4,-1.3339506172838078e-4,-1.3339506172838078e-4,-1.3339506172838078e-4,-1.3339506172838078e-4,-1.3339506172838078e-4,-1.333950617284918e-4,-1.3339506172838078e-4,-1.3339506172838078e-4,-1.3339506172838078e-4,-1.3339506172838078e-4,6.389884508162247e-5,6.389884508162247e-5,6.389884508162247e-5,6.389884508173349e-5,6.389884508162247e-5,6.389884508162247e-5,6.389884508162247e-5,6.389884508162247e-5,6.389884508162247e-5,6.389884508173349e-5,6.389884508162247e-5,6.389884508162247e-5,6.389884508162247e-5,6.389884508162247e-5,6.389884508162247e-5,6.389884508173349e-5,6.389884508162247e-5,6.389884508162247e-5,6.389884508162247e-5,6.389884508162247e-5,6.389884508162247e-5,6.389884508173349e-5,6.389884508162247e-5,6.389884508162247e-5,6.389884508162247e-5,6.389884508162247e-5,6.389884508162247e-5,6.389884508173349e-5,6.389884508162247e-5,6.389884508162247e-5,6.389884508162247e-5,3.9649542015129935e-4,3.9649542015141037e-4,3.9649542015129935e-4,3.9649542015129935e-4,3.9649542015129935e-4,3.9649542015141037e-4,3.9649542015129935e-4,3.9649542015129935e-4,3.9649542015141037e-4,3.9649542015129935e-4,3.9649542015129935e-4,3.9649542015129935e-4,3.9649542015141037e-4,3.9649542015129935e-4,3.9649542015129935e-4,3.9649542015141037e-4,3.9649542015129935e-4,3.9649542015129935e-4,3.9649542015141037e-4,3.9649542015129935e-4,3.9649542015129935e-4,3.9649542015129935e-4,3.9649542015141037e-4,3.9649542015129935e-4,3.9649542015129935e-4,3.9649542015141037e-4,3.9649542015129935e-4,3.9649542015129935e-4,3.9649542015129935e-4,3.9649542015141037e-4,3.9649542015129935e-4,5.188271604937844e-4,5.188271604938954e-4,5.188271604937844e-4,5.188271604938954e-4,5.188271604937844e-4,5.188271604937844e-4,5.188271604938954e-4,5.188271604937844e-4,5.188271604938954e-4,5.188271604937844e-4,5.188271604937844e-4,5.188271604938954e-4,5.188271604937844e-4,5.188271604938954e-4,5.188271604937844e-4,5.188271604937844e-4,5.188271604938954e-4,5.188271604937844e-4,5.188271604938954e-4,5.188271604937844e-4,5.188271604937844e-4,5.188271604938954e-4,5.188271604937844e-4,5.188271604938954e-4,5.188271604937844e-4,5.188271604937844e-4,5.188271604938954e-4,5.188271604937844e-4,5.188271604938954e-4
-0.003081338123187005,0.002221316872427992,0.002221316872427992,0.002221316872427992,0.002221316872427992,0.002221316872427992,0.002221316872427992,0.002221316872427992,0.002221316872427881,0.002221316872427992,0.002221316872427992,0.002221316872427992,0.002221316872427992,0.002221316872427992,0.002221316872427992,0.002221316872427992,0.002221316872427992,0.002221316872427992,0.002221316872427992,0.002221316872427992,0.002221316872427992,0.002221316872427992,0.002221316872427881,0.002221316872428103,0.002221316872427881,0.002221316872427992,0.002221316872427992,0.002221316872427992,0.002221316872427992,0.002221316872427992,0.002221316872427992,-0.0024506371963360918,-0.002450637196336203,-0.0024506371963360918,-0.0024506371963360918,-0.0024506371963360918,-0.002450637196336203,-0.0024506371963360918,-0.0024506371963360918,-0.002450637196336203,-0.0024506371963360918,-0.0024506371963360918,-0.0024506371963360918,-0.002450637196336203,-0.0024506371963360918,-0.0024506371963360918,-0.002450637196336203,-0.0024506371963360918,-0.0024506371963360918,-0.0024506371963360918,-0.002450637196336203,-0.0024506371963360918,-0.0024506371963360918,-0.002450637196336203,-0.0024506371963360918,-0.0024506371963360918,-0.002450637196336203,-0.0024506371963360918,-0.0024506371963360918,-0.0024506371963360918,-0.002450637196336203,-0.0024506371963360918,-0.0016647119341564043,-0.0016647119341562933,-0.0016647119341564043,-0.0016647119341564043,-0.0016647119341564043,-0.0016647119341562933,-0.0016647119341564043,-0.0016647119341564043,-0.0016647119341564043,-0.0016647119341562933,-0.0016647119341564043,-0.0016647119341564043,-0.0016647119341564043,-0.0016647119341562933,-0.0016647119341564043,-0.0016647119341564043,-0.0016647119341562933,-0.0016647119341564043,-0.0016647119341564043,-0.0016647119341564043,-0.0016647119341562933,-0.0016647119341564043,-0.0016647119341564043,-0.0016647119341564043,-0.0016647119341562933,-0.0016647119341564043,-0.0016647119341564043,-0.0016647119341564043,-0.0016647119341562933,-0.0016647119341564043,0.0029352050975707256,0.0029352050975706145,0.0029352050975707256,0.0029352050975707256,0.0029352050975706145,0.0029352050975707256,0.0029352050975706145,0.0029352050975707256,0.0029352050975707256,0.0029352050975706145,0.0029352050975707256,0.0029352050975707256,0.0029352050975706145,0.0029352050975707256,0.0029352050975707256,0.0029352050975706145,0.0029352050975707256,0.0029352050975707256,0.0029352050975706145,0.0029352050975707256,0.0029352050975707256,0.0029352050975706145,0.0029352050975707256,0.0029352050975707256,0.0029352050975706145,0.0029352050975707256,0.0029352050975706145,0.0029352050975707256,0.0029352050975707256,0.0029352050975706145,0.0029352050975707256,-3.395659099960646e-4,-3.395659099959536e-4,-3.395659099960646e-4,-3.395659099959536e-4,-3.395659099960646e-4,-3.395659099959536e-4,-3.395659099960646e-4,-3.395659099959536e-4,-3.395659099960646e-4,-3.395659099959536e-4,-3.395659099960646e-4,-3.395659099960646e-4,-3.395659099959536e-4,-3.395659099960646e-4,-3.395659099959536e-4,-3.395659099960646e-4,-3.395659099959536e-4,-3.395659099960646e-4,-3.395659099959536e-4,-3.395659099960646e-4,-3.395659099960646e-4,-3.395659099959536e-4,-3.395659099960646e-4,-3.395659099959536e-4,-3.395659099960646e-4,-3.395659099959536e-4,-3.395659099960646e-4,-3.395659099959536e-4,-3.395659099960646e-4,-3.395659099959536e-4,-3.395659099960646e-4,-0.0030190123456790285,-0.0030190123456790285,-0.0030190123456790285,-0.0030190123456789175,-0.0030190123456790285,-0.0030190123456790285,-0.0030190123456790285,-0.0030190123456790285,-0.0030190123456790285,-0.0030190123456790285,-0.0030190123456789175,-0.0030190123456790285,-0.0030190123456790285,-0.0030190123456790285,-0.0030190123456790285,-0.0030190123456790285,-0.0030190123456790285,-0.0030190123456790285,-0.0030190123456789175,-0.0030190123456790285,-0.0030190123456790285,-0.0030190123456790285,-0.0030190123456790285,-0.0030190123456790285,-0.0030190123456790285,-0.0030190123456789175,-0.0030190123456790285,-0.0030190123456790285,-0.0030190123456790285
0.028354889361128066,4.5806584362140246e-4,4.5806584362140246e-4,4.5806584362140246e-4,4.5806584362140246e-4,4.5806584362140246e-4,4.5806584362140246e-4,4.5806584362140246e-4,4.5806584362129144e-4,4.5806584362140246e-4,4.5806584362140246e-4,4.5806584362140246e-4,4.5806584362140246e-4,4.5806584362140246e-4,4.5806584362140246e-4,4.5806584362140246e-4,4.5806584362140246e-4,4.5806584362140246e-4,4.5806584362140246e-4,4.5806584362140246e-4,4.5806584362140246e-4,4.5806584362140246e-4,4.5806584362140246e-4,4.5806584362129144e-4,4.5806584362140246e-4,4.5806584362140246e-4,4.5806584362140246e-4,4.5806584362140246e-4,4.5806584362140246e-4,4.5806584362140246e-4,4.5806584362140246e-4,1.1256471525289413e-4,1.1256471525289413e-4,1.1256471525289413e-4,1.1256471525289413e-4,1.1256471525289413e-4,1.1256471525289413e-4,1.1256471525289413e-4,1.1256471525278311e-4,1.1256471525289413e-4,1.1256471525289413e-4,1.1256471525289413e-4,1.1256471525289413e-4,1.1256471525289413e-4,1.1256471525289413e-4,1.1256471525289413e-4,1.1256471525289413e-4,1.1256471525289413e-4,1.1256471525289413e-4,1.1256471525289413e-4,1.1256471525289413e-4,1.1256471525289413e-4,1.1256471525289413e-4,1.1256471525289413e-4,1.1256471525278311e-4,1.1256471525289413e-4,1.1256471525289413e-4,1.1256471525289413e-4,1.1256471525289413e-4,1.1256471525289413e-4,1.1256471525289413e-4,1.1256471525289413e-4,-0.0019386625514403732,-0.0019386625514402622,-0.0019386625514403732,-0.0019386625514402622,-0.0019386625514403732,-0.0019386625514403732,-0.0019386625514402622,-0.0019386625514403732,-0.0019386625514402622,-0.0019386625514403732,-0.0019386625514403732,-0.0019386625514402622,-0.0019386625514403732,-0.0019386625514402622,-0.0019386625514403732,-0.0019386625514403732,-0.0019386625514402622,-0.0019386625514403732,-0.0019386625514402622,-0.0019386625514403732,-0.0019386625514403732,-0.0019386625514402622,-0.0019386625514403732,-0.0019386625514402622,-0.0019386625514403732,-0.0019386625514403732,-0.0019386625514402622,-0.0019386625514403732,-0.0019386625514402622,-0.0019386625514403732,-0.0017833134209478407,-0.0017833134209478407,-0.0017833134209478407,-0.0017833134209478407,-0.0017833134209478407,-0.0017833134209477297,-0.0017833134209478407,-0.0017833134209478407,-0.0017833134209478407,-0.0017833134209478407,-0.0017833134209478407,-0.0017833134209478407,-0.0017833134209478407,-0.0017833134209478407,-0.0017833134209478407,-0.0017833134209477297,-0.0017833134209478407,-0.0017833134209478407,-0.0017833134209478407,-0.0017833134209478407,-0.0017833134209478407,-0.0017833134209478407,-0.0017833134209478407,-0.0017833134209478407,-0.0017833134209478407,-0.0017833134209478407,-0.0017833134209477297,-0.0017833134209478407,-0.0017833134209478407,-0.0017833134209478407,-0.0017833134209478407,0.001734647550776569,0.001734647550776569,0.001734647550776569,0.00173464755077668,0.001734647550776569,0.001734647550776569,0.001734647550776569,0.001734647550776569,0.001734647550776569,0.00173464755077668,0.001734647550776569,0.001734647550776569,0.001734647550776569,0.001734647550776569,0.001734647550776569,0.00173464755077668,0.001734647550776569,0.001734647550776569,0.001734647550776569,0.001734647550776569,0.001734647550776569,0.00173464755077668,0.001734647550776569,0.001734647550776569,0.001734647550776569,0.001734647550776569,0.001734647550776569,0.001734647550776569,0.00173464755077668,0.001734647550776569,0.001734647550776569,1.5843621399169727e-5,1.5843621399169727e-5,1.5843621399169727e-5,1.5843621399169727e-5,1.5843621399169727e-5,1.5843621399169727e-5,1.5843621399169727e-5,1.5843621399169727e-5,1.5843621399169727e-5,1.5843621399169727e-5,1.5843621399169727e-5,1.5843621399169727e-5,1.5843621399169727e-5,1.5843621399169727e-5,1.584362139928075e-5,1.5843621399169727e-5,1.5843621399169727e-5,1.5843621399169727e-5,1.5843621399169727e-5,1.5843621399169727e-5,1.5843621399169727e-5,1.5843621399169727e-5,1.5843621399169727e-5,1.5843621399169727e-5,1.5843621399169727e-5,1.5843621399169727e-5,1.5843621399169727e-5,1.5843621399169727e-5,1.5843621399169727e-5
0.004779356405585911,0.001739032921810657,0.001739032921810768,0.001739032921810657,0.001739032921810768,0.001739032921810657,0.001739032921810657,0.001739032921810768,0.001739032921810657,0.001739032921810768,0.001739032921810657,0.001739032921810657,0.001739032921810768,0.001739032921810657,0.001739032921810768,0.001739032921810657,0.001739032921810657,0.001739032921810768,0.001739032921810657,0.001739032921810768,0.001739032921810657,0.001739032921810657,0.001739032921810768,0.001739032921810657,0.001739032921810768,0.001739032921810657,0.001739032921810657,0.001739032921810768,0.001739032921810657,0.001739032921810768,0.001739032921810657,-0.0019779171644762616,-0.0019779171644763727,-0.0019779171644762616,-0.0019779171644763727,-0.0019779171644762616,-0.0019779171644762616,-0.0019779171644763727,-0.0019779171644762616,-0.0019779171644763727,-0.0019779171644762616,-0.0019779171644762616,-0.0019779171644763727,-0.0019779171644762616,-0.0019779171644762616,-0.0019779171644763727,-0.0019779171644762616,-0.0019779171644763727,-0.0019779171644762616,-0.0019779171644762616,-0.0019779171644763727,-0.0019779171644762616,-0.0019779171644763727,-0.0019779171644762616,-0.0019779171644762616,-0.0019779171644763727,-0.0019779171644762616,-0.0019779171644762616,-0.0019779171644763727,-0.0019779171644762616,-0.0019779171644763727,-0.0019779171644762616,2.1292181069954008e-4,2.129218106996511e-4,2.1292181069954008e-4,2.129218106996511e-4,2.1292181069954008e-4,2.1292181069954008e-4,2.129218106996511e-4,2.1292181069954008e-4,2.129218106996511e-4,2.1292181069954008e-4,2.1292181069954008e-4,2.129218106996511e-4,2.1292181069954008e-4,2.129218106996511e-4,2.1292181069954008e-4,2.1292181069954008e-4,2.129218106996511e-4,2.1292181069954008e-4,2.129218106996511e-4,2.1292181069954008e-4,2.1292181069954008e-4,2.129218106996511e-4,2.1292181069954008e-4,2.129218106996511e-4,2.1292181069954008e-4,2.1292181069954008e-4,2.129218106996511e-4,2.1292181069954008e-4,2.129218106996511e-4,2.1292181069954008e-4,-0.0014266626841895613,-0.0014266626841895613,-0.0014266626841895613,-0.0014266626841895613,-0.0014266626841895613,-0.0014266626841895613,-0.0014266626841895613,-0.0014266626841895613,-0.0014266626841895613,-0.0014266626841895613,-0.0014266626841895613,-0.0014266626841895613,-0.0014266626841895613,-0.0014266626841895613,-0.0014266626841896723,-0.0014266626841894503,-0.0014266626841896723,-0.0014266626841895613,-0.0014266626841895613,-0.0014266626841895613,-0.0014266626841895613,-0.0014266626841895613,-0.0014266626841895613,-0.0014266626841895613,-0.0014266626841895613,-0.0014266626841895613,-0.0014266626841895613,-0.0014266626841895613,-0.0014266626841895613,-0.0014266626841895613,-0.0014266626841895613,0.0010731182795699068,0.0010731182795699068,0.0010731182795699068,0.0010731182795697958,0.0010731182795699068,0.0010731182795699068,0.0010731182795699068,0.0010731182795699068,0.0010731182795699068,0.0010731182795699068,0.0010731182795699068,0.0010731182795697958,0.0010731182795699068,0.0010731182795699068,0.0010731182795699068,0.0010731182795699068,0.0010731182795699068,0.0010731182795699068,0.0010731182795699068,0.0010731182795697958,0.0010731182795699068,0.0010731182795699068,0.0010731182795699068,0.0010731182795699068,0.0010731182795699068,0.0010731182795699068,0.0010731182795699068,0.0010731182795697958,0.0010731182795699068,0.0010731182795699068,0.0010731182795699068,-6.693415637859523e-5,-6.693415637859523e-5,-6.693415637859523e-5,-6.693415637859523e-5,-6.693415637859523e-5,-6.693415637859523e-5,-6.693415637859523e-5,-6.693415637859523e-5,-6.693415637859523e-5,-6.693415637859523e-5,-6.693415637859523e-5,-6.693415637859523e-5,-6.693415637859523e-5,-6.693415637859523e-5,-6.693415637870626e-5,-6.693415637859523e-5,-6.693415637859523e-5,-6.693415637859523e-5,-6.693415637859523e-5,-6.693415637859523e-5,-6.693415637859523e-5,-6.693415637859523e-5,-6.693415637859523e-5,-6.693415637859523e-5,-6.693415637859523e-5,-6.693415637859523e-5,-6.693415637859523e-5,-6.693415637859523e-5,-6.693415637859523e-5
0.044022406058152885,0.0021835390946501887,0.0021835390946501887,0.0021835390946501887,0.0021835390946502997,0.0021835390946501887,0.0021835390946501887,0.0021835390946501887,0.0021835390946501887,0.0021835390946501887,0.0021835390946501887,0.0021835390946501887,0.0021835390946502997,0.0021835390946501887,0.0021835390946501887,0.0021835390946501887,0.0021835390946501887,0.0021835390946501887,0.0021835390946501887,0.0021835390946502997,0.0021835390946501887,0.0021835390946501887,0.0021835390946501887,0.0021835390946501887,0.0021835390946501887,0.0021835390946501887,0.0021835390946502997,0.0021835390946501887,0.0021835390946501887,0.0021835390946501887,0.0021835390946501887,-0.002764974113898866,-0.002764974113898866,-0.002764974113898755,-0.002764974113898866,-0.002764974113898866,-0.002764974113898866,-0.002764974113898866,-0.002764974113898755,-0.002764974113898866,-0.002764974113898866,-0.002764974113898866,-0.002764974113898866,-0.002764974113898866,-0.002764974113898755,-0.002764974113898866,-0.002764974113898866,-0.002764974113898866,-0.002764974113898866,-0.002764974113898755,-0.002764974113898866,-0.002764974113898866,-0.002764974113898866,-0.002764974113898866,-0.002764974113898755,-0.002764974113898866,-0.002764974113898866,-0.002764974113898866,-0.002764974113898755,-0.002764974113898866,-0.002764974113898866,-0.002764974113898866,-0.0010717489711934425,-0.0010717489711934425,-0.0010717489711933315,-0.0010717489711934425,-0.0010717489711934425,-0.0010717489711934425,-0.0010717489711933315,-0.0010717489711934425,-0.0010717489711934425,-0.0010717489711934425,-0.0010717489711933315,-0.0010717489711934425,-0.0010717489711934425,-0.0010717489711934425,-0.0010717489711934425,-0.0010717489711933315,-0.0010717489711934425,-0.0010717489711934425,-0.0010717489711934425,-0.0010717489711933315,-0.0010717489711934425,-0.0010717489711934425,-0.0010717489711934425,-0.0010717489711933315,-0.0010717489711934425,-0.0010717489711934425,-0.0010717489711934425,-0.0010717489711933315,-0.0010717489711934425,-0.0010717489711934425,-7.563520509756838e-4,-7.563520509756838e-4,-7.563520509757948e-4,-7.563520509756838e-4,-7.563520509756838e-4,-7.563520509756838e-4,-7.563520509756838e-4,-7.563520509757948e-4,-7.563520509756838e-4,-7.563520509756838e-4,-7.563520509756838e-4,-7.563520509756838e-4,-7.563520509757948e-4,-7.563520509756838e-4,-7.563520509756838e-4,-7.563520509756838e-4,-7.563520509756838e-4,-7.563520509756838e-4,-7.563520509757948e-4,-7.563520509756838e-4,-7.563520509756838e-4,-7.563520509756838e-4,-7.563520509756838e-4,-7.563520509757948e-4,-7.563520509756838e-4,-7.563520509756838e-4,-7.563520509756838e-4,-7.563520509756838e-4,-7.563520509757948e-4,-7.563520509756838e-4,-7.563520509756838e-4,-0.0010752289924332858,-0.0010752289924332858,-0.0010752289924332858,-0.0010752289924332858,-0.0010752289924332858,-0.0010752289924332858,-0.0010752289924332858,-0.0010752289924333969,-0.0010752289924332858,-0.0010752289924332858,-0.0010752289924332858,-0.0010752289924332858,-0.0010752289924332858,-0.0010752289924332858,-0.0010752289924332858,-0.0010752289924332858,-0.0010752289924332858,-0.0010752289924332858,-0.0010752289924332858,-0.0010752289924332858,-0.0010752289924332858,-0.0010752289924332858,-0.0010752289924333969,-0.0010752289924332858,-0.0010752289924332858,-0.0010752289924332858,-0.0010752289924332858,-0.0010752289924332858,-0.0010752289924332858,-0.0010752289924332858,-0.0010752289924332858,-0.0013319341563785558,-0.0013319341563786669,-0.0013319341563785558,-0.0013319341563786669,-0.0013319341563785558,-0.0013319341563785558,-0.0013319341563786669,-0.0013319341563785558,-0.0013319341563786669,-0.0013319341563785558,-0.0013319341563785558,-0.0013319341563786669,-0.0013319341563785558,-0.0013319341563786669,-0.0013319341563785558,-0.0013319341563785558,-0.0013319341563786669,-0.0013319341563785558,-0.0013319341563786669,-0.0013319341563785558,-0.0013319341563785558,-0.0013319341563786669,-0.0013319341563785558,-0.0013319341563786669,-0.0013319341563785558,-0.0013319341563785558,-0.0013319341563786669,-0.0013319341563785558,-0.0013319341563786669
-0.025297148013222692,0.0043405967078189445,0.0043405967078189445,0.0043405967078189445,0.0043405967078188334,0.0043405967078189445,0.0043405967078189445,0.0043405967078189445,0.0043405967078189445,0.0043405967078189445,0.0043405967078189445,0.0043405967078188334,0.0043405967078189445,0.0043405967078189445,0.0043405967078189445,0.0043405967078189445,0.0043405967078189445,0.0043405967078189445,0.0043405967078189445,0.0043405967078188334,0.0043405967078189445,0.0043405967078189445,0.0043405967078189445,0.0043405967078189445,0.0043405967078189445,0.0043405967078189445,0.0043405967078189445,0.0043405967078188334,0.0043405967078189445,0.0043405967078189445,0.0043405967078189445,-0.001544504181600903,-0.001544504181601014,-0.001544504181600903,-0.001544504181601014,-0.001544504181600903,-0.001544504181601014,-0.001544504181600903,-0.001544504181601014,-0.001544504181600903,-0.001544504181601014,-0.001544504181600903,-0.001544504181600903,-0.001544504181601014,-0.001544504181600903,-0.001544504181601014,-0.001544504181600903,-0.001544504181601014,-0.001544504181600903,-0.001544504181601014,-0.001544504181600903,-0.001544504181600903,-0.001544504181601014,-0.001544504181600903,-0.001544504181601014,-0.001544504181600903,-0.001544504181601014,-0.001544504181600903,-0.001544504181601014,-0.001544504181600903,-0.001544504181601014,-0.001544504181600903,-0.003395555555555596,-0.003395555555555485,-0.003395555555555596,-0.003395555555555596,-0.003395555555555485,-0.003395555555555596,-0.003395555555555596,-0.003395555555555485,-0.003395555555555596,-0.003395555555555596,-0.003395555555555485,-0.003395555555555596,-0.003395555555555596,-0.003395555555555485,-0.003395555555555596,-0.003395555555555596,-0.003395555555555485,-0.003395555555555596,-0.003395555555555596,-0.003395555555555485,-0.003395555555555596,-0.003395555555555596,-0.003395555555555485,-0.003395555555555596,-0.003395555555555596,-0.003395555555555485,-0.003395555555555596,-0.003395555555555596,-0.003395555555555485,-0.003395555555555596,-1.8799283154125046e-4,-1.8799283154113944e-4,-1.8799283154125046e-4,-1.8799283154125046e-4,-1.8799283154125046e-4,-1.8799283154113944e-4,-1.8799283154125046e-4,-1.8799283154125046e-4,-1.8799283154113944e-4,-1.8799283154125046e-4,-1.8799283154125046e-4,-1.8799283154125046e-4,-1.8799283154113944e-4,-1.8799283154125046e-4,-1.8799283154125046e-4,-1.8799283154113944e-4,-1.8799283154125046e-4,-1.8799283154125046e-4,-1.8799283154113944e-4,-1.8799283154125046e-4,-1.8799283154125046e-4,-1.8799283154125046e-4,-1.8799283154113944e-4,-1.8799283154125046e-4,-1.8799283154125046e-4,-1.8799283154113944e-4,-1.8799283154125046e-4,-1.8799283154125046e-4,-1.8799283154125046e-4,-1.8799283154113944e-4,-1.8799283154125046e-4,-5.617483074472629e-4,-5.617483074471519e-4,-5.617483074472629e-4,-5.617483074472629e-4,-5.617483074472629e-4,-5.617483074471519e-4,-5.617483074472629e-4,-5.617483074472629e-4,-5.617483074471519e-4,-5.617483074472629e-4,-5.617483074472629e-4,-5.617483074472629e-4,-5.617483074471519e-4,-5.617483074472629e-4,-5.617483074472629e-4,-5.617483074471519e-4,-5.617483074472629e-4,-5.617483074472629e-4,-5.617483074471519e-4,-5.617483074472629e-4,-5.617483074472629e-4,-5.617483074472629e-4,-5.617483074471519e-4,-5.617483074472629e-4,-5.617483074472629e-4,-5.617483074471519e-4,-5.617483074472629e-4,-5.617483074472629e-4,-5.617483074472629e-4,-5.617483074471519e-4,-5.617483074472629e-4,0.003339629629629637,0.003339629629629637,0.003339629629629637,0.003339629629629637,0.003339629629629637,0.003339629629629637,0.003339629629629637,0.003339629629629526,0.003339629629629637,0.003339629629629637,0.003339629629629637,0.003339629629629637,0.003339629629629637,0.003339629629629637,0.003339629629629637,0.003339629629629637,0.003339629629629637,0.003339629629629637,0.003339629629629637,0.003339629629629637,0.003339629629629637,0.003339629629629526,0.003339629629629748,0.003339629629629526,0.003339629629629637,0.003339629629629637,0.003339629629629637,0.003339629629629637,0.003339629629629637
0.11664370066788099,7.524897119342011e-4,7.524897119340901e-4,7.524897119342011e-4,7.524897119340901e-4,7.524897119342011e-4,7.524897119342011e-4,7.524897119340901e-4,7.524897119342011e-4,7.524897119340901e-4,7.524897119342011e-4,7.524897119342011e-4,7.524897119340901e-4,7.524897119342011e-4,7.524897119340901e-4,7.524897119342011e-4,7.524897119342011e-4,7.524897119340901e-4,7.524897119342011e-4,7.524897119340901e-4,7.524897119342011e-4,7.524897119342011e-4,7.524897119340901e-4,7.524897119342011e-4,7.524897119340901e-4,7.524897119342011e-4,7.524897119342011e-4,7.524897119340901e-4,7.524897119342011e-4,7.524897119340901e-4,7.524897119342011e-4,-0.0028945838311429384,-0.0028945838311430494,-0.0028945838311429384,-0.0028945838311429384,-0.0028945838311430494,-0.0028945838311429384,-0.0028945838311429384,-0.0028945838311430494,-0.0028945838311429384,-0.0028945838311429384,-0.0028945838311430494,-0.0028945838311429384,-0.0028945838311429384,-0.0028945838311429384,-0.0028945838311430494,-0.0028945838311429384,-0.0028945838311429384,-0.0028945838311430494,-0.0028945838311429384,-0.0028945838311429384,-0.0028945838311430494,-0.0028945838311429384,-0.0028945838311429384,-0.0028945838311430494,-0.0028945838311429384,-0.0028945838311429384,-0.0028945838311430494,-0.0028945838311429384,-0.0028945838311429384,-0.0028945838311430494,-0.0028945838311429384,-8.176543209876819e-4,-8.176543209875708e-4,-8.176543209876819e-4,-8.176543209876819e-4,-8.176543209876819e-4,-8.176543209875708e-4,-8.176543209876819e-4,-8.176543209876819e-4,-8.176543209876819e-4,-8.176543209875708e-4,-8.176543209876819e-4,-8.176543209876819e-4,-8.176543209876819e-4,-8.176543209875708e-4,-8.176543209876819e-4,-8.176543209876819e-4,-8.176543209875708e-4,-8.176543209876819e-4,-8.176543209876819e-4,-8.176543209876819e-4,-8.176543209875708e-4,-8.176543209876819e-4,-8.176543209876819e-4,-8.176543209876819e-4,-8.176543209875708e-4,-8.176543209876819e-4,-8.176543209876819e-4,-8.176543209876819e-4,-8.176543209875708e-4,-8.176543209876819e-4,-0.0031838112305854205,-0.0031838112305854205,-0.0031838112305854205,-0.0031838112305854205,-0.0031838112305854205,-0.0031838112305854205,-0.0031838112305854205,-0.0031838112305854205,-0.0031838112305854205,-0.0031838112305854205,-0.0031838112305854205,-0.0031838112305854205,-0.0031838112305854205,-0.0031838112305854205,-0.0031838112305855315,-0.0031838112305853095,-0.0031838112305855315,-0.0031838112305854205,-0.0031838112305854205,-0.0031838112305854205,-0.0031838112305854205,-0.0031838112305854205,-0.0031838112305854205,-0.0031838112305854205,-0.0031838112305854205,-0.0031838112305854205,-0.0031838112305854205,-0.0031838112305854205,-0.0031838112305854205,-0.0031838112305854205,-0.0031838112305854205,-0.004822301871764245,-0.004822301871764245,-0.004822301871764245,-0.004822301871764245,-0.004822301871764245,-0.004822301871764245,-0.004822301871764245,-0.004822301871764245,-0.004822301871764134,-0.004822301871764245,-0.004822301871764245,-0.004822301871764245,-0.004822301871764245,-0.004822301871764245,-0.004822301871764245,-0.004822301871764245,-0.004822301871764245,-0.004822301871764245,-0.004822301871764245,-0.004822301871764245,-0.004822301871764245,-0.004822301871764245,-0.004822301871764245,-0.004822301871764134,-0.004822301871764245,-0.004822301871764245,-0.004822301871764245,-0.004822301871764245,-0.004822301871764245,-0.004822301871764245,-0.004822301871764245,0.00921106995884774,0.00921106995884774,0.009211069958847684,0.009211069958847795,0.009211069958847684,0.009211069958847795,0.009211069958847684,0.009211069958847795,0.009211069958847684,0.009211069958847795,0.009211069958847684,0.009211069958847795,0.009211069958847684,0.009211069958847795,0.009211069958847684,0.009211069958847684,0.009211069958847795,0.009211069958847684,0.009211069958847795,0.009211069958847684,0.009211069958847795,0.009211069958847684,0.009211069958847795,0.009211069958847684,0.009211069958847795,0.009211069958847684,0.009211069958847795,0.009211069958847684,0.009211069958847684
-0.030228712136544433,0.001969814814814841,0.00196981481481473,0.001969814814814841,0.001969814814814841,0.00196981481481473,0.001969814814814841,0.001969814814814841,0.001969814814814841,0.00196981481481473,0.001969814814814841,0.001969814814814841,0.00196981481481473,0.001969814814814841,0.001969814814814841,0.001969814814814841,0.00196981481481473,0.001969814814814841,0.001969814814814841,0.00196981481481473,0.001969814814814841,0.001969814814814841,0.00196981481481473,0.001969814814814841,0.001969814814814841,0.00196981481481473,0.001969814814814841,0.001969814814814841,0.001969814814814841,0.00196981481481473,0.001969814814814841,-0.0010770410195141134,-0.0010770410195141134,-0.0010770410195142244,-0.0010770410195141134,-0.0010770410195141134,-0.0010770410195141134,-0.0010770410195141134,-0.0010770410195142244,-0.0010770410195141134,-0.0010770410195141134,-0.0010770410195141134,-0.0010770410195141134,-0.0010770410195142244,-0.0010770410195141134,-0.0010770410195141134,-0.0010770410195141134,-0.0010770410195141134,-0.0010770410195141134,-0.0010770410195142244,-0.0010770410195141134,-0.0010770410195141134,-0.0010770410195141134,-0.0010770410195141134,-0.0010770410195142244,-0.0010770410195141134,-0.0010770410195141134,-0.0010770410195141134,-0.0010770410195141134,-0.0010770410195142244,-0.0010770410195141134,-0.0010770410195141134,-3.3440329218104026e-4,-3.344032921811513e-4,-3.3440329218104026e-4,-3.3440329218104026e-4,-3.3440329218104026e-4,-3.344032921811513e-4,-3.3440329218104026e-4,-3.3440329218104026e-4,-3.3440329218104026e-4,-3.344032921811513e-4,-3.3440329218104026e-4,-3.3440329218104026e-4,-3.3440329218104026e-4,-3.344032921811513e-4,-3.3440329218104026e-4,-3.3440329218104026e-4,-3.344032921811513e-4,-3.3440329218104026e-4,-3.3440329218104026e-4,-3.3440329218104026e-4,-3.344032921811513e-4,-3.3440329218104026e-4,-3.3440329218104026e-4,-3.3440329218104026e-4,-3.344032921811513e-4,-3.3440329218104026e-4,-3.3440329218104026e-4,-3.3440329218104026e-4,-3.344032921811513e-4,-3.3440329218104026e-4,9.190163281561636e-4,9.190163281560526e-4,9.190163281561636e-4,9.190163281560526e-4,9.190163281561636e-4,9.190163281560526e-4,9.190163281561636e-4,9.190163281560526e-4,9.190163281561636e-4,9.190163281560526e-4,9.190163281561636e-4,9.190163281560526e-4,9.190163281561636e-4,9.190163281560526e-4,9.190163281561636e-4,9.190163281560526e-4,9.190163281561636e-4,9.190163281560526e-4,9.190163281561636e-4,9.190163281560526e-4,9.190163281561636e-4,9.190163281560526e-4,9.190163281561636e-4,9.190163281560526e-4,9.190163281561636e-4,9.190163281560526e-4,9.190163281561636e-4,9.190163281560526e-4,9.190163281561636e-4,9.190163281561636e-4,9.190163281560526e-4,-2.985463958582457e-4,-2.985463958581347e-4,-2.985463958582457e-4,-2.985463958582457e-4,-2.985463958582457e-4,-2.985463958581347e-4,-2.985463958582457e-4,-2.985463958582457e-4,-2.985463958582457e-4,-2.985463958581347e-4,-2.985463958582457e-4,-2.985463958582457e-4,-2.985463958582457e-4,-2.985463958581347e-4,-2.985463958582457e-4,-2.985463958582457e-4,-2.985463958582457e-4,-2.985463958581347e-4,-2.985463958582457e-4,-2.985463958582457e-4,-2.985463958582457e-4,-2.985463958581347e-4,-2.985463958582457e-4,-2.985463958582457e-4,-2.985463958582457e-4,-2.985463958581347e-4,-2.985463958582457e-4,-2.985463958582457e-4,-2.985463958582457e-4,-2.985463958581347e-4,-2.985463958582457e-4,-0.0010863991769547443,-0.0010863991769547443,-0.0010863991769547443,-0.0010863991769547443,-0.0010863991769547443,-0.0010863991769547443,-0.0010863991769547443,-0.0010863991769546333,-0.0010863991769547443,-0.0010863991769547443,-0.0010863991769547443,-0.0010863991769547443,-0.0010863991769547443,-0.0010863991769547443,-0.0010863991769547443,-0.0010863991769547443,-0.0010863991769547443,-0.0010863991769547443,-0.0010863991769547443,-0.0010863991769547443,-0.0010863991769547443,-0.0010863991769547443,-0.0010863991769546333,-0.0010863991769547443,-0.0010863991769547443,-0.0010863991769547443,-0.0010863991769547443,-0.0010863991769547443,-0.0010863991769547443
0.0051195692504891754,0.0013210699588477315,0.0013210699588477315,0.0013210699588477315,0.0013210699588477315,0.0013210699588477315,0.0013210699588477315,0.0013210699588477315,0.0013210699588477315,0.0013210699588477315,0.0013210699588477315,0.0013210699588477315,0.0013210699588477315,0.0013210699588477315,0.0013210699588477315,0.0013210699588477315,0.0013210699588477315,0.0013210699588477315,0.0013210699588477315,0.0013210699588477315,0.0013210699588477315,0.0013210699588477315,0.0013210699588477315,0.0013210699588477315,0.0013210699588477315,0.0013210699588477315,0.0013210699588477315,0.0013210699588477315,0.0013210699588477315,0.0013210699588477315,0.0013210699588477315,-0.00129167662285945,-0.001291676622859339,-0.00129167662285945,-0.00129167662285945,-0.00129167662285945,-0.001291676622859339,-0.00129167662285945,-0.00129167662285945,-0.001291676622859339,-0.00129167662285945,-0.00129167662285945,-0.00129167662285945,-0.001291676622859339,-0.00129167662285945,-0.00129167662285945,-0.001291676622859339,-0.00129167662285945,-0.00129167662285945,-0.001291676622859339,-0.00129167662285945,-0.00129167662285945,-0.00129167662285945,-0.001291676622859339,-0.00129167662285945,-0.00129167662285945,-0.001291676622859339,-0.00129167662285945,-0.00129167662285945,-0.00129167662285945,-0.001291676622859339,-0.00129167662285945,-0.0015592181069958855,-0.0015592181069958855,-0.0015592181069958855,-0.0015592181069958855,-0.0015592181069958855,-0.0015592181069958855,-0.0015592181069958855,-0.0015592181069958855,-0.0015592181069958855,-0.0015592181069958855,-0.0015592181069958855,-0.0015592181069958855,-0.0015592181069958855,-0.0015592181069958855,-0.0015592181069957745,-0.0015592181069958855,-0.0015592181069958855,-0.0015592181069958855,-0.0015592181069958855,-0.0015592181069958855,-0.0015592181069958855,-0.0015592181069958855,-0.0015592181069958855,-0.0015592181069958855,-0.0015592181069958855,-0.0015592181069958855,-0.0015592181069958855,-0.0015592181069958855,-0.0015592181069958855,-0.0015592181069958855,6.787933094384302e-4,6.787933094385412e-4,6.787933094384302e-4,6.787933094384302e-4,6.787933094385412e-4,6.787933094384302e-4,6.787933094384302e-4,6.787933094385412e-4,6.787933094384302e-4,6.787933094385412e-4,6.787933094384302e-4,6.787933094384302e-4,6.787933094385412e-4,6.787933094384302e-4,6.787933094384302e-4,6.787933094385412e-4,6.787933094384302e-4,6.787933094384302e-4,6.787933094385412e-4,6.787933094384302e-4,6.787933094384302e-4,6.787933094385412e-4,6.787933094384302e-4,6.787933094384302e-4,6.787933094385412e-4,6.787933094384302e-4,6.787933094385412e-4,6.787933094384302e-4,6.787933094384302e-4,6.787933094385412e-4,6.787933094384302e-4,7.794902429311135e-4,7.794902429311135e-4,7.794902429311135e-4,7.794902429311135e-4,7.794902429311135e-4,7.794902429310024e-4,7.794902429311135e-4,7.794902429311135e-4,7.794902429311135e-4,7.794902429311135e-4,7.794902429311135e-4,7.794902429311135e-4,7.794902429311135e-4,7.794902429311135e-4,7.794902429311135e-4,7.794902429310024e-4,7.794902429311135e-4,7.794902429311135e-4,7.794902429311135e-4,7.794902429311135e-4,7.794902429311135e-4,7.794902429311135e-4,7.794902429311135e-4,7.794902429311135e-4,7.794902429311135e-4,7.794902429311135e-4,7.794902429310024e-4,7.794902429311135e-4,7.794902429311135e-4,7.794902429311135e-4,7.794902429311135e-4,4.7257201646089264e-4,4.7257201646089264e-4,4.7257201646089264e-4,4.7257201646089264e-4,4.7257201646089264e-4,4.7257201646100366e-4,4.7257201646089264e-4,4.7257201646089264e-4,4.7257201646089264e-4,4.7257201646089264e-4,4.7257201646089264e-4,4.7257201646089264e-4,4.7257201646089264e-4,4.7257201646089264e-4,4.7257201646100366e-4,4.7257201646089264e-4,4.7257201646089264e-4,4.7257201646089264e-4,4.7257201646089264e-4,4.7257201646089264e-4,4.7257201646089264e-4,4.7257201646089264e-4,4.7257201646089264e-4,4.7257201646089264e-4,4.7257201646089264e-4,4.7257201646100366e-4,4.7257201646089264e-4,4.7257201646089264e-4,4.7257201646089264e-4
