0.03435575148078625,-0.0023120733243898253,0.0033161609241202927,0.003316160924120286,0.0033161609241202927,0.0033161609241202927,0.0033161609241202927,0.0033161609241202927,0.003316160924120286,0.0033161609241202997,0.003316160924120279,0.0033161609241202927,0.0033161609241202927,0.0033161609241203066,0.003316160924120279,0.003316160924120279,0.0033161609241203066,0.003316160924120279,0.0033161609241203066,0.003316160924120279,0.003316160924120279,0.0033161609241203066,0.003316160924120279,0.0033161609241202927,0.0033161609241202927,0.0033161609241203066,0.003316160924120279,0.003316160924120279,0.0033161609241203066,0.003316160924120279,0.0033161609241202927,0.0033161609241202927,0.03541205908109121,0.03541205908109121,0.03541205908109121,0.03541205908109121,0.03541205908109124,0.035412059081091185,0.035412059081091185,0.035412059081091296,0.03541205908109124,0.03541205908109113,0.03541205908109124,0.03541205908109124,0.03541205908109113,0.03541205908109124,0.03541205908109124,0.03541205908109113,0.03541205908109124,0.03541205908109135,0.03541205908109113,0.03541205908109113,0.03541205908109113,0.03541205908109135,0.03541205908109124,0.03541205908109113,0.03541205908109135,0.03541205908109113,0.03541205908109135,0.03541205908109113,0.03541205908109113,0.03541205908109135,0.03541205908109113,0.014660389785039252,0.014660389785039252,0.014660389785039252,0.014660389785039252,0.014660389785039252,0.014660389785039252,0.014660389785039252,0.014660389785039252,0.014660389785039252,0.014660389785039252,0.01466038978503903,0.014660389785039474,0.014660389785039252,0.014660389785039252,0.014660389785039252,0.014660389785039252,0.014660389785039252,0.014660389785039252,0.01466038978503903,0.014660389785039252,0.014660389785039474,0.014660389785039252,0.014660389785039252,0.01466038978503903,0.014660389785039474,0.014660389785039252,0.014660389785039252,0.014660389785039252,0.01466038978503903,0.014660389785039474,-0.005238657344886821,-0.005238657344886599,-0.005238657344886821,-0.005238657344886599,-0.005238657344886821,-0.005238657344886599,-0.005238657344886821,-0.005238657344886821,-0.005238657344886377,-0.005238657344886821,-0.005238657344886821,-0.005238657344886821,-0.005238657344886599,-0.005238657344886599,-0.005238657344886821,-0.005238657344886599,-0.005238657344886821,-0.005238657344886821,-0.005238657344886821,-0.005238657344886377,-0.005238657344886821,-0.005238657344886821,-0.005238657344886599,-0.005238657344886599,-0.005238657344886821,-0.005238657344886821,-0.005238657344886599,-0.005238657344886821,-0.005238657344886377,-0.005238657344886821,-0.005238657344886821,-0.006534164946234933,-0.006534164946234711,-0.006534164946234933,-0.006534164946234711,-0.006534164946234933,-0.006534164946234933,-0.006534164946234711,-0.006534164946234933,-0.006534164946234933,-0.006534164946234711,-0.006534164946234933,-0.006534164946234711,-0.006534164946234933,-0.006534164946234933,-0.006534164946234711,-0.006534164946234933,-0.006534164946234711,-0.006534164946234933,-0.006534164946234933,-0.006534164946234489,-0.006534164946234933,-0.006534164946234933,-0.006534164946234711,-0.006534164946234933,-0.006534164946234711,-0.006534164946234933,-0.006534164946234711,-0.006534164946234933,-0.006534164946234933,-0.006534164946234711,-0.006534164946234933,-0.032964553962873344,-0.032964553962873344,-0.032964553962873344,-0.032964553962873344,-0.032964553962873344,-0.032964553962873344,-0.032964553962873344,-0.03296455396287312,-0.032964553962873344,-0.032964553962873344,-0.03296455396287323,-0.032964553962873455,-0.03296455396287323,-0.032964553962873455,-0.03296455396287323,-0.03296455396287323,-0.032964553962873344,-0.032964553962873344,-0.032964553962873344,-0.032964553962873344,-0.03296455396287323,-0.032964553962873344,-0.032964553962873455,-0.032964553962873344,-0.03296455396287318,-0.032964553962873344,-0.032964553962873344,-0.032964553962873344,-0.03296455396287323,NA,NA,NA
0.06812690519007732,-5.967527168526249e-4,0.029286031092023365,0.029286031092023365,0.02928603109202335,0.02928603109202335,0.02928603109202335,0.02928603109202338,0.029286031092023324,0.02928603109202338,0.02928603109202338,0.029286031092023268,0.029286031092023435,0.02928603109202338,0.02928603109202338,0.02928603109202338,0.029286031092023213,0.029286031092023435,0.029286031092023435,0.029286031092023324,0.029286031092023324,0.029286031092023324,0.029286031092023435,0.029286031092023213,0.029286031092023546,0.029286031092023324,0.029286031092023324,0.029286031092023324,0.029286031092023435,0.029286031092023435,0.029286031092023213,0.029286031092023435,0.0012938525433089376,0.0012938525433090486,0.0012938525433089376,0.0012938525433090486,0.0012938525433090486,0.0012938525433089376,0.0012938525433090486,0.0012938525433091597,0.0012938525433089376,0.0012938525433090486,0.0012938525433089376,0.0012938525433090486,0.0012938525433090486,0.0012938525433089376,0.0012938525433090486,0.0012938525433089376,0.0012938525433090486,0.0012938525433090486,0.0012938525433089376,0.0012938525433090486,0.0012938525433089376,0.0012938525433090486,0.0012938525433091597,0.0012938525433089376,0.0012938525433090486,0.0012938525433089376,0.0012938525433090486,0.0012938525433090486,0.0012938525433089376,0.0012938525433090486,0.0012938525433089376,0.007916332451941233,0.00791633245194101,0.007916332451941344,0.0079163324519409,0.007916332451941344,0.007916332451941122,0.007916332451941122,0.007916332451941122,0.007916332451941122,0.007916332451941122,0.007916332451941122,0.007916332451941344,0.007916332451941122,0.007916332451941122,0.007916332451941122,0.007916332451941122,0.007916332451941122,0.007916332451941122,0.007916332451941344,0.007916332451941122,0.0079163324519409,0.007916332451941122,0.007916332451941344,0.007916332451941122,0.007916332451941122,0.007916332451941122,0.007916332451941344,0.0079163324519409,0.007916332451941122,0.007916332451941344,0.0047253377726763635,0.004725337772676141,0.0047253377726765855,0.0047253377726763635,0.0047253377726765855,0.004725337772676141,0.0047253377726765855,0.0047253377726763635,0.0047253377726765855,0.004725337772676141,0.0047253377726765855,0.0047253377726763635,0.0047253377726765855,0.004725337772676141,0.0047253377726763635,0.0047253377726765855,0.0047253377726763635,0.0047253377726763635,0.0047253377726763635,0.0047253377726765855,0.0047253377726763635,0.0047253377726763635,0.0047253377726763635,0.0047253377726765855,0.004725337772676141,0.0047253377726763635,0.0047253377726765855,0.0047253377726763635,0.0047253377726765855,0.004725337772676141,0.0047253377726765855,-0.01414817295857751,-0.01414817295857751,-0.014148172958577288,-0.01414817295857751,-0.01414817295857751,-0.01414817295857751,-0.014148172958577288,-0.01414817295857751,-0.01414817295857751,-0.014148172958577288,-0.01414817295857751,-0.01414817295857751,-0.014148172958577288,-0.01414817295857751,-0.01414817295857751,-0.01414817295857751,-0.014148172958577288,-0.01414817295857751,-0.01414817295857751,-0.014148172958577288,-0.01414817295857751,-0.01414817295857751,-0.01414817295857751,-0.014148172958577288,-0.014148172958577732,-0.014148172958577288,-0.014148172958577288,-0.01414817295857762,-0.014148172958577288,-0.01414817295857762,-0.014148172958577399,0.0048182719367276805,0.0048182719367276805,0.0048182719367276805,0.0048182719367276805,0.0048182719367276805,0.0048182719367276805,0.0048182719367276805,0.0048182719367275695,0.0048182719367276805,0.0048182719367276805,0.0048182719367276805,0.0048182719367276805,0.0048182719367276805,0.0048182719367276805,0.0048182719367275695,0.0048182719367277915,0.0048182719367275695,0.0048182719367275695,0.0048182719367277915,0.0048182719367275695,0.0048182719367277915,0.0048182719367275695,0.0048182719367277915,0.0048182719367275695,0.0048182719367277915,0.0048182719367275695,0.0048182719367277915,0.0048182719367275695,0.0048182719367277915,0.0048182719367275695,-0.03224001773348184,-0.03224001773348184
0.09538321325948709,0.001335970285629387,0.03305448629808498,0.03305448629808502,0.03305448629808502,0.03305448629808497,0.033054486298084995,0.03305448629808505,0.033054486298084995,0.033054486298084995,0.03305448629808494,0.033054486298084995,0.033054486298084995,0.033054486298085106,0.033054486298084995,0.03305448629808494,0.03305448629808505,0.03305448629808494,0.03305448629808505,0.03305448629808494,0.03305448629808494,0.03305448629808505,0.03305448629808494,0.03305448629808505,0.03305448629808516,0.03305448629808494,0.03305448629808505,0.03305448629808494,0.03305448629808505,0.03305448629808494,0.03305448629808505,0.03305448629808483,0.006767136295734,0.006767136295734,0.006767136295733778,0.006767136295734,0.006767136295734,0.006767136295734,0.006767136295733778,0.006767136295734,0.006767136295733778,0.006767136295734,0.006767136295734,0.006767136295733778,0.006767136295734,0.006767136295733778,0.006767136295734222,0.006767136295733778,0.006767136295734,0.006767136295733778,0.006767136295734222,0.006767136295733778,0.006767136295733778,0.006767136295734,0.006767136295733778,0.006767136295734222,0.006767136295733778,0.006767136295734,0.006767136295733778,0.006767136295734,0.006767136295734,0.006767136295734,0.006767136295733778,-0.005331868416279528,-0.00533186841627975,-0.005331868416279528,-0.005331868416279528,-0.005331868416279972,-0.005331868416279528,-0.005331868416279528,-0.00533186841627975,-0.005331868416279528,-0.005331868416279528,-0.00533186841627975,-0.005331868416279528,-0.00533186841627975,-0.00533186841627975,-0.005331868416279528,-0.005331868416279528,-0.00533186841627975,-0.005331868416279528,-0.005331868416279528,-0.00533186841627975,-0.00533186841627975,-0.005331868416279528,-0.00533186841627975,-0.005331868416279528,-0.005331868416279528,-0.00533186841627975,-0.005331868416279528,-0.00533186841627975,-0.00533186841627975,-0.005331868416279528,0.00425428466020783,0.00425428466020783,0.004254284660207608,0.004254284660208052,0.004254284660207608,0.004254284660208052,0.004254284660207608,0.00425428466020783,0.00425428466020783,0.00425428466020783,0.00425428466020783,0.00425428466020783,0.00425428466020783,0.00425428466020783,0.004254284660207608,0.004254284660208052,0.004254284660207608,0.004254284660208052,0.004254284660207608,0.00425428466020783,0.00425428466020783,0.00425428466020783,0.00425428466020783,0.00425428466020783,0.00425428466020783,0.00425428466020783,0.004254284660207608,0.004254284660208052,0.004254284660207608,0.00425428466020783,0.00425428466020783,-0.00518368643539624,-0.00518368643539624,-0.005183686435396018,-0.005183686435396462,-0.00518368643539624,-0.00518368643539624,-0.005183686435396018,-0.00518368643539624,-0.00518368643539624,-0.005183686435396462,-0.00518368643539624,-0.005183686435396018,-0.00518368643539624,-0.00518368643539624,-0.00518368643539624,-0.00518368643539624,-0.00518368643539624,-0.00518368643539624,-0.00518368643539624,-0.005183686435396018,-0.00518368643539624,-0.005183686435396462,-0.00518368643539624,-0.00518368643539624,-0.005183686435396018,-0.00518368643539624,-0.00518368643539624,-0.00518368643539624,-0.00518368643539624,-0.00518368643539624,-0.00518368643539624,-0.02798540967563734,-0.02798540967563734,-0.027985409675637563,-0.02798540967563712,-0.02798540967563745,-0.02798540967563723,-0.02798540967563745,-0.02798540967563734,-0.02798540967563745,-0.02798540967563723,-0.02798540967563745,-0.02798540967563734,-0.02798540967563734,-0.02798540967563734,-0.02798540967563734,-0.02798540967563734,-0.02798540967563734,-0.02798540967563734,-0.02798540967563734,-0.02798540967563734,-0.02798540967563734,-0.027985409675637396,-0.02798540967563745,-0.02798540967563734,-0.02798540967563734,-0.02798540967563734,-0.02798540967563734,-0.027985409675637396,-0.02798540967563734,-0.02798540967563734,-0.008703393544098936,-0.008703393544098936
0.1429507597473445,1.5770449488711202e-4,0.026191323002804245,0.026191323002804245,0.0261913230028043,0.026191323002804273,0.026191323002804218,0.0261913230028043,0.026191323002804245,0.026191323002804245,0.026191323002804245,0.026191323002804245,0.026191323002804245,0.026191323002804356,0.026191323002804245,0.0261913230028043,0.026191323002804245,0.026191323002804245,0.026191323002804245,0.026191323002804245,0.026191323002804245,0.026191323002804245,0.026191323002804245,0.026191323002804245,0.026191323002804245,0.026191323002804245,0.026191323002804356,0.026191323002804245,0.026191323002804245,0.026191323002804245,0.026191323002804245,0.026191323002804245,0.008048539854088932,0.008048539854089043,0.008048539854088932,0.008048539854089154,0.008048539854088821,0.008048539854089154,0.008048539854088932,0.008048539854089043,0.008048539854088932,0.008048539854089043,0.008048539854089043,0.008048539854088821,0.008048539854089265,0.008048539854088821,0.008048539854089043,0.008048539854089043,0.008048539854089043,0.008048539854088821,0.008048539854089265,0.008048539854088821,0.008048539854088821,0.008048539854089265,0.008048539854088821,0.008048539854089043,0.008048539854089043,0.008048539854089043,0.008048539854088821,0.008048539854089265,0.008048539854088821,0.008048539854089043,0.008048539854089043,0.0029425415037411806,0.0029425415037411806,0.0029425415037411806,0.0029425415037411806,0.0029425415037411806,0.0029425415037414027,0.0029425415037411806,0.0029425415037414027,0.0029425415037411806,0.0029425415037411806,0.0029425415037411806,0.0029425415037411806,0.0029425415037411806,0.0029425415037411806,0.0029425415037411806,0.0029425415037414027,0.0029425415037411806,0.0029425415037411806,0.0029425415037411806,0.0029425415037411806,0.0029425415037411806,0.0029425415037411806,0.0029425415037414027,0.0029425415037411806,0.0029425415037414027,0.0029425415037411806,0.0029425415037411806,0.0029425415037411806,0.0029425415037411806,0.0029425415037411806,-0.003392664634205733,-0.003392664634205955,-0.003392664634205733,-0.003392664634205955,-0.003392664634205733,-0.003392664634205955,-0.003392664634205733,-0.003392664634205955,-0.003392664634205733,-0.003392664634205955,-0.003392664634205733,-0.003392664634205955,-0.003392664634205733,-0.003392664634205955,-0.003392664634205733,-0.003392664634205955,-0.003392664634205733,-0.0033926646342061773,-0.003392664634205733,-0.003392664634205955,-0.003392664634205733,-0.003392664634205955,-0.003392664634205733,-0.003392664634205955,-0.003392664634205733,-0.003392664634205955,-0.003392664634205733,-0.003392664634205955,-0.003392664634205733,-0.003392664634205955,-0.003392664634205733,-0.006580173697102509,-0.006580173697102509,-0.006580173697102509,-0.006580173697102509,-0.006580173697102509,-0.006580173697102509,-0.006580173697102509,-0.006580173697102509,-0.006580173697102509,-0.006580173697102509,-0.006580173697102509,-0.006580173697102509,-0.006580173697102509,-0.006580173697102509,-0.006580173697102509,-0.006580173697102509,-0.006580173697102509,-0.006580173697102509,-0.006580173697102509,-0.006580173697102509,-0.006580173697102287,-0.006580173697102731,-0.006580173697102509,-0.006580173697102509,-0.006580173697102509,-0.006580173697102398,-0.00658017369710262,-0.006580173697102509,-0.006580173697102398,-0.006580173697102509,-0.006580173697102509,-2.755598307090379e-4,-2.7555983070881584e-4,-2.7555983070892687e-4,-2.7555983070892687e-4,-2.755598307090379e-4,-2.755598307087048e-4,-2.755598307090379e-4,-2.7555983070892687e-4,-2.755598307090379e-4,-2.755598307087048e-4,-2.755598307090379e-4,-2.7555983070892687e-4,-2.7555983070892687e-4,-2.7555983070881584e-4,-2.755598307090379e-4,-2.7555983070892687e-4,-2.7555983070881584e-4,-2.7555983070892687e-4,-2.7555983070892687e-4,-2.755598307090379e-4,-2.755598307087048e-4,-2.755598307090379e-4,-2.7555983070892687e-4,-2.755598307090379e-4,-2.755598307087048e-4,-2.755598307090379e-4,-2.7555983070892687e-4,-2.755598307090379e-4,-2.755598307087048e-4,-2.755598307090379e-4,-0.02735033770051143,-0.027350337700511207
0.0738205348883589,-0.0016877494382543379,0.01803301466480127,0.018033014664801283,0.018033014664801283,0.018033014664801283,0.018033014664801256,0.018033014664801283,0.018033014664801283,0.018033014664801283,0.018033014664801283,0.018033014664801256,0.018033014664801228,0.01803301466480134,0.018033014664801283,0.018033014664801283,0.018033014664801283,0.018033014664801283,0.018033014664801283,0.018033014664801283,0.018033014664801283,0.018033014664801283,0.018033014664801228,0.018033014664801228,0.018033014664801394,0.018033014664801283,0.01803301466480134,0.018033014664801228,0.018033014664801117,0.01803301466480134,0.01803301466480134,0.018033014664801228,0.018030353672314647,0.01803035367231476,0.018030353672314536,0.01803035367231476,0.018030353672314647,0.01803035367231476,0.018030353672314536,0.018030353672314647,0.01803035367231476,0.018030353672314536,0.01803035367231476,0.018030353672314647,0.018030353672314536,0.01803035367231476,0.01803035367231476,0.018030353672314647,0.018030353672314536,0.01803035367231476,0.018030353672314647,0.018030353672314647,0.018030353672314647,0.018030353672314647,0.018030353672314536,0.01803035367231476,0.018030353672314536,0.01803035367231476,0.01803035367231476,0.01803035367231476,0.018030353672314536,0.01803035367231476,0.018030353672314536,0.00953767697319896,0.009537676973199183,0.009537676973199183,0.009537676973199183,0.00953767697319896,0.009537676973199183,0.00953767697319896,0.009537676973199183,0.009537676973199183,0.00953767697319896,0.009537676973199183,0.00953767697319896,0.009537676973199183,0.009537676973199183,0.00953767697319896,0.009537676973199183,0.00953767697319896,0.009537676973199405,0.00953767697319896,0.00953767697319896,0.009537676973199183,0.00953767697319896,0.009537676973199405,0.00953767697319896,0.00953767697319896,0.009537676973199183,0.00953767697319896,0.009537676973199405,0.00953767697319896,0.009537676973199183,-0.002353903794218626,-0.002353903794218626,-0.002353903794218848,-0.002353903794218626,-0.002353903794218626,-0.002353903794218626,-0.002353903794218626,-0.002353903794218848,-0.002353903794218626,-0.002353903794218626,-0.002353903794218626,-0.002353903794218626,-0.002353903794218848,-0.002353903794218626,-0.002353903794218626,-0.002353903794218626,-0.002353903794218626,-0.002353903794218848,-0.002353903794218626,-0.002353903794218626,-0.002353903794218626,-0.002353903794218626,-0.002353903794218626,-0.002353903794218848,-0.002353903794218626,-0.002353903794218626,-0.002353903794218626,-0.002353903794218626,-0.002353903794218848,-0.002353903794218626,-0.002353903794218626,-0.003793535896779998,-0.003793535896779998,-0.00379353589678022,-0.003793535896779998,-0.003793535896779998,-0.003793535896779998,-0.003793535896779998,-0.003793535896779998,-0.003793535896779998,-0.003793535896779998,-0.00379353589678022,-0.003793535896779998,-0.003793535896779998,-0.003793535896779998,-0.003793535896779998,-0.003793535896779776,-0.003793535896779998,-0.003793535896779998,-0.00379353589678022,-0.003793535896779998,-0.003793535896779998,-0.003793535896779998,-0.003793535896779998,-0.003793535896779998,-0.003793535896779998,-0.003793535896779998,-0.00379353589678022,-0.003793535896779998,-0.003793535896779998,-0.003793535896779998,-0.003793535896779998,-0.037011560973305935,-0.037011560973305935,-0.037011560973305935,-0.03701156097330616,-0.037011560973305935,-0.037011560973305935,-0.037011560973305935,-0.037011560973306046,-0.037011560973305935,-0.037011560973305935,-0.037011560973305935,-0.037011560973306046,-0.037011560973305935,-0.037011560973306046,-0.037011560973305935,-0.037011560973305935,-0.037011560973305935,-0.037011560973305935,-0.037011560973306046,-0.037011560973305935,-0.037011560973305935,-0.03701156097330599,-0.037011560973306046,-0.037011560973306046,-0.03701156097330588,-0.037011560973305935,-0.037011560973306046,-0.03701156097330602,-0.037011560973305796,NA,NA,NA
0.049071308614418906,-0.0024209035533021075,0.009363980298114083,0.009363980298114083,0.009363980298114069,0.009363980298114083,0.009363980298114083,0.00936398029811411,0.009363980298114069,0.009363980298114083,0.009363980298114069,0.009363980298114083,0.009363980298114083,0.00936398029811411,0.009363980298114083,0.009363980298114083,0.009363980298114083,0.009363980298114055,0.009363980298114083,0.009363980298114083,0.009363980298114083,0.009363980298114083,0.009363980298114083,0.009363980298114083,0.009363980298114138,0.009363980298114083,0.009363980298114083,0.009363980298114027,0.009363980298114083,0.009363980298114083,0.009363980298114083,0.009363980298114083,0.03340571326987385,0.03340571326987385,0.033405713269873905,0.03340571326987385,0.03340571326987385,0.03340571326987396,0.03340571326987385,0.03340571326987385,0.03340571326987385,0.03340571326987385,0.03340571326987385,0.03340571326987385,0.03340571326987396,0.03340571326987374,0.03340571326987396,0.03340571326987385,0.03340571326987385,0.03340571326987396,0.03340571326987385,0.03340571326987374,0.03340571326987396,0.03340571326987374,0.03340571326987396,0.03340571326987374,0.03340571326987396,0.03340571326987374,0.03340571326987396,0.03340571326987374,0.03340571326987396,0.03340571326987374,0.03340571326987396,0.002207004131544066,0.0022070041315438438,0.002207004131544066,0.0022070041315438438,0.002207004131544066,0.002207004131544066,0.0022070041315438438,0.002207004131544066,0.0022070041315438438,0.002207004131544066,0.002207004131544066,0.0022070041315438438,0.002207004131544288,0.0022070041315438438,0.002207004131544066,0.002207004131544066,0.0022070041315438438,0.002207004131544066,0.0022070041315438438,0.002207004131544066,0.002207004131544066,0.0022070041315438438,0.002207004131544066,0.0022070041315438438,0.002207004131544066,0.002207004131544066,0.0022070041315438438,0.002207004131544066,0.0022070041315438438,0.002207004131544066,9.642521112165348e-4,9.642521112160907e-4,9.642521112165348e-4,9.642521112165348e-4,9.642521112160907e-4,9.642521112165348e-4,9.642521112165348e-4,9.642521112160907e-4,9.642521112165348e-4,9.642521112160907e-4,9.642521112165348e-4,9.642521112165348e-4,9.642521112160907e-4,9.642521112165348e-4,9.642521112165348e-4,9.642521112160907e-4,9.642521112165348e-4,9.642521112163127e-4,9.642521112163127e-4,9.642521112165348e-4,9.642521112163127e-4,9.642521112163127e-4,9.642521112163127e-4,9.642521112163127e-4,9.642521112165348e-4,9.642521112163127e-4,9.642521112163127e-4,9.642521112165348e-4,9.642521112163127e-4,9.642521112163127e-4,9.642521112163127e-4,-0.0071310806136122284,-0.0071310806136122284,-0.0071310806136124505,-0.0071310806136122284,-0.0071310806136122284,-0.0071310806136122284,-0.0071310806136124505,-0.0071310806136124505,-0.007131080613612006,-0.0071310806136124505,-0.0071310806136122284,-0.0071310806136124505,-0.0071310806136122284,-0.0071310806136122284,-0.0071310806136124505,-0.0071310806136122284,-0.0071310806136124505,-0.007131080613612006,-0.0071310806136124505,-0.0071310806136124505,-0.0071310806136122284,-0.0071310806136122284,-0.0071310806136122284,-0.0071310806136124505,-0.0071310806136122284,-0.0071310806136122284,-0.0071310806136124505,-0.0071310806136122284,-0.0071310806136124505,-0.0071310806136122284,-0.0071310806136122284,-0.025967000931821804,-0.025967000931821582,-0.025967000931821804,-0.025967000931821804,-0.025967000931822026,-0.025967000931821582,-0.025967000931821804,-0.025967000931821804,-0.025967000931821582,-0.025967000931821804,-0.025967000931821804,-0.025967000931821915,-0.025967000931821693,-0.025967000931821693,-0.025967000931821804,-0.025967000931821693,-0.025967000931821804,-0.025967000931821693,-0.025967000931821804,-0.025967000931821804,-0.025967000931821693,-0.025967000931821804,-0.025967000931821804,-0.025967000931821804,-0.025967000931821693,-0.025967000931821804,-0.025967000931821693,-0.025967000931821915,-0.025967000931821693,-0.025967000931821693,0.009553327894138541,0.009553327894138486
0.035601428242187066,-0.0031170894333706345,0.02550434833877096,0.02550434833877096,0.025504348338770952,0.025504348338770966,0.025504348338770938,0.025504348338770993,0.025504348338770938,0.025504348338770938,0.025504348338770966,0.025504348338770966,0.02550434833877091,0.02550434833877102,0.025504348338770966,0.025504348338770966,0.02550434833877091,0.02550434833877091,0.02550434833877102,0.025504348338770966,0.02550434833877102,0.02550434833877091,0.02550434833877091,0.02550434833877091,0.025504348338771132,0.02550434833877102,0.0255043483387708,0.02550434833877102,0.02550434833877091,0.02550434833877102,0.02550434833877091,0.02550434833877091,0.01696193355015463,0.016961933550154518,0.016961933550154518,0.016961933550154518,0.016961933550154518,0.016961933550154518,0.016961933550154518,0.01696193355015463,0.01696193355015463,0.016961933550154407,0.016961933550154518,0.016961933550154518,0.01696193355015474,0.016961933550154296,0.01696193355015474,0.016961933550154296,0.01696193355015474,0.016961933550154518,0.01696193355015474,0.016961933550154296,0.01696193355015474,0.016961933550154518,0.016961933550154518,0.016961933550154518,0.016961933550154518,0.016961933550154518,0.016961933550154518,0.016961933550154518,0.016961933550154518,0.016961933550154518,0.016961933550154518,0.0036862097671239713,0.0036862097671239713,0.0036862097671237493,0.0036862097671237493,0.0036862097671239713,0.0036862097671239713,0.0036862097671237493,0.0036862097671237493,0.0036862097671239713,0.0036862097671237493,0.0036862097671239713,0.0036862097671239713,0.003686209767123527,0.0036862097671239713,0.0036862097671239713,0.0036862097671239713,0.0036862097671237493,0.0036862097671237493,0.0036862097671239713,0.0036862097671237493,0.0036862097671239713,0.0036862097671239713,0.003686209767123527,0.0036862097671239713,0.0036862097671239713,0.0036862097671239713,0.0036862097671237493,0.0036862097671237493,0.0036862097671239713,0.0036862097671237493,-0.004378316985142128,-0.004378316985142572,-0.004378316985142128,-0.00437831698514235,-0.004378316985142572,-0.004378316985142128,-0.00437831698514235,-0.00437831698514235,-0.00437831698514235,-0.00437831698514235,-0.00437831698514235,-0.00437831698514235,-0.00437831698514235,-0.00437831698514235,-0.004378316985142128,-0.004378316985142572,-0.004378316985142128,-0.00437831698514235,-0.004378316985142572,-0.004378316985142128,-0.00437831698514235,-0.00437831698514235,-0.00437831698514235,-0.00437831698514235,-0.00437831698514235,-0.00437831698514235,-0.00437831698514235,-0.00437831698514235,-0.004378316985142128,-0.004378316985142572,-0.00437831698514235,-0.006757983529489975,-0.006757983529489975,-0.006757983529490197,-0.006757983529489975,-0.006757983529490197,-0.006757983529489975,-0.006757983529490197,-0.006757983529489975,-0.006757983529489975,-0.006757983529490197,-0.006757983529489975,-0.006757983529490197,-0.006757983529489975,-0.006757983529489975,-0.006757983529490197,-0.006757983529489975,-0.006757983529490197,-0.006757983529489975,-0.006757983529490197,-0.006757983529489975,-0.006757983529489975,-0.006757983529490197,-0.006757983529489975,-0.006757983529490197,-0.006757983529489975,-0.006757983529490197,-0.006757983529489975,-0.006757983529489975,-0.006757983529490197,-0.006757983529489975,-0.006757983529490197,-0.027528758053482205,-0.027528758053482427,-0.027528758053482427,-0.027528758053482094,-0.027528758053482427,-0.027528758053482316,-0.027528758053482427,-0.027528758053482316,-0.027528758053482316,-0.027528758053482316,-0.027528758053482316,-0.027528758053482427,-0.027528758053482205,-0.027528758053482427,-0.027528758053482316,-0.027528758053482316,-0.027528758053482427,-0.027528758053482205,-0.027528758053482427,-0.027528758053482205,-0.027528758053482427,-0.027528758053482316,-0.02752875805348237,-0.02752875805348237,-0.02752875805348237,-0.02752875805348226,-0.02752875805348237,-0.027528758053482316,-0.02752875805348226,-0.027528758053482316,-0.008481708531689613,-0.008481708531689558
0.03957282178060976,-0.0017066884331985166,0.02084164979536239,0.020841649795362398,0.020841649795362405,0.020841649795362363,0.020841649795362432,0.020841649795362405,0.020841649795362377,0.020841649795362377,0.020841649795362405,0.020841649795362377,0.020841649795362405,0.020841649795362405,0.020841649795362405,0.020841649795362405,0.02084164979536235,0.020841649795362405,0.020841649795362405,0.02084164979536235,0.02084164979536246,0.02084164979536235,0.020841649795362405,0.020841649795362405,0.02084164979536246,0.020841649795362405,0.020841649795362294,0.020841649795362405,0.020841649795362405,0.020841649795362516,0.020841649795362294,0.020841649795362405,0.019565847266385217,0.019565847266385217,0.019565847266385328,0.019565847266385217,0.019565847266385328,0.019565847266385106,0.019565847266385328,0.019565847266385217,0.019565847266385217,0.019565847266385328,0.019565847266385217,0.019565847266385217,0.019565847266385328,0.019565847266385217,0.019565847266385106,0.01956584726638544,0.019565847266385217,0.019565847266385217,0.019565847266385328,0.019565847266385106,0.019565847266385106,0.01956584726638555,0.019565847266385106,0.019565847266385106,0.019565847266385328,0.01956584726638555,0.019565847266385106,0.019565847266385106,0.019565847266385328,0.019565847266385106,0.019565847266385328,0.0013529081590810677,0.0013529081590808456,0.0013529081590810677,0.0013529081590808456,0.0013529081590810677,0.0013529081590808456,0.0013529081590810677,0.0013529081590808456,0.0013529081590810677,0.0013529081590810677,0.0013529081590808456,0.0013529081590810677,0.0013529081590808456,0.0013529081590810677,0.0013529081590806236,0.0013529081590810677,0.0013529081590808456,0.0013529081590810677,0.0013529081590808456,0.0013529081590810677,0.0013529081590808456,0.0013529081590810677,0.0013529081590810677,0.0013529081590808456,0.0013529081590810677,0.0013529081590808456,0.0013529081590810677,0.0013529081590808456,0.0013529081590810677,0.0013529081590808456,-6.300476904239627e-4,-6.300476904239627e-4,-6.300476904239627e-4,-6.300476904239627e-4,-6.300476904241847e-4,-6.300476904239627e-4,-6.300476904239627e-4,-6.300476904239627e-4,-6.300476904241847e-4,-6.300476904237406e-4,-6.300476904241847e-4,-6.300476904239627e-4,-6.300476904239627e-4,-6.300476904241847e-4,-6.300476904237406e-4,-6.300476904241847e-4,-6.300476904237406e-4,-6.300476904241847e-4,-6.300476904241847e-4,-6.300476904237406e-4,-6.300476904241847e-4,-6.300476904237406e-4,-6.300476904241847e-4,-6.300476904239627e-4,-6.300476904239627e-4,-6.300476904241847e-4,-6.300476904239627e-4,-6.300476904239627e-4,-6.300476904239627e-4,-6.300476904239627e-4,-6.300476904239627e-4,-0.004436254887387303,-0.004436254887387303,-0.004436254887387303,-0.004436254887387081,-0.004436254887387303,-0.004436254887387303,-0.004436254887387303,-0.004436254887387303,-0.004436254887387303,-0.004436254887387303,-0.004436254887387303,-0.004436254887387081,-0.004436254887387303,-0.004436254887387303,-0.004436254887387303,-0.004436254887387303,-0.004436254887387303,-0.004436254887387303,-0.004436254887387303,-0.004436254887387081,-0.004436254887387303,-0.004436254887387081,-0.004436254887387303,-0.004436254887387303,-0.004436254887387303,-0.004436254887387303,-0.004436254887387081,-0.004436254887387303,-0.004436254887387303,-0.004436254887387303,-0.004436254887387303,-0.014954025972666152,-0.014954025972666596,-0.014954025972666152,-0.014954025972666152,-0.014954025972666152,-0.014954025972666596,-0.014954025972666152,-0.014954025972666152,-0.014954025972666374,-0.014954025972666374,-0.014954025972666152,-0.014954025972666374,-0.014954025972666263,-0.014954025972666152,-0.014954025972666485,-0.014954025972666152,-0.014954025972666263,-0.014954025972666152,-0.014954025972666485,-0.014954025972666152,-0.014954025972666263,-0.014954025972666263,-0.014954025972666374,-0.014954025972666152,-0.014954025972666374,-0.014954025972666263,-0.014954025972666263,-0.014954025972666263,-0.014954025972666374,-0.014954025972666152,-0.017598354813418537,-0.017598354813418426
0.05376719647189696,1.8067228733745916e-4,0.01678825114162638,0.01678825114162638,0.01678825114162638,0.016788251141626367,0.016788251141626354,0.01678825114162638,0.01678825114162638,0.01678825114162638,0.01678825114162638,0.016788251141626354,0.01678825114162638,0.016788251141626437,0.016788251141626354,0.016788251141626354,0.01678825114162641,0.016788251141626354,0.01678825114162641,0.016788251141626354,0.016788251141626298,0.016788251141626465,0.016788251141626298,0.016788251141626465,0.01678825114162641,0.016788251141626354,0.01678825114162641,0.016788251141626354,0.016788251141626298,0.01678825114162641,0.01678825114162641,0.01678825114162641,0.019728704440325595,0.019728704440325595,0.019728704440325595,0.019728704440325595,0.019728704440325706,0.019728704440325484,0.019728704440325706,0.019728704440325595,0.019728704440325595,0.019728704440325484,0.019728704440325595,0.019728704440325595,0.019728704440325595,0.019728704440325706,0.019728704440325484,0.019728704440325706,0.019728704440325484,0.019728704440325706,0.019728704440325595,0.019728704440325595,0.019728704440325595,0.019728704440325595,0.019728704440325817,0.019728704440325373,0.019728704440325373,0.019728704440325817,0.019728704440325817,0.019728704440325595,0.019728704440325373,0.019728704440325595,0.019728704440325595,0.012261917980545878,0.012261917980545656,0.012261917980545878,0.012261917980545878,0.012261917980545878,0.012261917980545434,0.012261917980545878,0.012261917980545878,0.012261917980545878,0.012261917980545656,0.012261917980545656,0.012261917980545878,0.012261917980545878,0.012261917980545656,0.012261917980545878,0.012261917980545656,0.012261917980545656,0.012261917980545878,0.012261917980545878,0.012261917980545878,0.012261917980545656,0.012261917980545656,0.012261917980545878,0.012261917980545878,0.012261917980545656,0.012261917980545878,0.012261917980545656,0.012261917980545656,0.012261917980545878,0.012261917980545878,-0.009718500030696742,-0.009718500030696742,-0.009718500030696742,-0.009718500030696742,-0.009718500030696742,-0.009718500030696742,-0.009718500030696742,-0.009718500030696742,-0.00971850003069652,-0.009718500030696964,-0.009718500030696742,-0.009718500030696742,-0.009718500030696742,-0.009718500030696742,-0.009718500030696742,-0.009718500030696742,-0.009718500030696742,-0.009718500030696742,-0.009718500030696742,-0.009718500030696742,-0.009718500030696742,-0.009718500030696742,-0.009718500030696742,-0.00971850003069652,-0.009718500030696742,-0.009718500030696742,-0.009718500030696742,-0.009718500030696742,-0.009718500030696742,-0.009718500030696742,-0.009718500030696742,0.001046814398319107,0.001046814398319329,0.001046814398319107,0.001046814398319329,0.001046814398319107,0.001046814398319107,0.001046814398319329,0.001046814398319107,0.001046814398319107,0.001046814398319551,0.001046814398319107,0.001046814398319329,0.001046814398319107,0.001046814398319107,0.001046814398319329,0.001046814398319107,0.001046814398319329,0.001046814398319107,0.001046814398319107,0.001046814398319329,0.001046814398319329,0.001046814398319329,0.001046814398319107,0.001046814398319107,0.001046814398319329,0.001046814398319107,0.001046814398319107,0.001046814398319329,0.001046814398319107,0.001046814398319329,0.001046814398319107,-0.027161712380056713,-0.027161712380056935,-0.027161712380056935,-0.027161712380056713,-0.027161712380056935,-0.027161712380056713,-0.027161712380056713,-0.027161712380056935,-0.027161712380056713,-0.027161712380056935,-0.027161712380056824,-0.027161712380056935,-0.027161712380056824,-0.027161712380056824,-0.027161712380056713,-0.027161712380056824,-0.027161712380056824,-0.027161712380056824,-0.027161712380056935,-0.027161712380056824,-0.027161712380056713,-0.027161712380056824,-0.027161712380057046,-0.027161712380056824,-0.027161712380056713,-0.027161712380056824,-0.027161712380056935,-0.027161712380056824,-0.02716171238005677,NA,NA,NA
0.05474128012752755,-0.001666995719620916,0.025532373253249842,0.02553237325324985,0.025532373253249835,0.025532373253249835,0.025532373253249863,0.025532373253249835,0.025532373253249863,0.025532373253249807,0.025532373253249863,0.025532373253249863,0.025532373253249863,0.025532373253249807,0.025532373253249863,0.025532373253249863,0.025532373253249807,0.025532373253249863,0.025532373253249863,0.025532373253249807,0.025532373253249863,0.025532373253249863,0.025532373253249863,0.025532373253249863,0.02553237325324975,0.025532373253249863,0.025532373253249863,0.025532373253249863,0.025532373253249863,0.025532373253249863,0.025532373253249863,0.02553237325324975,0.015693978304864964,0.015693978304864853,0.015693978304864964,0.015693978304864964,0.015693978304864853,0.015693978304864964,0.015693978304864964,0.015693978304864964,0.015693978304864853,0.015693978304864964,0.015693978304864853,0.015693978304864853,0.015693978304865075,0.015693978304864853,0.015693978304864853,0.015693978304864853,0.015693978304865075,0.015693978304864853,0.015693978304864853,0.015693978304864853,0.015693978304865075,0.015693978304864853,0.015693978304864853,0.015693978304864853,0.015693978304865075,0.015693978304864853,0.015693978304864853,0.015693978304865075,0.015693978304864853,0.015693978304864853,0.015693978304864853,0.0022182134043351454,0.0022182134043351454,0.0022182134043351454,0.0022182134043349233,0.0022182134043351454,0.0022182134043351454,0.0022182134043351454,0.0022182134043351454,0.0022182134043351454,0.0022182134043351454,0.0022182134043351454,0.0022182134043349233,0.0022182134043351454,0.0022182134043351454,0.0022182134043351454,0.0022182134043351454,0.0022182134043351454,0.0022182134043351454,0.0022182134043349233,0.0022182134043351454,0.0022182134043351454,0.0022182134043351454,0.0022182134043349233,0.0022182134043351454,0.0022182134043351454,0.0022182134043351454,0.0022182134043349233,0.0022182134043351454,0.0022182134043351454,0.0022182134043351454,-0.0027531495877921586,-0.0027531495877919365,-0.0027531495877921586,-0.0027531495877921586,-0.0027531495877919365,-0.0027531495877921586,-0.0027531495877921586,-0.0027531495877921586,-0.0027531495877921586,-0.0027531495877919365,-0.0027531495877921586,-0.0027531495877921586,-0.0027531495877919365,-0.0027531495877921586,-0.0027531495877921586,-0.0027531495877919365,-0.0027531495877923806,-0.0027531495877921586,-0.0027531495877919365,-0.0027531495877921586,-0.0027531495877919365,-0.0027531495877921586,-0.0027531495877921586,-0.0027531495877921586,-0.0027531495877919365,-0.0027531495877923806,-0.0027531495877919365,-0.0027531495877921586,-0.0027531495877921586,-0.0027531495877919365,-0.0027531495877921586,-0.005553918846474604,-0.005553918846474826,-0.005553918846474604,-0.005553918846474826,-0.005553918846474604,-0.005553918846474826,-0.005553918846474604,-0.005553918846474604,-0.005553918846474826,-0.005553918846474604,-0.005553918846474826,-0.005553918846474604,-0.005553918846474826,-0.005553918846474604,-0.005553918846474604,-0.005553918846474604,-0.005553918846474604,-0.005553918846474826,-0.005553918846474604,-0.005553918846474826,-0.005553918846474604,-0.005553918846474826,-0.005553918846474604,-0.005553918846474604,-0.005553918846474826,-0.005553918846474604,-0.005553918846474826,-0.005553918846474604,-0.005553918846474826,-0.005553918846474604,-0.005553918846474604,-0.026448710613058424,-0.026448710613058424,-0.026448710613058646,-0.026448710613058424,-0.026448710613058313,-0.026448710613058424,-0.026448710613058424,-0.026448710613058535,-0.026448710613058313,-0.026448710613058424,-0.026448710613058535,-0.026448710613058424,-0.026448710613058313,-0.026448710613058424,-0.026448710613058535,-0.026448710613058424,-0.026448710613058424,-0.026448710613058424,-0.026448710613058424,-0.026448710613058313,-0.026448710613058535,-0.026448710613058424,-0.026448710613058424,-0.026448710613058424,-0.026448710613058535,-0.026448710613058368,-0.026448710613058424,-0.026448710613058368,-0.026448710613058535,-0.026448710613058368,-0.010358863604265911,-0.010358863604265967
0.05812594001773797,-0.0014192093541066722,0.023848556202868743,0.023848556202868756,0.023848556202868756,0.023848556202868743,0.023848556202868743,0.023848556202868743,0.02384855620286877,0.023848556202868743,0.023848556202868743,0.023848556202868743,0.023848556202868743,0.023848556202868743,0.023848556202868798,0.023848556202868743,0.023848556202868743,0.023848556202868743,0.023848556202868743,0.023848556202868743,0.023848556202868743,0.023848556202868743,0.023848556202868743,0.023848556202868743,0.023848556202868854,0.02384855620286863,0.023848556202868854,0.023848556202868743,0.023848556202868743,0.023848556202868743,0.023848556202868743,0.023848556202868743,0.013832382310604796,0.013832382310604796,0.013832382310604796,0.013832382310604796,0.013832382310604796,0.013832382310604796,0.013832382310604907,0.013832382310604907,0.013832382310604796,0.013832382310604796,0.013832382310604796,0.013832382310604796,0.013832382310604796,0.013832382310604796,0.013832382310604685,0.013832382310604907,0.013832382310605018,0.013832382310604574,0.013832382310605018,0.013832382310604574,0.013832382310605018,0.013832382310604574,0.013832382310605018,0.013832382310604796,0.013832382310604796,0.013832382310604796,0.013832382310604796,0.013832382310604796,0.013832382310604796,0.013832382310604796,0.013832382310604796,0.008912940418092763,0.008912940418092763,0.008912940418092763,0.008912940418092763,0.008912940418092541,0.008912940418092985,0.008912940418092541,0.008912940418092763,0.008912940418092763,0.008912940418092541,0.008912940418092985,0.008912940418092541,0.008912940418092985,0.008912940418092541,0.008912940418092541,0.008912940418092985,0.008912940418092541,0.008912940418092985,0.008912940418092541,0.008912940418092763,0.008912940418092763,0.008912940418092541,0.008912940418092985,0.008912940418092763,0.008912940418092541,0.008912940418092763,0.008912940418092763,0.008912940418092763,0.008912940418092541,0.008912940418092763,-0.003675135830834231,-0.003675135830834453,-0.003675135830834231,-0.003675135830834231,-0.003675135830834453,-0.003675135830834231,-0.003675135830834231,-0.003675135830834453,-0.003675135830834453,-0.003675135830834231,-0.003675135830834453,-0.003675135830834231,-0.003675135830834231,-0.003675135830834231,-0.003675135830834453,-0.003675135830834231,-0.003675135830834231,-0.003675135830834453,-0.003675135830834231,-0.003675135830834453,-0.003675135830834453,-0.003675135830834231,-0.003675135830834231,-0.003675135830834453,-0.003675135830834231,-0.003675135830834231,-0.003675135830834453,-0.003675135830834231,-0.003675135830834231,-0.003675135830834675,-0.003675135830834231,-0.002867027051720372,-0.00286702705172015,-0.002867027051720372,-0.002867027051720372,-0.002867027051720372,-0.00286702705172015,-0.002867027051720372,-0.002867027051720372,-0.002867027051720372,-0.002867027051720372,-0.002867027051720372,-0.002867027051720372,-0.00286702705172015,-0.002867027051720372,-0.002867027051720372,-0.00286702705172015,-0.002867027051720372,-0.002867027051720372,-0.002867027051720372,-0.002867027051720372,-0.002867027051720372,-0.002867027051720372,-0.002867027051720372,-0.00286702705172015,-0.002867027051720372,-0.002867027051720372,-0.00286702705172015,-0.002867027051720372,-0.002867027051720372,-0.002867027051720372,-0.002867027051720372,-0.04120591440980048,-0.041205914409800704,-0.041205914409800704,-0.04120591440980048,-0.041205914409800926,-0.04120591440980048,-0.041205914409800704,-0.04120591440980059,-0.04120591440980059,-0.04120591440980059,-0.04120591440980059,-0.041205914409800704,-0.041205914409800704,-0.04120591440980059,-0.041205914409800704,-0.04120591440980059,-0.04120591440980059,-0.041205914409800704,-0.04120591440980059,-0.04120591440980059,-0.04120591440980065,-0.04120591440980059,-0.041205914409800815,-0.04120591440980048,-0.04120591440980084,-0.04120591440980062,-0.04120591440980059,-0.041205914409800606,-0.041205914409800606,-0.04120591440980069,-9.474515892906842e-4,-9.474515892906911e-4
0.12585302486028144,-3.4970637230852253e-4,0.02864648325122418,0.02864648325122421,0.02864648325122421,0.02864648325122418,0.028646483251224153,0.02864648325122421,0.02864648325122421,0.028646483251224153,0.02864648325122421,0.02864648325122421,0.028646483251224153,0.02864648325122421,0.028646483251224153,0.028646483251224264,0.02864648325122421,0.028646483251224097,0.028646483251224097,0.02864648325122443,0.028646483251224097,0.028646483251224097,0.028646483251224097,0.02864648325122432,0.02864648325122421,0.02864648325122432,0.028646483251224097,0.028646483251224097,0.02864648325122421,0.02864648325122432,0.028646483251224097,0.028646483251224097,0.01303636481599868,0.013036364815999013,0.013036364815998569,0.013036364815999013,0.013036364815998791,0.013036364815998569,0.013036364815999013,0.013036364815998791,0.013036364815998791,0.013036364815998791,0.013036364815998791,0.013036364815998791,0.013036364815998791,0.013036364815998791,0.013036364815998791,0.013036364815998791,0.013036364815998791,0.013036364815999013,0.013036364815998569,0.013036364815998791,0.013036364815998791,0.013036364815998791,0.013036364815999013,0.013036364815998569,0.013036364815999013,0.013036364815998569,0.013036364815998791,0.013036364815999013,0.013036364815998569,0.013036364815999013,0.013036364815998791,-0.0053630993229354385,-0.0053630993229354385,-0.005363099322935216,-0.0053630993229354385,-0.0053630993229354385,-0.005363099322935216,-0.005363099322935216,-0.0053630993229354385,-0.0053630993229354385,-0.005363099322935216,-0.005363099322935216,-0.0053630993229354385,-0.0053630993229354385,-0.005363099322935216,-0.005363099322935216,-0.0053630993229354385,-0.0053630993229354385,-0.005363099322935216,-0.005363099322935216,-0.0053630993229354385,-0.005363099322935216,-0.0053630993229354385,-0.005363099322935216,-0.0053630993229354385,-0.0053630993229354385,-0.005363099322935216,-0.005363099322935216,-0.0053630993229354385,-0.0053630993229354385,-0.005363099322935216,-0.011877269843028282,-0.011877269843028282,-0.011877269843028282,-0.011877269843028282,-0.011877269843028282,-0.011877269843028282,-0.011877269843028282,-0.011877269843028282,-0.011877269843028282,-0.011877269843028282,-0.011877269843028282,-0.011877269843028282,-0.011877269843028282,-0.011877269843028282,-0.011877269843028282,-0.011877269843028504,-0.01187726984302806,-0.011877269843028504,-0.011877269843028282,-0.011877269843028282,-0.01187726984302806,-0.011877269843028504,-0.011877269843028282,-0.011877269843028282,-0.011877269843028282,-0.011877269843028282,-0.011877269843028282,-0.011877269843028282,-0.011877269843028282,-0.011877269843028282,-0.011877269843028282,0.007983278453834175,0.007983278453834175,0.007983278453834064,0.007983278453834064,0.007983278453834175,0.007983278453834175,0.007983278453834175,0.007983278453834064,0.007983278453834175,0.007983278453834064,0.007983278453834175,0.007983278453834175,0.007983278453834175,0.007983278453834064,0.007983278453834064,0.007983278453834286,0.007983278453834064,0.007983278453834175,0.007983278453834064,0.007983278453834064,0.007983278453834286,0.007983278453834064,0.007983278453834286,0.007983278453833842,0.007983278453834064,0.007983278453834286,0.007983278453834064,0.007983278453834286,0.007983278453834064,0.007983278453834286,0.007983278453834064,-0.008943778667435787,-0.008943778667435787,-0.008943778667435787,-0.008943778667435787,-0.008943778667435787,-0.008943778667435787,-0.008943778667435565,-0.008943778667436009,-0.008943778667435565,-0.008943778667435787,-0.008943778667435787,-0.008943778667435787,-0.008943778667435898,-0.008943778667435676,-0.008943778667435676,-0.008943778667435898,-0.008943778667435676,-0.008943778667435787,-0.008943778667435787,-0.008943778667435787,-0.008943778667435676,-0.008943778667435787,-0.008943778667435787,-0.008943778667435787,-0.008943778667435787,-0.008943778667435676,-0.008943778667435787,-0.008943778667435898,-0.008943778667435676,-0.008943778667435787,-0.017491604184104892,-0.017491604184105003
0.04324466958072933,-0.002235075945689627,0.017413030599979583,0.01741303059997959,0.017413030599979604,0.01741303059997959,0.017413030599979604,0.01741303059997959,0.01741303059997959,0.017413030599979562,0.01741303059997959,0.01741303059997959,0.01741303059997959,0.017413030599979618,0.01741303059997959,0.017413030599979562,0.017413030599979618,0.017413030599979562,0.017413030599979673,0.017413030599979562,0.017413030599979618,0.017413030599979562,0.017413030599979562,0.017413030599979618,0.017413030599979618,0.017413030599979618,0.017413030599979562,0.017413030599979562,0.017413030599979618,0.017413030599979562,0.017413030599979673,0.01741303059997945,0.027684104530423803,0.027684104530423914,0.027684104530423803,0.027684104530423914,0.027684104530423914,0.027684104530423803,0.027684104530423692,0.027684104530423914,0.027684104530423914,0.027684104530423803,0.027684104530423803,0.027684104530423914,0.027684104530423914,0.027684104530423692,0.027684104530423914,0.027684104530423803,0.027684104530423914,0.027684104530423914,0.027684104530423692,0.027684104530423914,0.027684104530423692,0.027684104530423914,0.027684104530423914,0.027684104530423914,0.027684104530423914,0.027684104530423914,0.027684104530423692,0.027684104530423692,0.027684104530423914,0.027684104530423914,0.027684104530423692,0.003352130976207457,0.003352130976207457,0.003352130976207457,0.003352130976207457,0.003352130976207457,0.003352130976207457,0.003352130976207235,0.003352130976207457,0.003352130976207457,0.003352130976207457,0.003352130976207235,0.003352130976207679,0.003352130976207457,0.003352130976207235,0.003352130976207457,0.003352130976207457,0.003352130976207457,0.003352130976207235,0.003352130976207679,0.003352130976207457,0.003352130976207235,0.003352130976207457,0.003352130976207457,0.003352130976207457,0.003352130976207235,0.003352130976207679,0.003352130976207457,0.003352130976207235,0.003352130976207457,0.003352130976207457,-0.004422150510607681,-0.004422150510607237,-0.004422150510607459,-0.004422150510607681,-0.004422150510607459,-0.004422150510607459,-0.004422150510607459,-0.004422150510607459,-0.004422150510607681,-0.004422150510607237,-0.004422150510607681,-0.004422150510607459,-0.004422150510607681,-0.004422150510607237,-0.004422150510607459,-0.004422150510607681,-0.004422150510607459,-0.004422150510607459,-0.004422150510607459,-0.004422150510607459,-0.004422150510607681,-0.004422150510607237,-0.004422150510607681,-0.004422150510607459,-0.004422150510607459,-0.004422150510607459,-0.004422150510607459,-0.004422150510607681,-0.004422150510607459,-0.004422150510607459,-0.004422150510607459,-0.012622508062942961,-0.012622508062942739,-0.012622508062942961,-0.012622508062942961,-0.012622508062942961,-0.012622508062942739,-0.012622508062942961,-0.012622508062942961,-0.012622508062942739,-0.012622508062942961,-0.012622508062942961,-0.012622508062942739,-0.012622508062943183,-0.012622508062942739,-0.012622508062942961,-0.012622508062942739,-0.012622508062942961,-0.012622508062942739,-0.012622508062942961,-0.012622508062943183,-0.012622508062942739,-0.012622508062942961,-0.012622508062942739,-0.012622508062942961,-0.012622508062942739,-0.012622508062942961,-0.012622508062943183,-0.012622508062942517,-0.012622508062943183,-0.012622508062942739,-0.012622508062942961,-0.025990676157670256,-0.025990676157670478,-0.025990676157670367,-0.025990676157670478,-0.025990676157670367,-0.025990676157670367,-0.025990676157670367,-0.025990676157670478,-0.025990676157670367,-0.025990676157670478,-0.025990676157670256,-0.025990676157670367,-0.025990676157670478,-0.025990676157670367,-0.025990676157670478,-0.025990676157670367,-0.025990676157670367,-0.025990676157670367,-0.025990676157670423,-0.025990676157670367,-0.025990676157670367,-0.025990676157670423,-0.025990676157670478,-0.025990676157670367,-0.025990676157670367,-0.025990676157670478,-0.02599067615767031,-0.025990676157670367,-0.025990676157670478,NA,NA,NA
0.034841138065464676,-0.001236173990155666,0.021755676279787473,0.021755676279787473,0.021755676279787473,0.021755676279787473,0.021755676279787486,0.021755676279787473,0.021755676279787473,0.021755676279787473,0.021755676279787473,0.021755676279787445,0.021755676279787528,0.021755676279787417,0.021755676279787528,0.021755676279787417,0.021755676279787528,0.021755676279787417,0.021755676279787528,0.021755676279787417,0.021755676279787528,0.021755676279787417,0.021755676279787417,0.021755676279787528,0.021755676279787473,0.021755676279787473,0.021755676279787473,0.021755676279787473,0.021755676279787473,0.021755676279787473,0.021755676279787473,0.021755676279787473,0.016023302127621708,0.016023302127621486,0.016023302127621708,0.016023302127621597,0.016023302127621597,0.016023302127621597,0.016023302127621597,0.016023302127621708,0.016023302127621597,0.016023302127621597,0.016023302127621597,0.016023302127621708,0.016023302127621597,0.016023302127621597,0.016023302127621708,0.016023302127621486,0.016023302127621708,0.016023302127621597,0.016023302127621486,0.016023302127621597,0.016023302127621708,0.016023302127621708,0.016023302127621708,0.016023302127621486,0.016023302127621486,0.016023302127621708,0.016023302127621708,0.016023302127621708,0.016023302127621486,0.01602330212762193,0.016023302127621264,0.007014663894236328,0.007014663894236106,0.007014663894236106,0.007014663894236328,0.007014663894236106,0.007014663894236106,0.007014663894236328,0.007014663894236106,0.007014663894236106,0.007014663894236106,0.007014663894236328,0.007014663894236106,0.007014663894236106,0.007014663894236328,0.007014663894236106,0.007014663894236106,0.007014663894236328,0.007014663894236106,0.007014663894236106,0.007014663894236106,0.007014663894236328,0.007014663894236106,0.007014663894236106,0.007014663894236328,0.007014663894236106,0.007014663894236106,0.007014663894236328,0.007014663894236106,0.007014663894236106,0.007014663894236106,-0.0045244582692245405,-0.0045244582692245405,-0.004524458269224763,-0.0045244582692245405,-0.004524458269224763,-0.0045244582692245405,-0.004524458269224763,-0.0045244582692245405,-0.004524458269224763,-0.0045244582692245405,-0.0045244582692245405,-0.004524458269224763,-0.0045244582692245405,-0.004524458269224763,-0.0045244582692243185,-0.004524458269224985,-0.0045244582692243185,-0.004524458269224763,-0.0045244582692245405,-0.004524458269224763,-0.0045244582692245405,-0.0045244582692245405,-0.004524458269224763,-0.0045244582692245405,-0.004524458269224763,-0.0045244582692245405,-0.004524458269224763,-0.0045244582692245405,-0.004524458269224763,-0.0045244582692245405,-0.0045244582692245405,3.238423903644261e-4,3.238423903644261e-4,3.238423903646481e-4,3.238423903644261e-4,3.238423903646481e-4,3.238423903644261e-4,3.238423903646481e-4,3.238423903644261e-4,3.238423903646481e-4,3.238423903644261e-4,3.238423903646481e-4,3.238423903644261e-4,3.238423903646481e-4,3.238423903644261e-4,3.238423903644261e-4,3.238423903646481e-4,3.238423903646481e-4,3.238423903644261e-4,3.238423903644261e-4,3.238423903646481e-4,3.238423903646481e-4,3.2384239036420404e-4,3.238423903646481e-4,3.238423903646481e-4,3.238423903646481e-4,3.2384239036420404e-4,3.238423903646481e-4,3.238423903646481e-4,3.238423903646481e-4,3.2384239036420404e-4,3.238423903646481e-4,-0.02380628189527112,-0.02380628189527112,-0.023806281895270898,-0.02380628189527112,-0.02380628189527112,-0.02380628189527112,-0.023806281895270676,-0.023806281895271342,-0.023806281895270898,-0.02380628189527112,-0.02380628189527112,-0.02380628189527101,-0.02380628189527101,-0.02380628189527112,-0.02380628189527101,-0.02380628189527112,-0.02380628189527101,-0.02380628189527112,-0.02380628189527101,-0.02380628189527101,-0.02380628189527112,-0.02380628189527101,-0.02380628189527112,-0.02380628189527101,-0.02380628189527112,-0.02380628189527101,-0.02380628189527112,-0.023806281895270898,-0.02380628189527112,-0.02380628189527101,-0.0177106447144999,-0.01771064471449979
0.06223020975077011,-0.0010076805974153918,0.016720117800089765,0.016720117800089765,0.016720117800089765,0.016720117800089793,0.01672011780008975,0.01672011780008978,0.01672011780008978,0.01672011780008975,0.01672011780008975,0.01672011780008975,0.01672011780008975,0.016720117800089807,0.01672011780008975,0.016720117800089807,0.01672011780008975,0.01672011780008975,0.01672011780008975,0.016720117800089807,0.01672011780008975,0.01672011780008975,0.01672011780008975,0.01672011780008975,0.016720117800089862,0.01672011780008975,0.01672011780008975,0.01672011780008975,0.01672011780008975,0.01672011780008975,0.01672011780008975,0.01672011780008975,0.020059974715893825,0.020059974715893825,0.020059974715893825,0.020059974715893936,0.020059974715893714,0.020059974715893936,0.020059974715893714,0.020059974715893936,0.020059974715893825,0.020059974715893825,0.020059974715893714,0.020059974715893936,0.020059974715893825,0.020059974715893714,0.020059974715893936,0.020059974715893825,0.020059974715893825,0.020059974715893714,0.020059974715893936,0.020059974715893825,0.020059974715893714,0.020059974715894158,0.020059974715893603,0.020059974715893603,0.02005997471589427,0.020059974715893603,0.020059974715893825,0.020059974715893825,0.020059974715893825,0.020059974715894047,0.020059974715893603,0.006884985892994244,0.006884985892994244,0.006884985892994244,0.006884985892994022,0.006884985892994244,0.006884985892994244,0.006884985892994022,0.006884985892994466,0.006884985892994022,0.006884985892994244,0.006884985892994244,0.006884985892994022,0.006884985892994244,0.006884985892994244,0.006884985892994244,0.006884985892994022,0.006884985892994244,0.006884985892994244,0.006884985892994022,0.006884985892994466,0.006884985892994022,0.006884985892994244,0.006884985892994244,0.006884985892994022,0.006884985892994244,0.006884985892994244,0.006884985892994244,0.006884985892994022,0.006884985892994466,0.006884985892994022,-0.0024755745843754173,-0.0024755745843751953,-0.0024755745843754173,-0.0024755745843754173,-0.0024755745843754173,-0.0024755745843754173,-0.0024755745843751953,-0.0024755745843754173,-0.0024755745843754173,-0.0024755745843751953,-0.0024755745843754173,-0.0024755745843754173,-0.0024755745843754173,-0.0024755745843754173,-0.0024755745843751953,-0.0024755745843754173,-0.0024755745843751953,-0.0024755745843754173,-0.0024755745843754173,-0.0024755745843754173,-0.0024755745843754173,-0.0024755745843751953,-0.0024755745843754173,-0.0024755745843754173,-0.0024755745843751953,-0.0024755745843754173,-0.0024755745843756394,-0.0024755745843751953,-0.0024755745843754173,-0.0024755745843751953,-0.0024755745843754173,-0.004036910267537719,-0.004036910267537719,-0.004036910267537941,-0.004036910267537719,-0.004036910267537719,-0.004036910267537941,-0.004036910267537719,-0.004036910267537941,-0.004036910267537719,-0.004036910267537719,-0.004036910267537719,-0.004036910267537719,-0.004036910267537941,-0.004036910267537719,-0.004036910267537719,-0.004036910267537941,-0.004036910267537719,-0.004036910267537941,-0.004036910267537719,-0.004036910267537719,-0.004036910267537719,-0.004036910267537719,-0.004036910267537719,-0.004036910267537941,-0.004036910267537719,-0.004036910267537719,-0.004036910267537941,-0.004036910267537719,-0.004036910267537941,-0.004036910267537719,-0.004036910267537719,-0.01432748485816493,-0.01432748485816493,-0.014327484858165151,-0.01432748485816493,-0.014327484858165151,-0.01432748485816493,-0.01432748485816493,-0.01432748485816493,-0.01432748485816493,-0.014327484858165151,-0.014327484858165151,-0.01432748485816493,-0.01432748485816493,-0.01432748485816493,-0.014327484858165263,-0.01432748485816493,-0.01432748485816493,-0.01432748485816504,-0.01432748485816493,-0.01432748485816493,-0.014327484858165151,-0.01432748485816493,-0.01432748485816504,-0.01432748485816504,-0.01432748485816493,-0.01432748485816504,-0.01432748485816504,-0.01432748485816504,-0.01432748485816493,-0.01432748485816504,-0.019652639810304184,-0.019652639810304295
0.059157569742625024,-0.002076008978510409,0.016920360775461087,0.016920360775461066,0.016920360775461094,0.016920360775461066,0.01692036077546108,0.016920360775461107,0.016920360775461052,0.01692036077546108,0.016920360775461107,0.016920360775461052,0.016920360775461107,0.01692036077546108,0.016920360775461052,0.016920360775461052,0.016920360775461163,0.016920360775461052,0.016920360775461107,0.016920360775461052,0.016920360775461052,0.016920360775461107,0.016920360775461107,0.016920360775461052,0.016920360775461107,0.016920360775461052,0.016920360775461163,0.016920360775461052,0.016920360775460996,0.016920360775461107,0.016920360775461107,0.016920360775461107,0.022147309847821206,0.022147309847821206,0.022147309847821317,0.022147309847821206,0.022147309847821206,0.022147309847821206,0.022147309847821317,0.022147309847821095,0.022147309847821317,0.022147309847821206,0.022147309847821317,0.022147309847821095,0.022147309847821428,0.022147309847821095,0.022147309847821206,0.022147309847821317,0.022147309847821095,0.022147309847821317,0.022147309847821317,0.022147309847821206,0.022147309847821095,0.022147309847821317,0.022147309847821095,0.022147309847821317,0.022147309847821317,0.022147309847821317,0.022147309847821095,0.022147309847821095,0.022147309847821317,0.022147309847821317,0.022147309847821317,0.005898432149692212,0.00589843214969199,0.005898432149692212,0.005898432149692434,0.00589843214969199,0.005898432149692212,0.005898432149692434,0.00589843214969199,0.005898432149692212,0.005898432149692212,0.005898432149692212,0.005898432149692212,0.005898432149692212,0.00589843214969199,0.005898432149692434,0.005898432149692212,0.00589843214969199,0.005898432149692434,0.005898432149692212,0.00589843214969199,0.005898432149692212,0.005898432149692434,0.00589843214969199,0.005898432149692212,0.005898432149692212,0.005898432149692212,0.005898432149692212,0.005898432149692212,0.005898432149692212,0.005898432149692212,2.3759759410602044e-5,2.375975941082409e-5,2.3759759410602044e-5,2.375975941082409e-5,2.3759759410602044e-5,2.375975941082409e-5,2.3759759410602044e-5,2.375975941082409e-5,2.3759759410602044e-5,2.375975941082409e-5,2.3759759410602044e-5,2.375975941082409e-5,2.3759759410602044e-5,2.375975941082409e-5,2.3759759410602044e-5,2.3759759410602044e-5,2.3759759410602044e-5,2.375975941082409e-5,2.3759759410602044e-5,2.375975941082409e-5,2.3759759410602044e-5,2.375975941082409e-5,2.3759759410602044e-5,2.375975941082409e-5,2.375975941082409e-5,2.3759759410602044e-5,2.375975941082409e-5,2.3759759410602044e-5,2.375975941082409e-5,2.3759759410602044e-5,2.375975941082409e-5,-0.016375519114399273,-0.01637551911439883,-0.01637551911439905,-0.01637551911439883,-0.016375519114399273,-0.01637551911439905,-0.01637551911439883,-0.01637551911439905,-0.01637551911439905,-0.01637551911439905,-0.01637551911439905,-0.01637551911439883,-0.016375519114399273,-0.01637551911439883,-0.01637551911439905,-0.01637551911439905,-0.01637551911439883,-0.016375519114399273,-0.01637551911439883,-0.01637551911439905,-0.01637551911439905,-0.01637551911439905,-0.01637551911439905,-0.01637551911439883,-0.01637551911439905,-0.01637551911439905,-0.01637551911439905,-0.01637551911439905,-0.01637551911439894,-0.01637551911439905,-0.01637551911439905,-0.002642970812845702,-0.002642970812845813,-0.002642970812845702,-0.002642970812845813,-0.002642970812845813,-0.002642970812845702,-0.002642970812845702,-0.002642970812845813,-0.002642970812845813,-0.002642970812845702,-0.002642970812845813,-0.002642970812845702,-0.002642970812845813,-0.002642970812845813,-0.002642970812845702,-0.002642970812845702,-0.002642970812845813,-0.002642970812845813,-0.002642970812845702,-0.002642970812845813,-0.002642970812845702,-0.002642970812845813,-0.002642970812845813,-0.002642970812845702,-0.002642970812845702,-0.002642970812845813,-0.002642970812845813,-0.002642970812845702,-0.002642970812845813,-0.002642970812845702,-0.007834373820484908,-0.007834373820484686
0.07136925238478206,4.1727229277695177e-4,0.02103568192201287,0.021035681922012897,0.021035681922012897,0.021035681922012855,0.021035681922012883,0.021035681922012883,0.021035681922012883,0.02103568192201291,0.021035681922012828,0.02103568192201294,0.021035681922012883,0.021035681922012828,0.02103568192201294,0.021035681922012828,0.02103568192201294,0.021035681922012883,0.021035681922012828,0.02103568192201294,0.021035681922012828,0.021035681922012883,0.021035681922012883,0.021035681922012994,0.021035681922012883,0.021035681922012772,0.021035681922012883,0.021035681922012883,0.021035681922012994,0.021035681922012772,0.021035681922012883,0.021035681922012883,0.015462151397346413,0.015462151397346413,0.015462151397346413,0.015462151397346524,0.015462151397346302,0.015462151397346524,0.015462151397346302,0.015462151397346524,0.015462151397346413,0.015462151397346302,0.015462151397346524,0.015462151397346302,0.015462151397346524,0.015462151397346413,0.015462151397346302,0.015462151397346413,0.015462151397346524,0.015462151397346413,0.015462151397346413,0.015462151397346635,0.015462151397346302,0.015462151397346302,0.015462151397346524,0.015462151397346302,0.015462151397346524,0.015462151397346302,0.015462151397346524,0.015462151397346302,0.015462151397346302,0.015462151397346746,0.015462151397346302,0.007783783721270643,0.007783783721270643,0.007783783721270643,0.007783783721270643,0.007783783721270643,0.007783783721270643,0.007783783721270643,0.007783783721270643,0.007783783721270643,0.007783783721270643,0.007783783721270643,0.007783783721270643,0.007783783721270421,0.007783783721270865,0.007783783721270421,0.007783783721270865,0.007783783721270421,0.007783783721270865,0.007783783721270643,0.007783783721270643,0.007783783721270643,0.007783783721270643,0.007783783721270643,0.007783783721270643,0.007783783721270643,0.007783783721270643,0.007783783721270643,0.007783783721270643,0.007783783721270643,0.007783783721270643,-0.0021323032208084847,-0.0021323032208084847,-0.0021323032208082626,-0.0021323032208084847,-0.0021323032208084847,-0.0021323032208084847,-0.0021323032208082626,-0.0021323032208084847,-0.0021323032208084847,-0.0021323032208082626,-0.0021323032208084847,-0.0021323032208084847,-0.0021323032208082626,-0.0021323032208084847,-0.0021323032208084847,-0.0021323032208084847,-0.0021323032208082626,-0.0021323032208084847,-0.0021323032208084847,-0.0021323032208082626,-0.0021323032208084847,-0.0021323032208084847,-0.0021323032208082626,-0.0021323032208084847,-0.0021323032208084847,-0.0021323032208084847,-0.0021323032208082626,-0.0021323032208084847,-0.0021323032208084847,-0.0021323032208082626,-0.0021323032208084847,-0.00439054137699868,-0.004390541376998902,-0.004390541376998902,-0.00439054137699868,-0.004390541376998902,-0.00439054137699868,-0.004390541376998902,-0.004390541376998902,-0.00439054137699868,-0.00439054137699868,-0.004390541376998902,-0.004390541376998902,-0.00439054137699868,-0.00439054137699868,-0.004390541376998902,-0.004390541376998902,-0.00439054137699868,-0.004390541376998902,-0.00439054137699868,-0.00439054137699868,-0.004390541376998902,-0.004390541376998902,-0.00439054137699868,-0.00439054137699868,-0.004390541376999124,-0.00439054137699868,-0.00439054137699868,-0.004390541376998902,-0.004390541376998902,-0.00439054137699868,-0.004390541376998902,-0.03287595239389596,-0.03287595239389618,-0.03287595239389596,-0.03287595239389618,-0.03287595239389618,-0.03287595239389618,-0.03287595239389618,-0.03287595239389596,-0.03287595239389618,-0.03287595239389618,-0.03287595239389618,-0.03287595239389618,-0.03287595239389607,-0.03287595239389607,-0.03287595239389607,-0.03287595239389618,-0.03287595239389607,-0.03287595239389618,-0.03287595239389607,-0.03287595239389618,-0.03287595239389607,-0.03287595239389618,-0.032875952393896124,-0.03287595239389618,-0.03287595239389607,-0.03287595239389618,-0.03287595239389601,-0.03287595239389618,-0.03287595239389607,NA,NA,NA
0.09561606118492352,-0.001396851434062485,0.004084766670200232,0.004084766670200218,0.004084766670200218,0.004084766670200218,0.004084766670200218,0.004084766670200232,0.004084766670200218,0.004084766670200218,0.004084766670200218,0.004084766670200218,0.004084766670200246,0.004084766670200191,0.004084766670200246,0.004084766670200218,0.004084766670200218,0.004084766670200218,0.004084766670200246,0.004084766670200218,0.004084766670200218,0.004084766670200191,0.004084766670200218,0.004084766670200218,0.004084766670200274,0.004084766670200218,0.004084766670200218,0.004084766670200218,0.004084766670200218,0.004084766670200191,0.004084766670200246,0.004084766670200218,0.04185490143043216,0.041854901430432245,0.041854901430432134,0.04185490143043219,0.04185490143043219,0.04185490143043219,0.041854901430432245,0.041854901430432134,0.041854901430432245,0.041854901430432134,0.041854901430432134,0.041854901430432245,0.041854901430432245,0.04185490143043202,0.041854901430432245,0.041854901430432134,0.041854901430432134,0.041854901430432356,0.041854901430432134,0.041854901430432134,0.041854901430432134,0.041854901430432356,0.041854901430432134,0.041854901430432134,0.041854901430432356,0.041854901430432134,0.041854901430432134,0.041854901430432134,0.041854901430432134,0.041854901430432134,0.041854901430432356,0.0036378280582511913,0.0036378280582509692,0.0036378280582514133,0.0036378280582509692,0.0036378280582511913,0.0036378280582514133,0.0036378280582509692,0.0036378280582514133,0.0036378280582509692,0.0036378280582511913,0.0036378280582514133,0.0036378280582509692,0.0036378280582511913,0.0036378280582511913,0.0036378280582511913,0.0036378280582511913,0.0036378280582511913,0.0036378280582511913,0.0036378280582509692,0.0036378280582514133,0.0036378280582511913,0.0036378280582509692,0.0036378280582514133,0.0036378280582509692,0.0036378280582514133,0.0036378280582511913,0.0036378280582509692,0.0036378280582514133,0.0036378280582509692,0.0036378280582511913,0.003916309757304504,0.0039163097573042815,0.0039163097573042815,0.0039163097573042815,0.003916309757304504,0.0039163097573042815,0.0039163097573042815,0.003916309757304504,0.0039163097573042815,0.0039163097573042815,0.0039163097573042815,0.003916309757304504,0.0039163097573042815,0.0039163097573042815,0.003916309757304504,0.0039163097573042815,0.0039163097573042815,0.0039163097573042815,0.003916309757304504,0.0039163097573042815,0.0039163097573042815,0.0039163097573042815,0.003916309757304504,0.0039163097573042815,0.0039163097573042815,0.003916309757304504,0.0039163097573042815,0.0039163097573042815,0.0039163097573042815,0.003916309757304504,0.0039163097573042815,-0.02800643533048941,-0.028006435330489188,-0.02800643533048941,-0.02800643533048941,-0.02800643533048941,-0.028006435330489188,-0.02800643533048941,-0.028006435330489188,-0.028006435330489632,-0.02800643533048941,-0.028006435330489188,-0.02800643533048941,-0.028006435330489188,-0.02800643533048941,-0.028006435330489188,-0.02800643533048941,-0.028006435330489188,-0.028006435330489632,-0.028006435330489188,-0.02800643533048941,-0.028006435330489188,-0.02800643533048941,-0.02800643533048941,-0.02800643533048941,-0.02800643533048941,-0.02800643533048941,-0.028006435330489188,-0.0280064353304893,-0.0280064353304893,-0.02800643533048952,-0.0280064353304893,-0.024801103496172927,-0.024801103496172816,-0.024801103496172927,-0.024801103496173038,-0.024801103496172927,-0.024801103496172816,-0.024801103496172927,-0.024801103496172927,-0.024801103496172816,-0.024801103496173038,-0.024801103496172927,-0.024801103496172927,-0.024801103496172927,-0.024801103496172927,-0.024801103496172927,-0.02480110349617287,-0.024801103496172983,-0.02480110349617287,-0.024801103496172927,-0.024801103496172927,-0.02480110349617287,-0.024801103496172983,-0.024801103496172927,-0.024801103496172983,-0.024801103496172927,-0.024801103496172844,-0.024801103496172955,-0.024801103496172955,-0.024801103496172816,-0.024801103496172955,-0.0037984869098129925,-0.0037984869098130064
0.024954086217525324,-9.978463202204857e-4,0.02197106569730055,0.021971065697300556,0.021971065697300562,0.02197106569730055,0.021971065697300535,0.02197106569730059,0.021971065697300535,0.021971065697300535,0.021971065697300562,0.021971065697300507,0.02197106569730059,0.021971065697300562,0.021971065697300507,0.021971065697300618,0.021971065697300507,0.021971065697300507,0.021971065697300562,0.021971065697300562,0.021971065697300562,0.021971065697300507,0.021971065697300562,0.021971065697300562,0.021971065697300562,0.021971065697300673,0.02197106569730045,0.021971065697300562,0.021971065697300562,0.021971065697300562,0.021971065697300562,0.021971065697300562,0.017412912741985975,0.017412912741986086,0.017412912741985975,0.017412912741986086,0.017412912741985975,0.017412912741986086,0.017412912741985975,0.017412912741986086,0.017412912741986086,0.017412912741985975,0.017412912741985975,0.017412912741986086,0.017412912741986086,0.017412912741985864,0.017412912741986086,0.017412912741986086,0.017412912741986086,0.017412912741986086,0.017412912741985975,0.017412912741985975,0.017412912741985975,0.017412912741985975,0.017412912741986197,0.017412912741985975,0.017412912741986197,0.017412912741985975,0.017412912741985975,0.017412912741985975,0.017412912741985975,0.017412912741986197,0.017412912741985975,0.001893223598254723,0.001893223598254723,0.001893223598254723,0.001893223598254723,0.001893223598254723,0.001893223598254723,0.001893223598254723,0.001893223598254501,0.001893223598254945,0.001893223598254723,0.001893223598254501,0.001893223598254723,0.001893223598254945,0.001893223598254501,0.001893223598254723,0.001893223598254723,0.001893223598254723,0.001893223598254723,0.001893223598254723,0.001893223598254723,0.001893223598254723,0.001893223598254723,0.001893223598254501,0.001893223598254945,0.001893223598254723,0.001893223598254501,0.001893223598254723,0.001893223598254945,0.001893223598254501,0.001893223598254723,-0.0010667551919623097,-0.0010667551919618656,-0.0010667551919623097,-0.0010667551919620877,-0.0010667551919623097,-0.0010667551919623097,-0.0010667551919618656,-0.0010667551919623097,-0.0010667551919623097,-0.0010667551919620877,-0.0010667551919623097,-0.0010667551919618656,-0.0010667551919623097,-0.0010667551919623097,-0.0010667551919620877,-0.0010667551919620877,-0.0010667551919620877,-0.0010667551919623097,-0.0010667551919623097,-0.0010667551919620877,-0.0010667551919620877,-0.0010667551919620877,-0.0010667551919623097,-0.0010667551919623097,-0.0010667551919620877,-0.0010667551919620877,-0.0010667551919623097,-0.0010667551919620877,-0.0010667551919623097,-0.0010667551919620877,-0.0010667551919620877,-0.003375464363492009,-0.003375464363492231,-0.003375464363492009,-0.003375464363492231,-0.003375464363492009,-0.003375464363492231,-0.003375464363492009,-0.003375464363492009,-0.003375464363492231,-0.003375464363492009,-0.003375464363492009,-0.003375464363492009,-0.003375464363492231,-0.003375464363492009,-0.003375464363492009,-0.003375464363492231,-0.003375464363492009,-0.003375464363492009,-0.003375464363492009,-0.003375464363492231,-0.003375464363492009,-0.003375464363492009,-0.003375464363492231,-0.003375464363492009,-0.003375464363492231,-0.003375464363492231,-0.003375464363492009,-0.003375464363492009,-0.003375464363492009,-0.003375464363492231,-0.003375464363492009,-0.00748598435883574,-0.007485984358835518,-0.00748598435883574,-0.00748598435883574,-0.007485984358835518,-0.00748598435883574,-0.007485984358835518,-0.00748598435883574,-0.00748598435883574,-0.00748598435883574,-0.00748598435883574,-0.00748598435883574,-0.007485984358835518,-0.00748598435883574,-0.007485984358835518,-0.00748598435883574,-0.00748598435883574,-0.007485984358835518,-0.00748598435883574,-0.00748598435883574,-0.007485984358835629,-0.00748598435883574,-0.00748598435883574,-0.007485984358835518,-0.00748598435883574,-0.007485984358835518,-0.00748598435883574,-0.00748598435883574,-0.007485984358835629,-0.00748598435883574,-0.029593447638109005,-0.029593447638108783
0.125977221274904,4.126161306564069e-4,0.022432887358540432,0.022432887358540432,0.022432887358540432,0.022432887358540432,0.022432887358540432,0.02243288735854046,0.022432887358540377,0.022432887358540488,0.022432887358540377,0.022432887358540488,0.022432887358540377,0.022432887358540543,0.022432887358540377,0.022432887358540488,0.022432887358540377,0.022432887358540488,0.022432887358540377,0.022432887358540432,0.022432887358540432,0.022432887358540543,0.02243288735854032,0.022432887358540432,0.022432887358540543,0.022432887358540432,0.022432887358540432,0.022432887358540432,0.022432887358540432,0.022432887358540432,0.022432887358540432,0.022432887358540432,0.021081200493108687,0.021081200493108687,0.021081200493108687,0.021081200493108687,0.021081200493108687,0.021081200493108798,0.021081200493108687,0.021081200493108576,0.021081200493108687,0.021081200493108687,0.021081200493108687,0.021081200493108687,0.021081200493108687,0.021081200493108687,0.02108120049310891,0.021081200493108687,0.021081200493108465,0.02108120049310891,0.021081200493108465,0.021081200493108687,0.021081200493108687,0.02108120049310891,0.021081200493108687,0.021081200493108687,0.021081200493108687,0.021081200493108465,0.02108120049310891,0.021081200493108465,0.02108120049310891,0.021081200493108687,0.021081200493108687,0.002362168078429816,0.002362168078430038,0.002362168078429816,0.002362168078429816,0.00236216807843026,0.002362168078429816,0.002362168078429816,0.002362168078430038,0.002362168078429816,0.002362168078430038,0.002362168078429816,0.002362168078429816,0.002362168078430038,0.002362168078429816,0.002362168078429816,0.00236216807843026,0.002362168078429816,0.002362168078430038,0.002362168078429816,0.002362168078429816,0.002362168078430038,0.002362168078429816,0.002362168078429816,0.002362168078430038,0.002362168078430038,0.002362168078430038,0.002362168078429816,0.002362168078429816,0.002362168078430038,0.002362168078429816,-0.005895462863851453,-0.005895462863851453,-0.005895462863851453,-0.005895462863851231,-0.005895462863851675,-0.005895462863851453,-0.005895462863851231,-0.005895462863851675,-0.005895462863851453,-0.005895462863851231,-0.005895462863851675,-0.005895462863851231,-0.005895462863851453,-0.005895462863851675,-0.005895462863851231,-0.005895462863851453,-0.005895462863851453,-0.005895462863851453,-0.005895462863851675,-0.005895462863851231,-0.005895462863851453,-0.005895462863851675,-0.005895462863851231,-0.005895462863851453,-0.005895462863851453,-0.005895462863851453,-0.005895462863851453,-0.005895462863851453,-0.005895462863851453,-0.005895462863851231,-0.005895462863851675,-0.013458868978240446,-0.013458868978240668,-0.013458868978240668,-0.013458868978240668,-0.013458868978240446,-0.013458868978240668,-0.013458868978240668,-0.013458868978240446,-0.01345886897824089,-0.013458868978240446,-0.013458868978240668,-0.013458868978240446,-0.013458868978240668,-0.013458868978240668,-0.013458868978240446,-0.01345886897824089,-0.013458868978240446,-0.013458868978240668,-0.013458868978240668,-0.013458868978240446,-0.013458868978240668,-0.013458868978240668,-0.013458868978240668,-0.013458868978240446,-0.013458868978240668,-0.013458868978240668,-0.013458868978240557,-0.013458868978240668,-0.013458868978240557,-0.013458868978240779,-0.013458868978240446,-0.030792480956539636,-0.030792480956539525,-0.030792480956539636,-0.030792480956539525,-0.030792480956539414,-0.030792480956539636,-0.030792480956539636,-0.030792480956539525,-0.030792480956539525,-0.030792480956539525,-0.030792480956539636,-0.030792480956539525,-0.030792480956539636,-0.03079248095653958,-0.030792480956539525,-0.03079248095653958,-0.03079248095653958,-0.03079248095653947,-0.030792480956539636,-0.03079248095653947,-0.030792480956539636,-0.030792480956539525,-0.03079248095653972,-0.030792480956539497,-0.030792480956539636,-0.030792480956539497,-0.03079248095653961,-0.03079248095653951,-0.030792480956539615,-0.030792480956539504,0,0
0.03146938586822829,-0.002244351532342266,0.003318764981064218,0.003318764981064218,0.003318764981064218,0.003318764981064211,0.003318764981064218,0.003318764981064218,0.0033187649810642247,0.003318764981064218,0.003318764981064218,0.003318764981064218,0.003318764981064204,0.0033187649810642317,0.003318764981064204,0.0033187649810642317,0.003318764981064218,0.003318764981064218,0.003318764981064218,0.003318764981064204,0.003318764981064218,0.003318764981064218,0.003318764981064218,0.003318764981064204,0.0033187649810642594,0.003318764981064218,0.003318764981064218,0.003318764981064176,0.003318764981064218,0.003318764981064218,0.0033187649810642317,0.0033187649810642317,0.0439551265418586,0.04395512654185857,0.04395512654185857,0.04395512654185857,0.04395512654185857,0.04395512654185857,0.043955126541858625,0.04395512654185857,0.043955126541858625,0.043955126541858514,0.043955126541858625,0.043955126541858625,0.043955126541858514,0.043955126541858514,0.043955126541858625,0.043955126541858514,0.043955126541858514,0.043955126541858736,0.043955126541858625,0.04395512654185829,0.043955126541858736,0.043955126541858736,0.043955126541858514,0.043955126541858514,0.043955126541858514,0.043955126541858736,0.043955126541858514,0.043955126541858514,0.043955126541858736,0.043955126541858514,0.043955126541858514,0.00983249670532671,0.009832496705326266,0.009832496705326488,0.00983249670532671,0.009832496705326266,0.009832496705326488,0.00983249670532671,0.009832496705326266,0.009832496705326488,0.00983249670532671,0.009832496705326266,0.009832496705326488,0.00983249670532671,0.009832496705326266,0.009832496705326488,0.00983249670532671,0.009832496705326266,0.009832496705326488,0.00983249670532671,0.009832496705326266,0.00983249670532671,0.009832496705326488,0.009832496705326266,0.00983249670532671,0.009832496705326488,0.009832496705326266,0.00983249670532671,0.009832496705326488,0.009832496705326266,0.00983249670532671,-0.004201922493970667,-0.004201922493970667,-0.004201922493970667,-0.004201922493970445,-0.004201922493970667,-0.004201922493970667,-0.004201922493970667,-0.004201922493970889,-0.004201922493970445,-0.004201922493970667,-0.004201922493970667,-0.004201922493970667,-0.004201922493970445,-0.004201922493970667,-0.004201922493970667,-0.004201922493970667,-0.004201922493970667,-0.004201922493970445,-0.004201922493970667,-0.004201922493970667,-0.004201922493970667,-0.004201922493970445,-0.004201922493970889,-0.004201922493970667,-0.004201922493970667,-0.004201922493970667,-0.004201922493970445,-0.004201922493970667,-0.004201922493970667,-0.004201922493970667,-0.004201922493970445,-0.02386197365880305,-0.02386197365880305,-0.02386197365880305,-0.02386197365880305,-0.02386197365880305,-0.02386197365880305,-0.02386197365880305,-0.02386197365880305,-0.02386197365880305,-0.02386197365880305,-0.02386197365880305,-0.02386197365880305,-0.02386197365880305,-0.02386197365880305,-0.02386197365880305,-0.023861973658802826,-0.02386197365880305,-0.02386197365880305,-0.02386197365880305,-0.02386197365880305,-0.02386197365880305,-0.02386197365880327,-0.02386197365880305,-0.023861973658802826,-0.02386197365880305,-0.02386197365880305,-0.02386197365880305,-0.02386197365880316,-0.023861973658802937,-0.02386197365880305,-0.02386197365880305,-0.029796578037125432,-0.02979657803712532,-0.029796578037125432,-0.029796578037125432,-0.02979657803712532,-0.02979657803712532,-0.029796578037125543,-0.02979657803712521,-0.029796578037125432,-0.029796578037125432,-0.02979657803712532,-0.029796578037125432,-0.02979657803712532,-0.029796578037125487,-0.02979657803712532,-0.029796578037125376,-0.029796578037125432,-0.02979657803712532,-0.029796578037125376,-0.029796578037125432,-0.02979657803712532,-0.029796578037125376,-0.029796578037125487,-0.02979657803712535,-0.029796578037125376,-0.02979657803712535,-0.029796578037125487,-0.02979657803712535,-0.029796578037125362,NA,NA,NA
0.07145139143459307,-8.717473977633006e-4,0.016335489028136765,0.016335489028136765,0.016335489028136793,0.01633548902813675,0.01633548902813678,0.01633548902813678,0.01633548902813678,0.01633548902813675,0.01633548902813678,0.01633548902813678,0.01633548902813675,0.016335489028136807,0.016335489028136696,0.016335489028136863,0.01633548902813675,0.01633548902813675,0.01633548902813675,0.01633548902813675,0.016335489028136807,0.01633548902813675,0.01633548902813675,0.016335489028136807,0.016335489028136807,0.016335489028136807,0.016335489028136696,0.016335489028136807,0.016335489028136807,0.01633548902813664,0.01633548902813675,0.016335489028136863,0.02774164819508984,0.027741648195090063,0.02774164819508984,0.02774164819508984,0.027741648195090063,0.02774164819508984,0.027741648195090063,0.02774164819508984,0.02774164819508984,0.027741648195089952,0.027741648195089952,0.02774164819508984,0.027741648195090063,0.02774164819508984,0.02774164819508984,0.027741648195089952,0.02774164819508984,0.027741648195090063,0.02774164819508984,0.027741648195090063,0.02774164819508984,0.027741648195090063,0.02774164819508962,0.027741648195090063,0.02774164819508962,0.027741648195090285,0.027741648195090063,0.02774164819508962,0.027741648195090063,0.02774164819508984,0.027741648195090063,0.0014636620365653386,0.0014636620365651165,0.0014636620365655606,0.0014636620365653386,0.0014636620365653386,0.0014636620365653386,0.0014636620365653386,0.0014636620365653386,0.0014636620365655606,0.0014636620365651165,0.0014636620365653386,0.0014636620365655606,0.0014636620365653386,0.0014636620365651165,0.0014636620365655606,0.0014636620365653386,0.0014636620365651165,0.0014636620365655606,0.0014636620365653386,0.0014636620365653386,0.0014636620365653386,0.0014636620365653386,0.0014636620365653386,0.0014636620365655606,0.0014636620365651165,0.0014636620365653386,0.0014636620365655606,0.0014636620365653386,0.0014636620365651165,0.0014636620365655606,-7.272426956512756e-4,-7.272426956514977e-4,-7.272426956512756e-4,-7.272426956514977e-4,-7.272426956512756e-4,-7.272426956512756e-4,-7.272426956512756e-4,-7.272426956514977e-4,-7.272426956512756e-4,-7.272426956514977e-4,-7.272426956512756e-4,-7.272426956510536e-4,-7.272426956514977e-4,-7.272426956512756e-4,-7.272426956514977e-4,-7.272426956512756e-4,-7.272426956514977e-4,-7.272426956512756e-4,-7.272426956512756e-4,-7.272426956512756e-4,-7.272426956512756e-4,-7.272426956514977e-4,-7.272426956512756e-4,-7.272426956514977e-4,-7.272426956512756e-4,-7.272426956512756e-4,-7.272426956512756e-4,-7.272426956514977e-4,-7.272426956512756e-4,-7.272426956514977e-4,-7.272426956512756e-4,-0.01092165887640184,-0.010921658876401397,-0.01092165887640184,-0.010921658876401619,-0.01092165887640184,-0.010921658876401619,-0.01092165887640184,-0.010921658876401619,-0.01092165887640184,-0.01092165887640184,-0.010921658876401397,-0.01092165887640184,-0.010921658876401619,-0.01092165887640184,-0.010921658876401619,-0.01092165887640184,-0.010921658876401619,-0.01092165887640184,-0.010921658876401619,-0.01092165887640184,-0.010921658876401619,-0.010921658876401619,-0.01092165887640184,-0.010921658876401619,-0.01092165887640184,-0.010921658876401619,-0.01092165887640184,-0.010921658876401619,-0.01092165887640184,-0.010921658876401397,-0.01092165887640184,-0.03222189083921423,-0.03222189083921423,-0.03222189083921423,-0.03222189083921434,-0.03222189083921412,-0.03222189083921423,-0.03222189083921423,-0.03222189083921423,-0.03222189083921423,-0.03222189083921412,-0.03222189083921434,-0.03222189083921412,-0.03222189083921434,-0.03222189083921412,-0.03222189083921423,-0.03222189083921423,-0.03222189083921423,-0.03222189083921412,-0.03222189083921423,-0.03222189083921423,-0.03222189083921423,-0.03222189083921423,-0.03222189083921423,-0.03222189083921423,-0.03222189083921423,-0.03222189083921423,-0.03222189083921423,-0.03222189083921412,-0.03222189083921423,-0.032221890839214284,-0.004412019229535796,-0.004412019229535796
0.07807657958062598,-0.0014627677619741264,0.020389854100844165,0.020389854100844165,0.020389854100844165,0.02038985410084415,0.02038985410084418,0.02038985410084418,0.020389854100844124,0.02038985410084418,0.02038985410084415,0.020389854100844207,0.020389854100844096,0.020389854100844207,0.020389854100844207,0.020389854100844096,0.020389854100844207,0.02038985410084415,0.02038985410084415,0.02038985410084415,0.02038985410084415,0.020389854100844207,0.02038985410084415,0.02038985410084415,0.02038985410084415,0.02038985410084415,0.02038985410084415,0.020389854100844262,0.02038985410084404,0.02038985410084415,0.02038985410084415,0.02038985410084415,0.02014657098407957,0.02014657098407946,0.02014657098407957,0.02014657098407946,0.02014657098407957,0.02014657098407946,0.02014657098407946,0.02014657098407957,0.02014657098407946,0.02014657098407957,0.02014657098407946,0.02014657098407957,0.02014657098407935,0.02014657098407957,0.02014657098407946,0.02014657098407968,0.02014657098407935,0.02014657098407957,0.02014657098407935,0.020146570984079792,0.02014657098407935,0.02014657098407957,0.02014657098407935,0.02014657098407957,0.02014657098407957,0.02014657098407935,0.02014657098407957,0.02014657098407957,0.02014657098407935,0.02014657098407957,0.02014657098407957,0.0025209485360722095,0.0025209485360719874,0.0025209485360722095,0.0025209485360719874,0.0025209485360722095,0.0025209485360722095,0.0025209485360719874,0.0025209485360722095,0.0025209485360719874,0.0025209485360722095,0.0025209485360722095,0.0025209485360719874,0.0025209485360722095,0.0025209485360719874,0.0025209485360722095,0.0025209485360722095,0.0025209485360719874,0.0025209485360722095,0.0025209485360719874,0.0025209485360722095,0.0025209485360722095,0.0025209485360719874,0.0025209485360719874,0.0025209485360719874,0.0025209485360722095,0.0025209485360722095,0.0025209485360719874,0.0025209485360722095,0.0025209485360719874,0.0025209485360722095,-4.034454172057167e-4,-4.0344541720593874e-4,-4.034454172057167e-4,-4.034454172057167e-4,-4.0344541720593874e-4,-4.0344541720593874e-4,-4.034454172057167e-4,-4.034454172057167e-4,-4.034454172057167e-4,-4.0344541720593874e-4,-4.0344541720593874e-4,-4.034454172057167e-4,-4.034454172057167e-4,-4.0344541720593874e-4,-4.034454172057167e-4,-4.0344541720593874e-4,-4.0344541720593874e-4,-4.034454172057167e-4,-4.034454172057167e-4,-4.0344541720593874e-4,-4.034454172057167e-4,-4.0344541720593874e-4,-4.0344541720593874e-4,-4.0344541720549465e-4,-4.0344541720593874e-4,-4.034454172057167e-4,-4.0344541720593874e-4,-4.0344541720593874e-4,-4.0344541720549465e-4,-4.0344541720593874e-4,-4.0344541720593874e-4,-0.005946207105491208,-0.005946207105491652,-0.00594620710549143,-0.00594620710549143,-0.005946207105491652,-0.005946207105491208,-0.00594620710549143,-0.005946207105491652,-0.00594620710549143,-0.00594620710549143,-0.00594620710549143,-0.00594620710549143,-0.005946207105491652,-0.005946207105491208,-0.00594620710549143,-0.005946207105491652,-0.00594620710549143,-0.005946207105491208,-0.005946207105491652,-0.00594620710549143,-0.00594620710549143,-0.005946207105491652,-0.005946207105491208,-0.00594620710549143,-0.005946207105491652,-0.00594620710549143,-0.00594620710549143,-0.00594620710549143,-0.00594620710549143,-0.005946207105491652,-0.005946207105491208,-0.033324930243203266,-0.03332493024320349,-0.033324930243203266,-0.033324930243203266,-0.033324930243203266,-0.03332493024320338,-0.033324930243203266,-0.033324930243203266,-0.03332493024320338,-0.033324930243203155,-0.03332493024320338,-0.033324930243203266,-0.03332493024320338,-0.033324930243203266,-0.033324930243203266,-0.03332493024320338,-0.033324930243203266,-0.033324930243203155,-0.03332493024320338,-0.033324930243203266,-0.03332493024320332,-0.03332493024320332,-0.03332493024320332,-0.03332493024320332,-0.033324930243203266,-0.03332493024320332,-0.03332493024320332,-0.03332493024320321,-0.03332493024320332,-0.03332493024320332,-0.0027336460598857137,-0.002733646059885686
